customer_id,full_name,email,phone,city,registration_date
1,Chandani Chawla,customer1@example.com,6351060664,Surat,2024-08-12
2,Aishani D’Alia,customer2@example.com,9686004258,Pune,2025-07-09
3,Nachiket Magar,customer3@example.com,7865361525,Delhi,2023-09-20
4,Shivansh Oza,customer4@example.com,6926506992,Kolkata,2024-09-28
5,Aishani Tiwari,customer5@example.com,9651449275,Kolkata,2024-04-03
6,Zayan Behl,customer6@example.com,7474637669,Bengaluru,2023-10-29
7,Pallavi Malhotra,customer7@example.com,6441103597,Kolkata,2024-07-07
8,Aarush Nath,customer8@example.com,6719295072,Ahmedabad,2023-02-05
9,Adweta Edwin,customer9@example.com,6501839173,Ahmedabad,2023-03-14
10,Prisha Andra,customer10@example.com,9926394380,Kolkata,2024-02-29
11,Faqid Dixit,customer11@example.com,9316279556,Pune,2024-07-14
12,Kala Divan,customer12@example.com,7498624455,Ahmedabad,2024-03-03
13,Joshua Barman,customer13@example.com,6988451129,Indore,2023-03-08
14,Janya Baral,customer14@example.com,7651802027,Chennai,2023-12-08
15,Shivansh Krish,customer15@example.com,6943326934,Chennai,2025-02-08
16,Irya Ray,customer16@example.com,7367562795,Ahmedabad,2023-04-26
17,Warjas Gaba,customer17@example.com,6916064798,Surat,2024-03-28
18,Nitara Bakshi,customer18@example.com,7515222205,Chandigarh,2025-10-13
19,Gaurangi Sabharwal,customer19@example.com,9519066512,Chandigarh,2024-10-31
20,Amara Dutta,customer20@example.com,9669196061,Delhi,2025-09-06
21,Lavanya Barad,customer21@example.com,7860213351,Ahmedabad,2023-08-25
22,Tristan Iyengar,customer22@example.com,6495279992,Indore,2026-06-25
23,Inaya Mody,customer23@example.com,7482786513,Chennai,2023-10-13
24,Udant Bajwa,customer24@example.com,9648525216,Kolkata,2024-03-31
25,Mohini Narasimhan,customer25@example.com,9237559589,Chandigarh,2025-10-09
26,Ekaraj Mallick,customer26@example.com,9328184544,Lucknow,2025-01-07
27,Yashodhara Ratta,customer27@example.com,7662252136,Surat,2023-04-24
28,Ayaan D’Alia,customer28@example.com,8331078856,Pune,2023-12-07
29,Pranav Lanka,customer29@example.com,8731280819,Nashik,2024-03-24
30,Ikbal Saraf,customer30@example.com,8255804053,Chennai,2026-05-04
31,Dipta Sarin,customer31@example.com,9995545833,Hyderabad,2023-05-23
32,Lekha Gupta,customer32@example.com,6599789865,Bhopal,2023-01-12
33,Chaitanya Sarin,customer33@example.com,8848629149,Surat,2024-11-08
34,Zinal Yohannan,customer34@example.com,7340197765,Nagpur,2026-05-24
35,Januja Sankar,customer35@example.com,8334845107,Chandigarh,2025-12-26
36,Ganga Murthy,customer36@example.com,6198328226,Bhopal,2023-03-14
37,Charita Tripathi,customer37@example.com,8512745169,Pune,2024-07-31
38,Nilima Narain,customer38@example.com,6422824129,Nagpur,2026-05-14
39,Chakrika Datta,customer39@example.com,9556859742,Mumbai,2025-03-03
40,Osha Raghavan,customer40@example.com,9163607605,Lucknow,2025-04-12
41,Charvi Ravi,customer41@example.com,8738502824,Delhi,2023-08-26
42,Daksha Mangat,customer42@example.com,6622963425,Surat,2025-06-20
43,Qushi Nagy,customer43@example.com,9680534808,Pune,2025-07-05
44,Riya Sathe,customer44@example.com,6312727739,Bengaluru,2026-01-07
45,Yasti Solanki,customer45@example.com,8126379085,Surat,2025-11-01
46,Frado Mander,customer46@example.com,9175968554,Chennai,2025-09-15
47,Girik Keer,customer47@example.com,9593054614,Pune,2023-09-11
48,Umang Issac,customer48@example.com,8923699361,Hyderabad,2024-04-11
49,Aryan Batra,customer49@example.com,7118268849,Pune,2025-02-16
50,Vaishnavi Bora,customer50@example.com,6874542294,Bhopal,2026-06-30
51,Oeshi Hayer,customer51@example.com,8420532628,Jaipur,2023-03-24
52,Warda Ratta,customer52@example.com,8863500806,Lucknow,2026-03-25
53,Manbir Ahluwalia,customer53@example.com,9607028064,Chandigarh,2026-01-08
54,Pavani Kanda,customer54@example.com,8341607475,Hyderabad,2025-02-23
55,Zarna Shetty,customer55@example.com,9520975013,Bengaluru,2026-05-29
56,Zaid Dara,customer56@example.com,9764854206,Hyderabad,2026-06-08
57,Kiaan Shetty,customer57@example.com,8209541530,Delhi,2025-02-06
58,Saanvi Thaman,customer58@example.com,8688748796,Lucknow,2023-04-02
59,Sanaya Dutt,customer59@example.com,7813625985,Hyderabad,2024-08-20
60,Shivani Lad,customer60@example.com,8452823956,Chennai,2024-02-09
61,Aradhana Verma,customer61@example.com,6415681804,Kolkata,2024-10-11
62,William Maharaj,customer62@example.com,6954081204,Surat,2023-08-01
63,Faras Mangal,customer63@example.com,6283108255,Hyderabad,2023-12-04
64,Anita Nayak,customer64@example.com,8168080112,Kochi,2023-06-13
65,Faris Devi,customer65@example.com,8505260595,Nashik,2024-11-30
66,Vihaan Rajagopal,customer66@example.com,7420730675,Bengaluru,2023-07-02
67,Tanish Bhatt,customer67@example.com,8640686056,Ahmedabad,2024-09-15
68,Nikita Narayanan,customer68@example.com,6671853424,Nagpur,2024-07-07
69,Ojasvi Bhatia,customer69@example.com,9380920456,Kochi,2023-04-15
70,Osha Ramachandran,customer70@example.com,7905749307,Mumbai,2024-02-29
71,Lajita Sood,customer71@example.com,7874463729,Mumbai,2023-01-29
72,Indira Misra,customer72@example.com,8784419873,Nashik,2023-08-20
73,Oni Yohannan,customer73@example.com,6589341006,Ahmedabad,2025-02-14
74,Vinaya Kanda,customer74@example.com,8553950020,Surat,2025-08-13
75,Rajata Sunder,customer75@example.com,8874072420,Mumbai,2025-07-28
76,Lopa Nayar,customer76@example.com,9464178936,Surat,2025-10-28
77,Noah Sibal,customer77@example.com,6409599852,Nashik,2023-03-28
78,Avi Ramesh,customer78@example.com,9252775696,Delhi,2024-02-12
79,Fiyaz Sangha,customer79@example.com,7299868781,Ahmedabad,2023-05-28
80,Triya Gopal,customer80@example.com,9205886094,Nashik,2026-06-05
81,Abha Raghavan,customer81@example.com,8895408923,Kolkata,2026-05-19
82,Siddharth Sha,customer82@example.com,7522606084,Nashik,2024-07-16
83,Geetika Raghavan,customer83@example.com,9848599433,Ahmedabad,2025-02-11
84,Oviya Krishnan,customer84@example.com,9739524176,Chandigarh,2025-09-18
85,Upma Bahl,customer85@example.com,9635425944,Ahmedabad,2026-05-31
86,Inaya Kapur,customer86@example.com,8983420081,Pune,2023-11-25
87,Banjeet Balasubramanian,customer87@example.com,9593976957,Kochi,2025-08-20
88,Ryan Bahri,customer88@example.com,6718064040,Lucknow,2025-04-15
89,William Date,customer89@example.com,6637874083,Nagpur,2023-08-05
90,Ishwar Kamdar,customer90@example.com,7537578101,Ahmedabad,2024-10-13
91,Aahana Pillay,customer91@example.com,9600362527,Chandigarh,2025-02-19
92,Ishwar Gade,customer92@example.com,8287843081,Pune,2025-06-10
93,Hritik Bal,customer93@example.com,9523189905,Kochi,2025-02-21
94,Keya Ranganathan,customer94@example.com,6641135335,Jaipur,2023-07-02
95,Faqid Kibe,customer95@example.com,9688087981,Indore,2025-04-25
96,Charvi Dara,customer96@example.com,7383239967,Delhi,2023-04-23
97,Idika Walia,customer97@example.com,6136213515,Kolkata,2026-05-30
98,Kamala Biswas,customer98@example.com,7684419476,Bhopal,2026-06-10
99,Advik Salvi,customer99@example.com,7348305901,Ahmedabad,2025-10-18
100,Hitesh Sant,customer100@example.com,9862050762,Indore,2024-10-08
101,Tripti Dua,customer101@example.com,6904825621,Nashik,2023-09-13
102,Patrick Vig,customer102@example.com,7563614721,Surat,2025-05-09
103,Veda Shroff,customer103@example.com,9391135770,Bhopal,2024-06-24
104,Amrita Naidu,customer104@example.com,6801868309,Indore,2023-03-29
105,Gabriel Mallick,customer105@example.com,9580780802,Mumbai,2024-02-25
106,Yagnesh Shetty,customer106@example.com,9685366894,Kolkata,2024-12-03
107,Gayathri Balakrishnan,customer107@example.com,8790837639,Hyderabad,2026-02-25
108,Ekta Gopal,customer108@example.com,9664576770,Chandigarh,2023-12-28
109,Simon Pant,customer109@example.com,9933025506,Bengaluru,2024-03-24
110,Harini Mammen,customer110@example.com,7976326378,Nagpur,2026-06-01
111,Advaith Varughese,customer111@example.com,6379681325,Nagpur,2024-04-17
112,Frederick Khurana,customer112@example.com,6637987183,Pune,2023-08-19
113,Vrinda Khosla,customer113@example.com,9203762851,Jaipur,2025-11-02
114,Vritti Sem,customer114@example.com,7486392377,Nagpur,2024-08-20
115,Girik Menon,customer115@example.com,6147380429,Indore,2024-07-19
116,Nidhi Kohli,customer116@example.com,6606551672,Pune,2025-11-03
117,Jyoti Solanki,customer117@example.com,9739469298,Nashik,2025-11-09
118,Pavani Narayanan,customer118@example.com,9108805586,Chennai,2025-10-11
119,Sudiksha Madan,customer119@example.com,8953026172,Bengaluru,2026-01-29
120,Zayan Kashyap,customer120@example.com,9499622370,Nagpur,2026-03-01
121,Reyansh Mutti,customer121@example.com,7798455508,Hyderabad,2026-03-23
122,Qasim Handa,customer122@example.com,8113822356,Ahmedabad,2025-04-01
123,Veda Malhotra,customer123@example.com,7553089027,Chennai,2023-07-21
124,Harish Hari,customer124@example.com,9754240016,Surat,2023-07-07
125,Utkarsh Patel,customer125@example.com,9143420892,Kolkata,2026-02-16
126,Chasmum Atwal,customer126@example.com,9547266532,Delhi,2024-06-09
127,Anusha Bath,customer127@example.com,9544476157,Bengaluru,2023-12-02
128,Brinda Date,customer128@example.com,7336175953,Pune,2024-06-19
129,Harshil Arora,customer129@example.com,8430962797,Kochi,2023-06-08
130,Upasna Srinivas,customer130@example.com,9249881373,Surat,2023-07-30
131,Harini Gour,customer131@example.com,9187173138,Bengaluru,2025-09-24
132,Zayyan Sridhar,customer132@example.com,9625604189,Surat,2024-03-07
133,Dhruv Rattan,customer133@example.com,8480535953,Kochi,2023-07-02
134,Ethan Bera,customer134@example.com,8320619227,Kochi,2025-04-10
135,Manthan Modi,customer135@example.com,8886465787,Bhopal,2025-02-01
136,Yuvraj Dani,customer136@example.com,6835504784,Surat,2026-02-15
137,Upkaar Virk,customer137@example.com,9253122543,Bengaluru,2023-07-17
138,Shravya Savant,customer138@example.com,7485697869,Bhopal,2025-12-06
139,Pushti Mody,customer139@example.com,8408689032,Nashik,2023-05-04
140,Hardik Johal,customer140@example.com,6892319480,Chandigarh,2024-08-24
141,Aishani Bumb,customer141@example.com,7809932802,Nagpur,2024-05-14
142,Wriddhish Ghose,customer142@example.com,6468551773,Nashik,2025-08-30
143,Naksh Agate,customer143@example.com,7177647696,Surat,2023-09-11
144,Shravya Singhal,customer144@example.com,8871620141,Nagpur,2024-07-16
145,Bachittar Kata,customer145@example.com,6899299492,Hyderabad,2025-07-10
146,Barkha Setty,customer146@example.com,9984844899,Nagpur,2023-02-18
147,Vivaan Lalla,customer147@example.com,8784575650,Kolkata,2024-09-29
148,Pavani Contractor,customer148@example.com,7346016808,Bengaluru,2024-10-02
149,Manthan Lata,customer149@example.com,9664141419,Lucknow,2026-04-20
150,Ekbal Bhasin,customer150@example.com,6396172445,Bengaluru,2023-07-07
151,Damyanti Mani,customer151@example.com,7255854165,Nagpur,2025-05-25
152,Jeet Sidhu,customer152@example.com,8210004150,Kolkata,2026-05-28
153,Neha Magar,customer153@example.com,9194273359,Lucknow,2026-05-28
154,Raksha Buch,customer154@example.com,6214720972,Nagpur,2026-04-20
155,Rachana Naidu,customer155@example.com,6542766563,Indore,2024-08-04
156,Atharv Chand,customer156@example.com,6511975188,Nashik,2024-08-18
157,Ansh Luthra,customer157@example.com,8518086406,Mumbai,2023-07-15
158,Parth Singhal,customer158@example.com,7803471351,Bhopal,2025-12-29
159,Arunima Golla,customer159@example.com,9902396358,Bhopal,2026-05-11
160,Vyanjana Chand,customer160@example.com,6128046417,Lucknow,2024-05-06
161,Ijaya Rege,customer161@example.com,9479087152,Hyderabad,2026-02-28
162,Ekani Cheema,customer162@example.com,6886045372,Indore,2024-01-06
163,Forum Sabharwal,customer163@example.com,7821511294,Mumbai,2024-02-29
164,Bhavya Rattan,customer164@example.com,7362949878,Kolkata,2024-05-04
165,Suhani Chakrabarti,customer165@example.com,9592928572,Kochi,2023-10-16
166,Zayyan Naik,customer166@example.com,9282732842,Pune,2024-07-26
167,Netra Varkey,customer167@example.com,6584902497,Kochi,2024-02-27
168,Turvi Sachdev,customer168@example.com,7516262753,Lucknow,2025-08-23
169,Raghav Vasa,customer169@example.com,7805181717,Hyderabad,2025-04-21
170,Wishi Sathe,customer170@example.com,7580980111,Pune,2026-02-09
171,Samar Loke,customer171@example.com,7274322251,Kolkata,2024-03-10
172,Bhavna Sarma,customer172@example.com,9580761125,Bhopal,2023-12-10
173,Jairaj Balakrishnan,customer173@example.com,8323151807,Nagpur,2024-07-24
174,Nathan Mukhopadhyay,customer174@example.com,9485591327,Kochi,2023-08-31
175,Nikita Chander,customer175@example.com,7117642355,Bengaluru,2024-01-26
176,Ishaan Shenoy,customer176@example.com,9642255847,Bhopal,2023-08-02
177,Mitesh Tara,customer177@example.com,7794151795,Bhopal,2023-08-01
178,Yashodhara Mahajan,customer178@example.com,8944553596,Lucknow,2024-08-26
179,Vasudha Sodhi,customer179@example.com,7103133211,Ahmedabad,2025-09-27
180,Tanmayi Dhillon,customer180@example.com,8325544257,Kochi,2025-11-15
181,Rayaan Trivedi,customer181@example.com,7307636706,Mumbai,2025-12-03
182,Ekaraj Majumdar,customer182@example.com,9966281238,Kolkata,2025-02-12
183,Harini Tripathi,customer183@example.com,8920648644,Nashik,2024-08-23
184,Aarnav Mandal,customer184@example.com,9901970443,Nashik,2023-11-03
185,Vrishti Dixit,customer185@example.com,9213566180,Jaipur,2023-01-08
186,Veda Pai,customer186@example.com,8941129870,Jaipur,2025-12-31
187,Krishna Shah,customer187@example.com,7778410793,Ahmedabad,2023-08-26
188,Ranbir Khare,customer188@example.com,9813111937,Chennai,2025-04-07
189,Vivaan Roy,customer189@example.com,8585763948,Chandigarh,2025-02-13
190,Eesha Solanki,customer190@example.com,9130284261,Nashik,2023-09-16
191,Libni Doshi,customer191@example.com,8891239679,Mumbai,2025-07-17
192,Balhaar Date,customer192@example.com,8371278692,Chandigarh,2024-09-04
193,Harish Sarraf,customer193@example.com,7458475509,Chennai,2023-09-17
194,Tanmayi Aurora,customer194@example.com,9122362925,Jaipur,2024-06-27
195,Nimrat Dubey,customer195@example.com,8625849588,Mumbai,2025-11-05
196,Upasna Lanka,customer196@example.com,7812770819,Surat,2024-10-31
197,Mitali Buch,customer197@example.com,7862312414,Chennai,2025-07-12
198,Lajita Nadig,customer198@example.com,6499562882,Hyderabad,2023-09-04
199,Balendra Biswas,customer199@example.com,6413354131,Bengaluru,2023-12-19
200,Bhavna Karan,customer200@example.com,8904928188,Hyderabad,2025-07-18
201,Radha Chaudhari,customer201@example.com,7575660933,Chennai,2023-09-22
202,Sachi Ganesan,customer202@example.com,6749811393,Indore,2023-07-30
203,Ayush Batra,customer203@example.com,9375139016,Indore,2025-07-31
204,Daksh Memon,customer204@example.com,7436077954,Pune,2024-12-25
205,Kavya Sankar,customer205@example.com,6585087387,Chandigarh,2024-08-10
206,Yash Wali,customer206@example.com,6830654370,Mumbai,2026-05-26
207,Pranit Garde,customer207@example.com,8960500910,Jaipur,2024-06-29
208,Farhan Raja,customer208@example.com,6896739862,Nashik,2023-12-04
209,Widisha Dhar,customer209@example.com,6341359467,Kochi,2026-04-14
210,Triya Kumar,customer210@example.com,8676136098,Bhopal,2025-05-11
211,Aadhya Andra,customer211@example.com,7422569281,Chandigarh,2023-10-16
212,Bhavna Dugar,customer212@example.com,9399106459,Ahmedabad,2024-04-27
213,Riya Pai,customer213@example.com,7554138056,Kolkata,2025-12-06
214,Panini Krishna,customer214@example.com,9412119030,Mumbai,2023-05-04
215,Chasmum Issac,customer215@example.com,9599876281,Delhi,2025-05-04
216,Vasudha Chhabra,customer216@example.com,6331698036,Delhi,2023-05-23
217,Lakshmi Parmer,customer217@example.com,9908763021,Lucknow,2025-08-06
218,Chakrika Bains,customer218@example.com,8346514056,Kochi,2024-04-04
219,Anvi Anand,customer219@example.com,7747545970,Bhopal,2025-04-24
220,Watika Mangat,customer220@example.com,9656210733,Pune,2024-10-07
221,Indira Kanda,customer221@example.com,9665268980,Lucknow,2024-07-03
222,Zashil Devan,customer222@example.com,8324860158,Delhi,2025-04-19
223,Balveer More,customer223@example.com,6836346535,Kochi,2024-08-18
224,Bahadurjit Patla,customer224@example.com,7229009366,Lucknow,2025-05-05
225,Gautam Merchant,customer225@example.com,6281325906,Chandigarh,2024-10-23
226,Ojasvi Gill,customer226@example.com,7956053010,Delhi,2025-08-04
227,Kevin Zacharia,customer227@example.com,8621170637,Surat,2023-10-11
228,Yachana Mahajan,customer228@example.com,8650778491,Jaipur,2025-12-22
229,Aarini Subramaniam,customer229@example.com,9583529101,Bhopal,2024-09-24
230,Hamsini Contractor,customer230@example.com,6274798652,Chennai,2026-02-17
231,Faqid Dhaliwal,customer231@example.com,6298099208,Ahmedabad,2024-11-06
232,Mekhala Pau,customer232@example.com,9245292083,Mumbai,2023-11-16
233,Megha Atwal,customer233@example.com,8418862132,Lucknow,2023-03-30
234,Jatin Sha,customer234@example.com,7524378408,Lucknow,2025-09-27
235,Adweta Raj,customer235@example.com,7820715624,Ahmedabad,2023-03-09
236,Hritik Kaur,customer236@example.com,6478610749,Chandigarh,2026-02-24
237,Aryan Narang,customer237@example.com,7869583371,Chandigarh,2025-05-30
238,Dev Shetty,customer238@example.com,9268194541,Nashik,2025-11-24
239,Nilima Dada,customer239@example.com,9449496595,Hyderabad,2024-10-22
240,Chakradev Barad,customer240@example.com,6240212104,Jaipur,2025-10-09
241,Waida D’Alia,customer241@example.com,7653960151,Kochi,2025-11-24
242,Wahab Yogi,customer242@example.com,9174931500,Mumbai,2024-04-24
243,Lipika Setty,customer243@example.com,9387533387,Bhopal,2023-12-09
244,Oni Dubey,customer244@example.com,7202562350,Indore,2024-03-13
245,Hardik Suri,customer245@example.com,8712132889,Jaipur,2024-06-10
246,Ati Bali,customer246@example.com,6663961650,Ahmedabad,2025-03-30
247,Teerth Sawhney,customer247@example.com,8153102022,Bengaluru,2024-05-19
248,Warinder Patil,customer248@example.com,7257841483,Bengaluru,2023-12-14
249,Jhalak Parmer,customer249@example.com,7192637143,Indore,2024-08-01
250,Mitali Majumdar,customer250@example.com,6181428039,Jaipur,2026-03-31
251,Jason Sha,customer251@example.com,7707652053,Chennai,2026-01-15
252,Simon Bail,customer252@example.com,7296059865,Indore,2024-07-26
253,Gauri Kohli,customer253@example.com,8215166587,Ahmedabad,2023-10-10
254,Samesh Biswas,customer254@example.com,6449382748,Mumbai,2023-12-28
255,Tarak Kaul,customer255@example.com,9575796770,Delhi,2025-01-22
256,Manbir Agate,customer256@example.com,6258945980,Kochi,2025-01-18
257,Maanav De,customer257@example.com,7312587376,Kochi,2025-09-24
258,Owen Choudhary,customer258@example.com,8503403155,Ahmedabad,2026-04-28
259,Karan Aurora,customer259@example.com,7325853780,Mumbai,2025-06-10
260,Wazir Naik,customer260@example.com,8290644021,Nagpur,2024-12-04
261,Owen Lanka,customer261@example.com,6386397783,Jaipur,2024-01-17
262,Jonathan Sama,customer262@example.com,6588932183,Jaipur,2025-03-27
263,Devansh Soni,customer263@example.com,8633531688,Kolkata,2025-03-29
264,Janaki Varghese,customer264@example.com,7961557642,Nashik,2024-02-01
265,Siya Thakur,customer265@example.com,6720949504,Lucknow,2023-05-07
266,Caleb Verma,customer266@example.com,8791580235,Indore,2026-04-06
267,Tara Balasubramanian,customer267@example.com,6135103852,Ahmedabad,2024-08-06
268,Varenya Ratti,customer268@example.com,6416927276,Chandigarh,2024-03-20
269,Hritik Swaminathan,customer269@example.com,9405794297,Kolkata,2024-08-24
270,Ethan Buch,customer270@example.com,8132672748,Lucknow,2024-06-03
271,Manbir Bhatti,customer271@example.com,8622258259,Kochi,2024-03-06
272,Anvi Nair,customer272@example.com,9674833629,Pune,2025-04-29
273,Chaitaly Setty,customer273@example.com,7496360164,Bengaluru,2024-09-30
274,Hardik Contractor,customer274@example.com,9745624944,Ahmedabad,2024-02-16
275,Qushi Seth,customer275@example.com,6923455654,Bhopal,2023-11-28
276,Odika Nori,customer276@example.com,7580692673,Jaipur,2025-08-16
277,Mohini Sagar,customer277@example.com,6762806054,Jaipur,2025-06-28
278,Dhriti Sane,customer278@example.com,8754781953,Chennai,2025-02-09
279,Aadhya Prasad,customer279@example.com,7710474279,Chandigarh,2024-01-22
280,Urvi Bhavsar,customer280@example.com,6838881533,Kochi,2023-09-15
281,Frederick Chander,customer281@example.com,8462462518,Delhi,2023-09-25
282,Gopal Pradhan,customer282@example.com,6349205309,Hyderabad,2025-09-12
283,Darpan Narayan,customer283@example.com,9690096660,Chennai,2023-02-18
284,Nirja Pandya,customer284@example.com,8433352364,Bengaluru,2026-02-04
285,Charan Mani,customer285@example.com,6579930341,Jaipur,2024-01-10
286,Indira Chawla,customer286@example.com,7676554783,Indore,2025-11-19
287,Mohammed Subramaniam,customer287@example.com,8140162344,Indore,2023-07-14
288,Hritik Palla,customer288@example.com,8453040943,Ahmedabad,2025-12-22
289,Ishwar Mallick,customer289@example.com,9909193376,Bengaluru,2024-11-02
290,Pushti Bal,customer290@example.com,9811368347,Pune,2024-11-09
291,Ayush Gole,customer291@example.com,9292321956,Kolkata,2025-07-21
292,Dayamai Nori,customer292@example.com,8763399571,Mumbai,2025-04-12
293,Abeer Golla,customer293@example.com,8683576558,Delhi,2026-05-10
294,Nandini Boase,customer294@example.com,6534908016,Nashik,2023-05-06
295,Azaan Chand,customer295@example.com,9592176289,Hyderabad,2024-07-29
296,Krisha Saini,customer296@example.com,6552084766,Chennai,2026-05-12
297,Harita Dugar,customer297@example.com,8683209516,Delhi,2025-04-16
298,Devika Nair,customer298@example.com,7854356586,Lucknow,2026-03-24
299,Charles Dugal,customer299@example.com,8200296497,Nagpur,2024-03-23
300,Chandran Bumb,customer300@example.com,6268555037,Bhopal,2023-09-19
301,Saanvi Samra,customer301@example.com,7636027259,Hyderabad,2024-04-29
302,Riya Sachdeva,customer302@example.com,9429455611,Chennai,2025-11-24
303,Tanveer Vala,customer303@example.com,6264950092,Kochi,2023-07-20
304,Hemani Sani,customer304@example.com,7699070195,Bhopal,2023-02-28
305,Bhanumati Sur,customer305@example.com,7277844291,Chandigarh,2023-04-19
306,Chakradev Kannan,customer306@example.com,6330689072,Hyderabad,2025-12-28
307,Christopher Amble,customer307@example.com,7459273850,Surat,2024-11-04
308,Charvi Kakar,customer308@example.com,7429917793,Delhi,2023-12-09
309,Aadhya Mann,customer309@example.com,6497061037,Kochi,2026-02-06
310,Jagdish Amble,customer310@example.com,6446554506,Indore,2024-01-18
311,Qushi Gill,customer311@example.com,8809709184,Bengaluru,2023-12-25
312,Lajita Walia,customer312@example.com,8386718817,Surat,2024-04-27
313,Xiti Pandya,customer313@example.com,8239106812,Bengaluru,2023-05-19
314,Mekhala Basak,customer314@example.com,9316850257,Delhi,2023-09-30
315,Anirudh Sharaf,customer315@example.com,8723361876,Hyderabad,2023-04-14
316,Dhriti Sanghvi,customer316@example.com,6284789155,Hyderabad,2024-06-03
317,Omisha Mann,customer317@example.com,8544360501,Pune,2023-03-05
318,Nidhi Bail,customer318@example.com,8636101339,Nashik,2026-03-09
319,Onveer Sharma,customer319@example.com,7248009977,Jaipur,2025-09-03
320,Gaurang Sarkar,customer320@example.com,9119847987,Chandigarh,2025-06-01
321,Yagnesh Sarin,customer321@example.com,8325260214,Chennai,2025-05-13
322,Farhan Randhawa,customer322@example.com,8972836512,Chennai,2026-06-05
323,Harinakshi Kant,customer323@example.com,8148427722,Bhopal,2026-05-24
324,Om Bose,customer324@example.com,8720418996,Kochi,2024-12-04
325,Yashvi Hari,customer325@example.com,8492589038,Bhopal,2025-08-31
326,Indali Divan,customer326@example.com,6961031471,Kolkata,2025-02-10
327,Harshil Dhingra,customer327@example.com,9546513267,Jaipur,2024-05-25
328,Rudra Ghose,customer328@example.com,6516478064,Kochi,2025-07-29
329,Faqid Goel,customer329@example.com,8365854526,Ahmedabad,2025-01-06
330,Ucchal Sen,customer330@example.com,6643710701,Hyderabad,2024-03-18
331,Diya Dora,customer331@example.com,7869904661,Chandigarh,2023-10-14
332,Ekansh Singh,customer332@example.com,7216935561,Delhi,2024-11-13
333,Chavvi Maharaj,customer333@example.com,9333806017,Chandigarh,2023-11-16
334,Indira Tripathi,customer334@example.com,8961789553,Bhopal,2024-11-26
335,Dayita Shenoy,customer335@example.com,9291638854,Kochi,2023-09-21
336,Baljiwan Bhandari,customer336@example.com,8494202403,Kolkata,2024-06-25
337,Bhavini Bose,customer337@example.com,6396479630,Hyderabad,2023-01-25
338,Yashica Rajagopalan,customer338@example.com,9181272708,Ahmedabad,2023-05-21
339,Benjamin Sengupta,customer339@example.com,8677347840,Jaipur,2023-07-07
340,Ekanta Soni,customer340@example.com,8480554343,Pune,2024-06-30
341,David Seshadri,customer341@example.com,7776642175,Lucknow,2025-03-12
342,Hemal Chad,customer342@example.com,8524430946,Chennai,2024-02-18
343,Balveer Kota,customer343@example.com,6949356767,Surat,2025-06-28
344,Reva Viswanathan,customer344@example.com,9880604481,Chennai,2023-02-14
345,Januja Pradhan,customer345@example.com,8495456673,Kochi,2025-07-24
346,Lila Rege,customer346@example.com,7756585740,Pune,2026-04-26
347,Charles Natt,customer347@example.com,8587052577,Bhopal,2023-07-03
348,Forum Chandra,customer348@example.com,9282600918,Delhi,2023-10-22
349,Bhanumati Krishnan,customer349@example.com,6496128038,Kolkata,2025-08-31
350,Gauri Bumb,customer350@example.com,6244608012,Kochi,2023-11-17
351,Inaya Mukherjee,customer351@example.com,8113245462,Kochi,2025-12-12
352,Kai Chad,customer352@example.com,7406798051,Nagpur,2024-06-27
353,Krisha Narasimhan,customer353@example.com,7411534579,Lucknow,2024-10-21
354,Girik Sampath,customer354@example.com,7371823901,Bhopal,2023-02-22
355,Andrew Patil,customer355@example.com,6816364858,Bengaluru,2024-12-03
356,Pranit Kala,customer356@example.com,8781285534,Indore,2025-02-14
357,Vedika Handa,customer357@example.com,8333354314,Pune,2025-04-29
358,Laksh Dubey,customer358@example.com,6390283086,Indore,2025-05-22
359,Chakrika Chaudhuri,customer359@example.com,7241805404,Kochi,2025-09-17
360,Gayathri Deep,customer360@example.com,6369249878,Chennai,2026-03-23
361,Mitesh Gaba,customer361@example.com,6488139397,Ahmedabad,2026-01-16
362,Noah Sarma,customer362@example.com,6455260223,Indore,2023-11-21
363,Nirja Patla,customer363@example.com,6573451072,Nashik,2026-03-26
364,Sachi Mane,customer364@example.com,9408417987,Pune,2023-05-17
365,Vivaan Walla,customer365@example.com,8889489804,Bhopal,2024-09-03
366,Dayamai Singh,customer366@example.com,7646826863,Kochi,2026-01-11
367,Jhalak Sastry,customer367@example.com,6903241657,Hyderabad,2024-11-21
368,Baghyawati Raja,customer368@example.com,9669993178,Mumbai,2024-04-15
369,Neel Iyengar,customer369@example.com,8817058070,Nagpur,2024-09-23
370,Zashil Ben,customer370@example.com,6222146327,Surat,2023-08-23
371,Kamya Chauhan,customer371@example.com,9969904814,Kochi,2024-06-06
372,Bhavani Chacko,customer372@example.com,6236682450,Jaipur,2025-03-03
373,Anjali Sengupta,customer373@example.com,6988198447,Kochi,2025-03-20
374,Rajeshri Chand,customer374@example.com,8992063022,Jaipur,2025-05-20
375,Shravya Palla,customer375@example.com,6324863099,Indore,2023-08-15
376,Oeshi Bera,customer376@example.com,6812094819,Hyderabad,2025-11-02
377,Yadavi Prakash,customer377@example.com,9620385160,Pune,2023-01-31
378,Libni Bumb,customer378@example.com,8659018935,Chennai,2023-11-25
379,Udarsh Bala,customer379@example.com,8562791852,Surat,2026-01-28
380,Hardik Nayak,customer380@example.com,9876561415,Jaipur,2023-06-11
381,Laksh Barad,customer381@example.com,9722051307,Delhi,2023-10-01
382,Urmi Dewan,customer382@example.com,7955623093,Ahmedabad,2025-07-28
383,Saumya Ahluwalia,customer383@example.com,6260673019,Bengaluru,2025-12-24
384,Anirudh Kunda,customer384@example.com,6349503032,Delhi,2023-08-23
385,Mason Wable,customer385@example.com,6175559979,Nagpur,2023-02-18
386,Indrajit Mani,customer386@example.com,7654454692,Nagpur,2023-02-22
387,Charvi Dara,customer387@example.com,7999293008,Pune,2026-01-30
388,William Saini,customer388@example.com,7234955682,Lucknow,2025-05-17
389,Dev Choudhry,customer389@example.com,7232876304,Bhopal,2024-01-22
390,Amol Varma,customer390@example.com,6278914681,Nashik,2026-04-20
391,Maanas Manne,customer391@example.com,6365703251,Chennai,2026-04-26
392,Aarav Pandit,customer392@example.com,8191465831,Chandigarh,2023-04-29
393,Omaja Grover,customer393@example.com,8423649013,Indore,2024-11-28
394,Jalsa Bir,customer394@example.com,7880563876,Jaipur,2023-06-24
395,Madhavi Singhal,customer395@example.com,9452614111,Kolkata,2026-03-03
396,Lila Prakash,customer396@example.com,8177139897,Mumbai,2024-10-26
397,Amol Parikh,customer397@example.com,9392455119,Indore,2024-06-02
398,Hemani Khosla,customer398@example.com,6655146467,Bengaluru,2024-07-08
399,Gaurangi Deol,customer399@example.com,9738062922,Jaipur,2024-09-14
400,Indira Nigam,customer400@example.com,8230464472,Mumbai,2025-02-14
401,Ucchal Srinivas,customer401@example.com,9382157250,Bengaluru,2025-12-04
402,Krishna Bhatnagar,customer402@example.com,7356480379,Pune,2024-05-03
403,Balhaar Memon,customer403@example.com,7453083907,Indore,2024-04-15
404,Caleb Iyengar,customer404@example.com,8251137924,Jaipur,2026-02-01
405,Diya Mukherjee,customer405@example.com,8363253791,Nashik,2024-08-30
406,Urvashi Kulkarni,customer406@example.com,6941096683,Jaipur,2024-06-23
407,Rayaan Mangal,customer407@example.com,6625762585,Nagpur,2026-05-07
408,Champak Narula,customer408@example.com,8436289068,Nagpur,2025-11-14
409,Jeet Pillai,customer409@example.com,6217103047,Surat,2023-09-24
410,Mugdha Sarraf,customer410@example.com,8847883931,Bhopal,2025-12-27
411,Harinakshi Grover,customer411@example.com,6947806126,Mumbai,2024-05-05
412,Widisha Pillai,customer412@example.com,9266700600,Chennai,2024-07-17
413,Fitan Samra,customer413@example.com,7367160817,Jaipur,2024-07-12
414,Qushi Gole,customer414@example.com,7133679364,Kochi,2025-03-04
415,Ekani Chauhan,customer415@example.com,9676706101,Nashik,2023-12-27
416,Falak Merchant,customer416@example.com,8147623905,Chennai,2025-08-03
417,Sanaya Sandhu,customer417@example.com,6619298437,Lucknow,2023-01-15
418,Sachi Panchal,customer418@example.com,7874416685,Lucknow,2024-08-20
419,Brijesh Pandit,customer419@example.com,7589461253,Delhi,2026-05-31
420,Anvi Bhandari,customer420@example.com,9734257900,Ahmedabad,2026-01-21
421,Nidra Patla,customer421@example.com,6688406480,Indore,2026-06-12
422,Azaan Dhar,customer422@example.com,7545752842,Surat,2023-11-27
423,Bakhshi Date,customer423@example.com,7567693224,Indore,2025-05-12
424,Warinder Peri,customer424@example.com,8772910007,Bengaluru,2023-09-29
425,Leela Bali,customer425@example.com,8997491300,Indore,2026-01-18
426,Shivani Prabhakar,customer426@example.com,7155961553,Chennai,2023-10-01
427,Sachi Bose,customer427@example.com,9440984427,Chennai,2023-06-03
428,Jeevika Rao,customer428@example.com,6723654698,Pune,2025-06-01
429,Arya Krish,customer429@example.com,7131397110,Chandigarh,2023-09-02
430,Atharv Grewal,customer430@example.com,7199166685,Surat,2024-06-03
431,Zarna Ram,customer431@example.com,8815543590,Mumbai,2024-05-09
432,Adweta Lad,customer432@example.com,6466823844,Indore,2024-08-15
433,Tanish Mangal,customer433@example.com,6645398747,Bengaluru,2023-03-15
434,Ryan Das,customer434@example.com,8677087658,Nagpur,2026-03-25
435,Ethan Seth,customer435@example.com,7163065654,Ahmedabad,2023-06-19
436,Sai Chahal,customer436@example.com,8116411413,Chandigarh,2024-03-31
437,Idika Bhattacharyya,customer437@example.com,9797648780,Delhi,2024-09-04
438,Charita Dugar,customer438@example.com,9267009544,Nagpur,2026-04-11
439,Janaki Trivedi,customer439@example.com,8292892575,Pune,2026-06-24
440,Jairaj Iyer,customer440@example.com,6681726018,Kolkata,2024-08-23
441,Warjas Tak,customer441@example.com,8962981744,Delhi,2025-09-06
442,Jalsa Pillay,customer442@example.com,7104300915,Kochi,2024-12-18
443,Kai Chadha,customer443@example.com,6753850368,Bengaluru,2025-05-10
444,Dayamai Rao,customer444@example.com,9537243507,Surat,2025-12-17
445,Nirja Rout,customer445@example.com,6267202920,Nashik,2023-11-11
446,Jeremiah Nadig,customer446@example.com,7601524833,Kochi,2026-05-01
447,Shivani Shukla,customer447@example.com,6960965596,Surat,2025-10-12
448,Kabir Gopal,customer448@example.com,9443978930,Nashik,2024-12-09
449,Rachita Thakkar,customer449@example.com,9137693721,Delhi,2024-10-22
450,Jeet Vasa,customer450@example.com,9873535942,Surat,2024-02-07
451,Daksha Gala,customer451@example.com,6827773588,Ahmedabad,2023-11-23
452,Ekantika Kar,customer452@example.com,8696516947,Bengaluru,2024-04-06
453,Zilmil Mander,customer453@example.com,6122802311,Surat,2025-01-23
454,Zashil Hegde,customer454@example.com,8502878575,Chandigarh,2024-07-06
455,Jeremiah Mitter,customer455@example.com,9684297965,Lucknow,2024-09-06
456,Yadavi Ganguly,customer456@example.com,7919413262,Bengaluru,2024-04-19
457,Onveer Nazareth,customer457@example.com,8508249710,Mumbai,2024-02-25
458,Ayush Bumb,customer458@example.com,7202676444,Bengaluru,2023-02-09
459,Alka Kade,customer459@example.com,9751095874,Nagpur,2024-06-19
460,Azaan Tank,customer460@example.com,8295005620,Kochi,2023-10-17
461,Chasmum Subramanian,customer461@example.com,6709129310,Surat,2026-06-25
462,Nidra Mishra,customer462@example.com,6488398588,Jaipur,2023-09-11
463,Elijah Bhasin,customer463@example.com,6961399719,Chennai,2024-11-30
464,Ria Sagar,customer464@example.com,7143338836,Kolkata,2024-01-26
465,Ucchal Jani,customer465@example.com,9106330034,Delhi,2023-07-31
466,Maanas Munshi,customer466@example.com,9358061131,Bhopal,2023-12-08
467,Hemani Rastogi,customer467@example.com,8812723624,Bengaluru,2025-11-27
468,Kamala Varma,customer468@example.com,6112084335,Hyderabad,2023-11-02
469,Eiravati Khurana,customer469@example.com,8343496821,Chandigarh,2023-07-25
470,Jason Loke,customer470@example.com,6661307919,Ahmedabad,2024-05-18
471,Yug Dhaliwal,customer471@example.com,9818639546,Nagpur,2025-07-26
472,Chandresh Mannan,customer472@example.com,6968535946,Jaipur,2023-06-11
473,Omya Kothari,customer473@example.com,9955594543,Kochi,2023-01-10
474,Falak Munshi,customer474@example.com,6658093946,Bhopal,2024-03-11
475,Nathaniel Tara,customer475@example.com,7231992304,Hyderabad,2025-07-05
476,Wishi Morar,customer476@example.com,6885656296,Bengaluru,2026-04-29
477,Arin Chana,customer477@example.com,9873934862,Pune,2025-06-13
478,Yashasvi Shankar,customer478@example.com,8329858501,Kolkata,2026-01-24
479,Tanveer Pandit,customer479@example.com,8637408889,Bhopal,2025-10-21
480,Chandresh Manda,customer480@example.com,7345117690,Kochi,2023-06-16
481,Upma Mangal,customer481@example.com,6467694085,Jaipur,2024-11-11
482,Hritik Sankar,customer482@example.com,6964017982,Delhi,2023-09-02
483,Aishani Pau,customer483@example.com,9366600622,Indore,2024-07-14
484,Jasmit Bath,customer484@example.com,6660569282,Mumbai,2023-04-19
485,Charan Hayer,customer485@example.com,7168985200,Bengaluru,2026-01-28
486,Bhavya Borah,customer486@example.com,9634220194,Nashik,2025-04-30
487,Yamini Seshadri,customer487@example.com,7597837856,Lucknow,2024-05-02
488,Jagat Dave,customer488@example.com,9979914298,Bengaluru,2024-11-04
489,Meera Prakash,customer489@example.com,6247276768,Chennai,2025-07-13
490,Jasmit Dhawan,customer490@example.com,6583787141,Mumbai,2026-04-06
491,Yashodhara Ratti,customer491@example.com,9314763327,Surat,2025-09-26
492,Chakradev Barad,customer492@example.com,9665711738,Indore,2024-10-20
493,Gauri Som,customer493@example.com,9271994262,Bengaluru,2026-01-17
494,Manthan Varma,customer494@example.com,9102009606,Hyderabad,2025-11-11
495,Falak Nagar,customer495@example.com,7455753743,Delhi,2026-05-14
496,Maya Mistry,customer496@example.com,9322633083,Chandigarh,2025-10-11
497,Yashica Upadhyay,customer497@example.com,7704225076,Indore,2023-04-23
498,Chandani Soman,customer498@example.com,8794304907,Hyderabad,2023-11-27
499,Jyoti Narula,customer499@example.com,6649689243,Mumbai,2025-06-20
500,Omaja Morar,customer500@example.com,7244997434,Hyderabad,2025-04-25
501,Urvi Lanka,customer501@example.com,6896475410,Chandigarh,2025-11-22
502,Charan Srinivasan,customer502@example.com,8343033537,Hyderabad,2024-12-26
503,Lajita Divan,customer503@example.com,9708744588,Kolkata,2024-07-12
504,Azad Choudhary,customer504@example.com,8599036374,Kolkata,2026-01-12
505,Anirudh Sastry,customer505@example.com,6149309063,Nagpur,2023-08-03
506,Omya Doshi,customer506@example.com,6542902849,Nagpur,2023-08-06
507,Samar Roy,customer507@example.com,9759711293,Hyderabad,2024-06-01
508,David Devi,customer508@example.com,7978554585,Hyderabad,2024-11-11
509,Ekta Sridhar,customer509@example.com,8184629168,Kochi,2024-02-29
510,Dipta Ghose,customer510@example.com,8553044610,Kolkata,2026-05-12
511,Hema Pandya,customer511@example.com,6179601871,Pune,2025-02-16
512,Veda Handa,customer512@example.com,7718225817,Chennai,2024-08-08
513,Arya Misra,customer513@example.com,7393492755,Bhopal,2023-08-07
514,Chameli Mani,customer514@example.com,8631067475,Indore,2024-07-06
515,Vrinda Nadig,customer515@example.com,7708304436,Pune,2024-01-02
516,Ikshita Mahal,customer516@example.com,7103835598,Delhi,2025-03-12
517,Jairaj Raghavan,customer517@example.com,9572478255,Mumbai,2023-03-14
518,Hemani Dhingra,customer518@example.com,8519482107,Bengaluru,2025-01-14
519,Brijesh Mani,customer519@example.com,6602794834,Bengaluru,2023-09-15
520,Hiral Sathe,customer520@example.com,6936385870,Nagpur,2026-03-23
521,Varenya Kala,customer521@example.com,6970300538,Chandigarh,2024-10-23
522,Anika Magar,customer522@example.com,7630663837,Bengaluru,2026-06-25
523,Ikbal Khatri,customer523@example.com,9647550656,Surat,2023-01-25
524,Chandresh Wali,customer524@example.com,9900011270,Surat,2025-05-30
525,Viraj Ben,customer525@example.com,9914547026,Jaipur,2025-03-27
526,Odika Narayanan,customer526@example.com,7909775721,Surat,2026-01-01
527,Harish Devan,customer527@example.com,9808646053,Chennai,2025-07-16
528,Nakul Ray,customer528@example.com,7888482101,Nagpur,2024-10-18
529,Vansha Iyengar,customer529@example.com,9462071380,Delhi,2024-11-20
530,Ekani Mangal,customer530@example.com,8388846467,Bhopal,2026-02-24
531,Gaurav Kata,customer531@example.com,8138887321,Jaipur,2024-01-14
532,Parth Sahni,customer532@example.com,8691366520,Kochi,2025-07-03
533,Balhaar Ranganathan,customer533@example.com,7976279276,Nagpur,2025-11-30
534,Quincy Mann,customer534@example.com,6647479702,Kochi,2023-02-08
535,Aditya Misra,customer535@example.com,9555142112,Bhopal,2026-02-08
536,Gautami Mane,customer536@example.com,9792212513,Nashik,2023-03-10
537,Wakeeta Desai,customer537@example.com,6850638001,Nashik,2023-10-23
538,Anjali Hans,customer538@example.com,8507176719,Mumbai,2025-08-20
539,Ganga Gaba,customer539@example.com,8480069513,Chandigarh,2023-12-04
540,Aarini Grewal,customer540@example.com,8243042878,Bengaluru,2024-09-30
541,Geetika Merchant,customer541@example.com,8601581769,Lucknow,2024-08-11
542,Parth Ravi,customer542@example.com,8192122861,Mumbai,2025-05-19
543,Yutika Narang,customer543@example.com,7862338000,Lucknow,2024-11-21
544,Nandini Chandran,customer544@example.com,8264634456,Chennai,2026-01-01
545,Logan Sood,customer545@example.com,9608734235,Kochi,2023-10-22
546,Yuvraj Ahuja,customer546@example.com,6250357841,Hyderabad,2025-05-14
547,Leela Keer,customer547@example.com,6631385913,Pune,2024-07-21
548,Amara Narayan,customer548@example.com,7926976675,Chennai,2023-12-29
549,Advay Lal,customer549@example.com,6245974606,Nashik,2026-06-29
550,Warinder Bhatia,customer550@example.com,8282034069,Pune,2023-04-02
551,Udyati Mohanty,customer551@example.com,7194117048,Nashik,2024-05-26
552,Nidra Thakkar,customer552@example.com,7111301119,Bengaluru,2026-05-13
553,Jacob Merchant,customer553@example.com,7221595991,Nashik,2023-05-15
554,Timothy Kanda,customer554@example.com,6162022454,Bhopal,2025-09-14
555,Vanya Dua,customer555@example.com,7766466033,Lucknow,2025-10-23
556,Kashvi Sagar,customer556@example.com,7785014053,Mumbai,2023-05-01
557,Tejas Kota,customer557@example.com,6897346505,Hyderabad,2025-10-04
558,Sanya Wable,customer558@example.com,8375417708,Kolkata,2025-05-09
559,Faras Choudhury,customer559@example.com,9268308804,Delhi,2023-10-30
560,Yashasvi Jain,customer560@example.com,9930245146,Bengaluru,2026-02-26
561,Nitesh Narang,customer561@example.com,8120969112,Nagpur,2023-11-08
562,Jackson Jha,customer562@example.com,8803466015,Surat,2023-10-04
563,Gavin Uppal,customer563@example.com,9667865965,Hyderabad,2024-07-20
564,Christopher Setty,customer564@example.com,7920857638,Nagpur,2026-04-15
565,Yochana Sagar,customer565@example.com,6540526036,Mumbai,2025-04-27
566,Dalbir Shere,customer566@example.com,7329227506,Jaipur,2025-04-08
567,Anthony Randhawa,customer567@example.com,8932635541,Delhi,2023-04-19
568,Aarush Kamdar,customer568@example.com,7677142870,Hyderabad,2024-02-29
569,Chakradev Sampath,customer569@example.com,8806591133,Indore,2024-04-09
570,Devansh Bhasin,customer570@example.com,6998460910,Jaipur,2025-04-04
571,Urmi Balay,customer571@example.com,9604878998,Lucknow,2024-10-14
572,Nilima Gole,customer572@example.com,8108556135,Kochi,2025-12-04
573,Osha Prasad,customer573@example.com,6269359979,Pune,2024-08-19
574,Saumya Purohit,customer574@example.com,7182158288,Mumbai,2025-11-07
575,Faris Zacharia,customer575@example.com,9704969897,Nashik,2024-09-29
576,Ijaya Dani,customer576@example.com,7547841929,Lucknow,2024-05-13
577,Maya Wadhwa,customer577@example.com,7182568904,Bengaluru,2025-10-16
578,Udant Aggarwal,customer578@example.com,7816963494,Nashik,2026-06-11
579,Chanchal Sheth,customer579@example.com,7175594878,Bhopal,2023-09-04
580,Ladli Karpe,customer580@example.com,7408860567,Bhopal,2023-05-27
581,Triveni Pal,customer581@example.com,8116600352,Jaipur,2023-12-29
582,Anya Gulati,customer582@example.com,8868706754,Mumbai,2025-08-15
583,Azad Saini,customer583@example.com,8115438825,Ahmedabad,2023-11-26
584,Wridesh Jhaveri,customer584@example.com,8300511628,Pune,2024-03-24
585,Harrison Bandi,customer585@example.com,7195096924,Mumbai,2025-01-27
586,Chanakya Konda,customer586@example.com,9553711280,Surat,2023-08-27
587,Neelima Sarna,customer587@example.com,9924950041,Kolkata,2023-09-02
588,Teerth Bhalla,customer588@example.com,6709281348,Kolkata,2023-01-17
589,Yahvi Mann,customer589@example.com,8198727225,Delhi,2023-11-01
590,Eiravati Nagi,customer590@example.com,6213770688,Kolkata,2025-03-27
591,Chasmum Dhar,customer591@example.com,6844087802,Nashik,2024-06-12
592,Odika Mital,customer592@example.com,9114054779,Nashik,2026-05-15
593,Darsh Gill,customer593@example.com,9111331383,Jaipur,2026-03-13
594,Warhi Batta,customer594@example.com,6647120491,Chandigarh,2026-01-21
595,Lakshmi Vohra,customer595@example.com,8964551629,Jaipur,2025-08-04
596,Omaja Rege,customer596@example.com,6669340332,Pune,2023-12-05
597,Charita Puri,customer597@example.com,6786074797,Nashik,2025-06-17
598,Urvashi Khosla,customer598@example.com,7751864498,Ahmedabad,2024-06-25
599,Charita Dhawan,customer599@example.com,7387649503,Chandigarh,2024-01-19
600,Dalbir Sachar,customer600@example.com,9880495598,Chennai,2024-06-17
601,Krish Rama,customer601@example.com,9520597070,Ahmedabad,2023-07-04
602,Aadhya Jani,customer602@example.com,6961048913,Kochi,2025-01-01
603,Farhan Sengupta,customer603@example.com,6888007246,Surat,2025-04-13
604,George Wason,customer604@example.com,6943475266,Nagpur,2024-06-15
605,Charan Loyal,customer605@example.com,9565612839,Lucknow,2023-01-03
606,Balveer Bora,customer606@example.com,8613171003,Bengaluru,2023-02-28
607,Teerth Srinivas,customer607@example.com,9135921754,Nashik,2025-04-22
608,Gaurangi Mitter,customer608@example.com,7496535039,Pune,2026-06-12
609,Siddharth Gupta,customer609@example.com,9666887070,Jaipur,2024-07-14
610,Varenya Kibe,customer610@example.com,6545296119,Pune,2026-02-21
611,Mekhala Khatri,customer611@example.com,6447957155,Chandigarh,2024-12-19
612,Barkha Rai,customer612@example.com,7306297401,Jaipur,2026-03-05
613,Jagrati Morar,customer613@example.com,8835115748,Kochi,2025-03-17
614,Jagvi Varghese,customer614@example.com,6686779194,Indore,2026-05-19
615,Unnati Chaudhari,customer615@example.com,8703054299,Jaipur,2024-08-05
616,Ekaja Jani,customer616@example.com,9137432022,Kochi,2025-07-13
617,Dhriti Sachdev,customer617@example.com,6761995071,Delhi,2025-09-17
618,Timothy Dhingra,customer618@example.com,7438472420,Bengaluru,2025-05-07
619,Advika Sahni,customer619@example.com,7808545980,Indore,2025-07-26
620,Michael Hayre,customer620@example.com,9480125799,Chandigarh,2023-09-24
621,Victor Raghavan,customer621@example.com,6578947713,Ahmedabad,2025-12-18
622,Xalak Nazareth,customer622@example.com,7130320939,Indore,2025-01-03
623,Vrinda Swaminathan,customer623@example.com,9430590800,Bhopal,2024-01-30
624,Om Pandey,customer624@example.com,8408511577,Indore,2024-05-28
625,Logan Suresh,customer625@example.com,9311925053,Kochi,2025-03-01
626,Daniel Viswanathan,customer626@example.com,8912042917,Bhopal,2024-05-19
627,Falan Bava,customer627@example.com,7183802796,Mumbai,2026-05-30
628,Nitara Devan,customer628@example.com,6764470426,Lucknow,2023-06-05
629,Ekansh Dora,customer629@example.com,7371185481,Kolkata,2025-05-17
630,Tejas Tiwari,customer630@example.com,8220367491,Bhopal,2025-09-25
631,Kashvi Bhasin,customer631@example.com,9479610451,Chennai,2025-06-05
632,Vinaya Babu,customer632@example.com,6883171099,Indore,2023-12-06
633,Nisha Arora,customer633@example.com,6141130558,Mumbai,2024-01-27
634,Anvi Wason,customer634@example.com,6654848660,Chennai,2024-06-17
635,Anay Thakkar,customer635@example.com,8346261252,Delhi,2024-08-30
636,Praneel Chhabra,customer636@example.com,7245051311,Lucknow,2025-04-07
637,Manthan Khosla,customer637@example.com,8160993015,Lucknow,2025-06-20
638,Zayyan Pandya,customer638@example.com,6423907813,Ahmedabad,2024-03-30
639,Mekhala Brar,customer639@example.com,7988361852,Mumbai,2023-11-27
640,Nidra Sharaf,customer640@example.com,8888431804,Indore,2024-11-18
641,Upkaar Mital,customer641@example.com,8405639774,Nagpur,2025-03-09
642,Azad Chander,customer642@example.com,6196318451,Surat,2023-09-10
643,Ladli Purohit,customer643@example.com,7369629438,Nashik,2024-04-03
644,Daksh Andra,customer644@example.com,6167615317,Chandigarh,2024-05-22
645,Fitan Tata,customer645@example.com,9631472497,Lucknow,2023-06-15
646,Garima Chandran,customer646@example.com,9669704118,Bengaluru,2025-09-18
647,Victor Kakar,customer647@example.com,7372280930,Nashik,2023-07-26
648,Anika Batra,customer648@example.com,6591487060,Chandigarh,2024-05-29
649,Avni Bali,customer649@example.com,8447679256,Nagpur,2026-02-22
650,Divya Babu,customer650@example.com,7990763337,Nashik,2023-03-09
651,Maanas Rao,customer651@example.com,6398433583,Nashik,2024-07-26
652,Chandani Gaba,customer652@example.com,7621778145,Nashik,2023-07-30
653,Lopa Zachariah,customer653@example.com,8929183636,Hyderabad,2024-11-25
654,Leena Dey,customer654@example.com,7333706608,Bengaluru,2025-02-18
655,Xiti Pal,customer655@example.com,6117196045,Chennai,2023-06-19
656,Guneet Sarkar,customer656@example.com,6850701457,Nashik,2023-10-15
657,Faqid Oak,customer657@example.com,6665404587,Nashik,2026-03-24
658,Eta Balan,customer658@example.com,7208612041,Jaipur,2024-07-24
659,Shravya Swaminathan,customer659@example.com,9358808646,Mumbai,2025-07-06
660,Ishani Prashad,customer660@example.com,9981065931,Bhopal,2023-07-12
661,Quincy Rai,customer661@example.com,6475238748,Bhopal,2024-02-10
662,Chakrika Koshy,customer662@example.com,7182226579,Lucknow,2024-03-05
663,Fitan Loyal,customer663@example.com,6571146870,Chandigarh,2024-03-09
664,Lajita Dube,customer664@example.com,8478622731,Nashik,2025-12-18
665,Edhitha Patel,customer665@example.com,8697138587,Chennai,2026-02-15
666,Gavin Ahluwalia,customer666@example.com,6462923841,Surat,2026-04-22
667,Sai Parsa,customer667@example.com,7712366145,Kochi,2025-03-15
668,Harsh Deo,customer668@example.com,8323292565,Ahmedabad,2025-05-25
669,Rachit Sankar,customer669@example.com,6844468775,Ahmedabad,2024-10-21
670,Yauvani Reddy,customer670@example.com,9599566931,Kochi,2025-09-12
671,Atharv Chakraborty,customer671@example.com,7783094845,Chandigarh,2024-09-19
672,Girik Nair,customer672@example.com,6684516846,Chandigarh,2024-06-02
673,Advik Manne,customer673@example.com,8315063766,Chandigarh,2025-08-09
674,Lipika Chad,customer674@example.com,8961368498,Jaipur,2023-03-29
675,Omkaar Rai,customer675@example.com,7921248464,Hyderabad,2023-07-31
676,Liam Luthra,customer676@example.com,8518277982,Ahmedabad,2026-05-31
677,Amrita Tailor,customer677@example.com,9518789755,Lucknow,2025-06-03
678,Dev Ganesh,customer678@example.com,9709426217,Kochi,2025-08-02
679,Anya Sama,customer679@example.com,8269262177,Lucknow,2025-07-13
680,Veda Bose,customer680@example.com,7337178929,Indore,2025-12-30
681,Zayan Koshy,customer681@example.com,9819368755,Nagpur,2024-12-28
682,Rohan Shankar,customer682@example.com,9139911037,Hyderabad,2025-02-21
683,Krishna Modi,customer683@example.com,9221841719,Ahmedabad,2024-08-06
684,Meghana Natarajan,customer684@example.com,7660840895,Nashik,2023-12-26
685,Forum Sarraf,customer685@example.com,8596479771,Nagpur,2025-06-22
686,Qushi Deshpande,customer686@example.com,6325395724,Bengaluru,2025-12-08
687,Ekani Iyer,customer687@example.com,7353504597,Hyderabad,2023-02-05
688,Dipta Goel,customer688@example.com,8765399166,Chennai,2026-05-31
689,Eiravati Manne,customer689@example.com,8325140086,Pune,2025-02-28
690,Xavier Nanda,customer690@example.com,9769932733,Lucknow,2023-01-11
691,Avni Ramaswamy,customer691@example.com,7123659943,Chennai,2024-03-28
692,Ishaan Iyengar,customer692@example.com,9632569442,Lucknow,2026-02-25
693,Avi Shenoy,customer693@example.com,6342508766,Kochi,2026-02-09
694,Raksha Manne,customer694@example.com,6824162743,Nagpur,2025-04-04
695,Nilima Tata,customer695@example.com,7516879704,Jaipur,2023-08-14
696,Chavvi Khurana,customer696@example.com,9805240976,Indore,2024-11-18
697,Mitesh Sampath,customer697@example.com,8263306302,Bhopal,2023-04-16
698,Ethan Sen,customer698@example.com,6165113119,Surat,2024-11-09
699,Nandini Warrior,customer699@example.com,9167960025,Ahmedabad,2024-01-28
700,Balhaar Parsa,customer700@example.com,9770251208,Surat,2025-09-07
701,Ikbal Kothari,customer701@example.com,9903327013,Indore,2024-03-22
702,Ojas Basu,customer702@example.com,6571564514,Kolkata,2026-05-19
703,Garima Sani,customer703@example.com,8952682534,Chandigarh,2023-02-17
704,Advaith Chaudhari,customer704@example.com,6700796012,Ahmedabad,2023-07-06
705,Tristan Uppal,customer705@example.com,6143586949,Kochi,2025-04-28
706,Sanaya Prasad,customer706@example.com,6155392443,Surat,2025-09-05
707,Ubika Tella,customer707@example.com,9326182694,Bengaluru,2023-09-27
708,Hemani Bakshi,customer708@example.com,9226340282,Surat,2025-12-31
709,Henry Merchant,customer709@example.com,9895730139,Chennai,2024-04-30
710,Frederick D’Alia,customer710@example.com,9885282284,Delhi,2023-02-22
711,Ijaya Muni,customer711@example.com,9253362837,Pune,2025-01-27
712,Tamanna Jhaveri,customer712@example.com,9352397814,Chennai,2024-08-30
713,Ijaya Soni,customer713@example.com,7112019231,Chennai,2023-03-13
714,Raksha Sethi,customer714@example.com,9473736122,Delhi,2025-06-24
715,Ekalinga Mital,customer715@example.com,8508540958,Kochi,2026-01-04
716,Ishwar Bajaj,customer716@example.com,7842018392,Hyderabad,2023-12-15
717,Ikbal Gala,customer717@example.com,8186217428,Jaipur,2026-02-24
718,Zaitra Ghosh,customer718@example.com,8156896917,Kolkata,2025-01-31
719,Ganga Sandhu,customer719@example.com,6618269566,Surat,2024-01-23
720,Vincent Ravel,customer720@example.com,9643443443,Kochi,2025-07-26
721,Quincy Sankaran,customer721@example.com,7166014115,Kochi,2024-12-17
722,Ayush Hora,customer722@example.com,8956868812,Mumbai,2024-04-25
723,Pushti Ramachandran,customer723@example.com,7952563674,Ahmedabad,2025-12-17
724,Tanish Jha,customer724@example.com,9991381511,Lucknow,2023-04-19
725,Dev Chaudry,customer725@example.com,8486323212,Bhopal,2023-11-11
726,Jasmit Nanda,customer726@example.com,9145422040,Kochi,2026-06-06
727,Tanvi Comar,customer727@example.com,7873030609,Pune,2025-06-05
728,Vrishti Wable,customer728@example.com,6183532383,Kolkata,2025-07-01
729,Lipika Ramanathan,customer729@example.com,7833186828,Lucknow,2024-05-12
730,Ijaya Pandey,customer730@example.com,8729644112,Chandigarh,2026-04-09
731,Orinder Mishra,customer731@example.com,6142322633,Bhopal,2025-07-24
732,Krish Munshi,customer732@example.com,6908220979,Mumbai,2024-04-23
733,William Mody,customer733@example.com,6297600299,Bhopal,2024-10-10
734,Qadim Prakash,customer734@example.com,7469397535,Nashik,2025-01-08
735,Yasti Rama,customer735@example.com,6579288269,Mumbai,2023-05-20
736,Lakshit Rajagopal,customer736@example.com,9840312730,Ahmedabad,2025-10-13
737,Quincy Sur,customer737@example.com,6575756650,Indore,2026-04-28
738,Ojas Suri,customer738@example.com,7338478194,Nagpur,2026-06-09
739,Logan Grover,customer739@example.com,8750754910,Kolkata,2023-05-19
740,Shravya Bera,customer740@example.com,9342477561,Mumbai,2023-09-30
741,Aditya Sundaram,customer741@example.com,8861734711,Ahmedabad,2025-01-02
742,Robert Rajagopalan,customer742@example.com,6430105023,Chennai,2024-01-25
743,Nilima Swamy,customer743@example.com,6240879792,Ahmedabad,2024-05-13
744,Sachi Suresh,customer744@example.com,9229295152,Nashik,2023-08-15
745,Fitan Balasubramanian,customer745@example.com,8278237543,Pune,2026-03-18
746,Brinda Bali,customer746@example.com,7866651538,Kochi,2025-05-20
747,Umang Yogi,customer747@example.com,9521375937,Chennai,2023-07-03
748,Om Shankar,customer748@example.com,8127188467,Hyderabad,2026-02-16
749,Yasti Chowdhury,customer749@example.com,8485560227,Kochi,2026-05-26
750,Amrita Peri,customer750@example.com,9864993081,Surat,2023-02-27
751,Ridhi Kamdar,customer751@example.com,9626947574,Jaipur,2025-09-03
752,Harsh Kota,customer752@example.com,8365770169,Lucknow,2024-11-30
753,Bachittar Sengupta,customer753@example.com,7439042151,Delhi,2023-09-09
754,Ijaya Chahal,customer754@example.com,7501092817,Mumbai,2025-03-06
755,Jacob Khalsa,customer755@example.com,6896649918,Ahmedabad,2025-03-26
756,Indali Sangha,customer756@example.com,9626171855,Ahmedabad,2024-04-04
757,Liam Jhaveri,customer757@example.com,7365465323,Bengaluru,2024-01-05
758,Daniel Panchal,customer758@example.com,8799181967,Jaipur,2025-07-11
759,Om Naik,customer759@example.com,8746273495,Indore,2023-07-03
760,Bimala Loke,customer760@example.com,6801079038,Surat,2024-10-15
761,Krishna Sabharwal,customer761@example.com,7121588887,Delhi,2025-03-12
762,Aradhana Date,customer762@example.com,6105055769,Nagpur,2024-05-24
763,Zaid Dhingra,customer763@example.com,7861035986,Ahmedabad,2025-07-04
764,Yug Ramaswamy,customer764@example.com,8130271417,Hyderabad,2023-06-01
765,Lucky Luthra,customer765@example.com,8593760616,Kochi,2024-04-08
766,Keya Seth,customer766@example.com,8293584259,Indore,2023-06-11
767,Girik Rau,customer767@example.com,8559807087,Chandigarh,2023-03-28
768,Jyoti Sha,customer768@example.com,7916992130,Pune,2023-05-09
769,Falak Agate,customer769@example.com,9614928341,Kochi,2023-05-29
770,Tara Parmar,customer770@example.com,9262973989,Mumbai,2024-03-21
771,Mitali Kamdar,customer771@example.com,9889603629,Lucknow,2026-03-12
772,Siddharth Talwar,customer772@example.com,7754609008,Hyderabad,2025-11-14
773,Ekantika Mander,customer773@example.com,9165184214,Chandigarh,2025-05-24
774,Kalpit Sundaram,customer774@example.com,7199398503,Delhi,2023-04-01
775,Chanakya Batra,customer775@example.com,9742178289,Delhi,2023-07-11
776,Tripti Babu,customer776@example.com,9428784374,Kochi,2023-05-18
777,Nakul Sastry,customer777@example.com,7430099948,Hyderabad,2023-07-22
778,Aadi Sangha,customer778@example.com,9495858362,Hyderabad,2023-11-07
779,Kevin Mittal,customer779@example.com,6388768584,Chennai,2026-06-14
780,Anusha Chander,customer780@example.com,6957727335,Pune,2025-01-21
781,Zashil Butala,customer781@example.com,9543519819,Nashik,2025-03-29
782,Noah Ben,customer782@example.com,8363091135,Ahmedabad,2024-12-17
783,Dalaja Kaur,customer783@example.com,8237657017,Jaipur,2025-06-11
784,Gavin Chandran,customer784@example.com,6993048246,Indore,2024-11-04
785,Tanay Sood,customer785@example.com,6589498734,Ahmedabad,2023-10-05
786,Kevin Kara,customer786@example.com,6433425854,Mumbai,2024-01-20
787,Aditya Anand,customer787@example.com,6403637712,Nagpur,2024-11-24
788,Jai Sami,customer788@example.com,8533014764,Chennai,2023-01-22
789,Vanya Bobal,customer789@example.com,7339292078,Ahmedabad,2026-05-16
790,Leela Chakraborty,customer790@example.com,6463315365,Surat,2024-06-12
791,Harshil Munshi,customer791@example.com,7799617708,Chandigarh,2025-04-28
792,Chandani Devan,customer792@example.com,7884571917,Delhi,2025-02-12
793,Kiaan Dhar,customer793@example.com,6428446606,Ahmedabad,2026-06-16
794,Abhiram Gala,customer794@example.com,8328861172,Kochi,2023-09-26
795,Indali Kala,customer795@example.com,9609571077,Delhi,2025-10-12
796,Nisha Savant,customer796@example.com,8235601368,Kochi,2025-09-08
797,Gabriel Chaudhry,customer797@example.com,6365438169,Bhopal,2023-01-26
798,Jatin Rajagopalan,customer798@example.com,8771774143,Chennai,2024-01-25
799,Pushti Murty,customer799@example.com,6864941560,Bengaluru,2025-01-23
800,Yug Malhotra,customer800@example.com,6820124287,Lucknow,2024-06-09
801,Yuvraj Mane,customer801@example.com,8201241406,Bhopal,2024-07-09
802,Charvi Jha,customer802@example.com,8429866576,Indore,2025-01-20
803,Manya Merchant,customer803@example.com,8758022303,Bengaluru,2024-02-23
804,Wriddhish Talwar,customer804@example.com,9377759847,Chandigarh,2023-05-02
805,Isaiah Khosla,customer805@example.com,8122919530,Kochi,2024-01-16
806,Ekavir Wable,customer806@example.com,8550532127,Mumbai,2025-12-09
807,Jalsa Nadig,customer807@example.com,7855153721,Surat,2026-04-02
808,Lila Salvi,customer808@example.com,6401112175,Lucknow,2026-02-25
809,Orinder Sinha,customer809@example.com,7880734275,Bhopal,2024-04-07
810,Anay Bir,customer810@example.com,9775379087,Chandigarh,2025-03-18
811,Adweta Kale,customer811@example.com,6822429211,Bengaluru,2026-04-28
812,Darpan Rao,customer812@example.com,8511153154,Pune,2023-08-25
813,Yachana Sagar,customer813@example.com,9153012638,Ahmedabad,2025-01-27
814,Neelima Butala,customer814@example.com,6471508161,Kolkata,2023-07-20
815,Arunima Chacko,customer815@example.com,8656699750,Indore,2024-08-05
816,Farhan Vaidya,customer816@example.com,8492448797,Chandigarh,2025-09-28
817,Nachiket Yadav,customer817@example.com,6866470876,Hyderabad,2026-06-07
818,Mahika Bhatti,customer818@example.com,8716734077,Pune,2024-02-27
819,Rajeshri Khare,customer819@example.com,7273072261,Hyderabad,2023-06-22
820,Yash Chadha,customer820@example.com,9177859932,Indore,2024-05-08
821,Jack Setty,customer821@example.com,9889288553,Chennai,2025-07-07
822,Dayamai Gill,customer822@example.com,9303888505,Bhopal,2026-03-15
823,Advik Devan,customer823@example.com,6751044041,Jaipur,2024-08-30
824,Nihal Taneja,customer824@example.com,9677050999,Chennai,2026-05-20
825,Zansi Lad,customer825@example.com,7127397770,Delhi,2024-03-22
826,Kamya Date,customer826@example.com,9419312830,Kochi,2025-03-21
827,Jacob Balan,customer827@example.com,8511484036,Jaipur,2025-04-28
828,Pushti Magar,customer828@example.com,8945061653,Chennai,2024-02-20
829,Adya Bose,customer829@example.com,8168412170,Chandigarh,2026-05-01
830,Tamanna Vaidya,customer830@example.com,8544652859,Nagpur,2025-08-30
831,Christopher Tata,customer831@example.com,6877319953,Lucknow,2023-03-17
832,Jhalak Dugar,customer832@example.com,6878176278,Jaipur,2023-04-23
833,Harshil D’Alia,customer833@example.com,6345742638,Bhopal,2024-12-14
834,Yashodhara Agate,customer834@example.com,6380976631,Pune,2025-06-02
835,Advik Konda,customer835@example.com,6302769993,Bhopal,2024-01-03
836,Urmi Patla,customer836@example.com,6917786349,Nagpur,2024-12-18
837,Mason Gola,customer837@example.com,6794576461,Jaipur,2024-08-28
838,Oni Kapur,customer838@example.com,7429885449,Chandigarh,2023-04-26
839,Yuvraj Saha,customer839@example.com,8444245844,Nashik,2023-04-09
840,Anika Brahmbhatt,customer840@example.com,8681794294,Surat,2024-02-09
841,Jagdish Thakkar,customer841@example.com,9254318968,Pune,2025-06-12
842,Praneel Kapoor,customer842@example.com,9417612272,Nashik,2025-03-20
843,Nandini Biswas,customer843@example.com,7235787448,Chandigarh,2024-04-27
844,Barkha Mukhopadhyay,customer844@example.com,8272906799,Bhopal,2024-05-05
845,Gabriel Shan,customer845@example.com,9734299724,Indore,2023-10-25
846,Jyoti Iyer,customer846@example.com,7208401466,Pune,2025-09-25
847,Daksha Kibe,customer847@example.com,8106240327,Bhopal,2023-10-10
848,Jyoti Tak,customer848@example.com,8314183853,Bhopal,2024-12-03
849,Yatan Dora,customer849@example.com,9856434955,Ahmedabad,2024-07-28
850,Nimrat Bajwa,customer850@example.com,6390144720,Nashik,2023-05-21
851,Hiral Andra,customer851@example.com,6476201735,Bengaluru,2024-01-11
852,Aarav Puri,customer852@example.com,9959245339,Chandigarh,2023-03-31
853,Hemang Jha,customer853@example.com,9260317028,Bhopal,2024-09-21
854,Oni Swamy,customer854@example.com,7110601417,Chandigarh,2025-07-14
855,Lucky Mammen,customer855@example.com,9139028092,Surat,2025-12-30
856,Caleb Kata,customer856@example.com,8720933347,Delhi,2025-03-07
857,Kashish Shanker,customer857@example.com,6338080063,Nagpur,2024-04-05
858,Girish Tiwari,customer858@example.com,8577062307,Chennai,2023-06-14
859,Meera Borde,customer859@example.com,7343440580,Chandigarh,2025-07-06
860,Radhika De,customer860@example.com,7709501228,Bengaluru,2025-08-07
861,Bishakha Lal,customer861@example.com,6707757117,Pune,2024-04-15
862,Maya Narain,customer862@example.com,7474997683,Bengaluru,2023-08-09
863,Sneha Magar,customer863@example.com,8577330418,Jaipur,2025-07-20
864,Falan Jain,customer864@example.com,8426695352,Bhopal,2024-08-04
865,Ikbal Dugal,customer865@example.com,9419332739,Jaipur,2023-05-28
866,Nitesh Sengupta,customer866@example.com,9771672150,Hyderabad,2025-12-09
867,Dipta Ray,customer867@example.com,6452289045,Nashik,2024-09-29
868,Ishita Johal,customer868@example.com,7228940620,Indore,2025-09-15
869,Darika Sheth,customer869@example.com,8603714371,Nagpur,2024-10-10
870,Jagdish Chana,customer870@example.com,7537249182,Nagpur,2026-03-16
871,Daksha Baria,customer871@example.com,6130418772,Delhi,2024-01-19
872,Falak Divan,customer872@example.com,8792307827,Pune,2026-04-27
873,Yuvraj Parekh,customer873@example.com,7444820027,Pune,2026-03-07
874,Yochana Bawa,customer874@example.com,7201071270,Chandigarh,2023-05-24
875,Abha Ghosh,customer875@example.com,9414706048,Nashik,2023-09-02
876,Nidhi Sethi,customer876@example.com,8169580185,Bengaluru,2025-06-25
877,Girindra Shere,customer877@example.com,8700923360,Indore,2023-11-02
878,Logan Dara,customer878@example.com,8232797620,Mumbai,2025-09-18
879,David Kapadia,customer879@example.com,7540104553,Kolkata,2024-09-09
880,Rudra Rattan,customer880@example.com,9500597809,Nashik,2026-02-05
881,Frado Lad,customer881@example.com,6680164802,Nashik,2026-04-09
882,Anthony Bhattacharyya,customer882@example.com,7699477018,Delhi,2023-01-12
883,Sachi Dave,customer883@example.com,6883970959,Pune,2025-05-30
884,Garima Das,customer884@example.com,9179806232,Chennai,2024-11-24
885,Triya Bedi,customer885@example.com,9929194537,Nagpur,2026-01-24
886,Rachita Rana,customer886@example.com,6792093943,Mumbai,2025-03-18
887,Ayushman Raja,customer887@example.com,6746071541,Bhopal,2024-07-07
888,Orinder Pandya,customer888@example.com,8492210593,Nashik,2026-06-14
889,Rachit Maharaj,customer889@example.com,9452064935,Pune,2026-03-29
890,Sanaya Dixit,customer890@example.com,7158765512,Indore,2026-01-01
891,Yatan Merchant,customer891@example.com,9219624467,Pune,2024-06-05
892,Nisha Srinivas,customer892@example.com,6842372786,Pune,2025-11-28
893,Gagan Mammen,customer893@example.com,8338481976,Pune,2025-07-11
894,Laksh Saini,customer894@example.com,6340427534,Pune,2026-01-06
895,Zaid Bahl,customer895@example.com,9812539475,Hyderabad,2024-06-07
896,Jagrati Srinivasan,customer896@example.com,9584273044,Kolkata,2023-05-05
897,Hemangini Thakkar,customer897@example.com,6533413777,Lucknow,2024-09-13
898,Lipika Madan,customer898@example.com,7715389175,Indore,2024-11-04
899,Atharv Nagar,customer899@example.com,9209394125,Surat,2023-02-05
900,Ayushman Mand,customer900@example.com,6745379427,Chandigarh,2024-09-30
901,Urmi Wagle,customer901@example.com,6871518627,Mumbai,2024-03-15
902,Viraj Dutta,customer902@example.com,8115614614,Chennai,2023-05-28
903,Yug Khosla,customer903@example.com,8450758287,Surat,2024-04-24
904,Daksh Kanda,customer904@example.com,9425659284,Hyderabad,2024-11-29
905,Isha Ghose,customer905@example.com,8169765086,Lucknow,2026-02-01
906,Warjas Nadkarni,customer906@example.com,9755865168,Indore,2024-12-10
907,Ayaan Pandey,customer907@example.com,6498276294,Lucknow,2025-10-01
908,Raghav Tailor,customer908@example.com,9743334753,Bhopal,2024-11-11
909,Parth Swaminathan,customer909@example.com,9228079738,Ahmedabad,2023-04-19
910,Gautam Bhalla,customer910@example.com,8100131936,Bhopal,2023-07-25
911,Theodore Bahri,customer911@example.com,6333460187,Delhi,2026-06-22
912,Aadi Narula,customer912@example.com,7495561149,Lucknow,2023-03-24
913,Kalpit Oak,customer913@example.com,6991771130,Ahmedabad,2025-03-10
914,Ekiya Bhargava,customer914@example.com,6328114204,Hyderabad,2023-10-18
915,Manbir Dhar,customer915@example.com,6695825147,Pune,2023-11-22
916,Janya Bora,customer916@example.com,8378822611,Ahmedabad,2024-12-31
917,Meghana Chaudhuri,customer917@example.com,8933668439,Nashik,2025-07-28
918,Chasmum Naidu,customer918@example.com,8706957075,Chandigarh,2023-02-23
919,Nakul Sarkar,customer919@example.com,6755857488,Bhopal,2023-07-12
920,Edhitha Ghosh,customer920@example.com,9380201244,Chennai,2024-12-06
921,Udant Gill,customer921@example.com,8651155362,Mumbai,2026-02-09
922,Damyanti Menon,customer922@example.com,9411998675,Indore,2024-12-09
923,Peter Agarwal,customer923@example.com,8627677187,Jaipur,2023-10-03
924,Bachittar Gopal,customer924@example.com,8611842988,Chennai,2023-08-31
925,Timothy Chawla,customer925@example.com,6210336187,Surat,2023-06-20
926,Lohit Narula,customer926@example.com,6299752556,Bhopal,2026-01-14
927,Wazir Palan,customer927@example.com,9319262151,Ahmedabad,2025-12-02
928,Oliver Chakrabarti,customer928@example.com,8306483350,Chandigarh,2025-05-07
929,Sanya Apte,customer929@example.com,9192393608,Surat,2023-10-26
930,Shaurya Krish,customer930@example.com,8467596299,Chandigarh,2025-11-09
931,Inaya Kunda,customer931@example.com,8691735449,Lucknow,2026-05-15
932,Aarav Bava,customer932@example.com,7199699297,Nashik,2025-12-01
933,Raksha Saini,customer933@example.com,7523462771,Chennai,2024-03-02
934,Odika Tailor,customer934@example.com,7761079259,Kochi,2025-01-11
935,Indali Prashad,customer935@example.com,8682776883,Ahmedabad,2026-06-09
936,Varenya Kar,customer936@example.com,8777468518,Kolkata,2024-01-11
937,Siya Borah,customer937@example.com,8792946548,Nashik,2024-10-13
938,Chaitaly Bahri,customer938@example.com,6170984280,Chandigarh,2023-02-15
939,Advika Cheema,customer939@example.com,8875853535,Bengaluru,2024-01-16
940,Hema Garde,customer940@example.com,7345839481,Kolkata,2023-11-01
941,Naveen Borde,customer941@example.com,8271862444,Jaipur,2024-06-06
942,Hamsini Subramanian,customer942@example.com,8510706232,Nashik,2025-03-01
943,Raagini Gala,customer943@example.com,9813190157,Mumbai,2024-06-21
944,Naksh Bera,customer944@example.com,7556715202,Delhi,2023-11-30
945,Garima Jha,customer945@example.com,7920546035,Lucknow,2024-12-20
946,Nimrat Zachariah,customer946@example.com,8967955309,Surat,2026-01-21
947,Baghyawati Mishra,customer947@example.com,7589538042,Chennai,2026-05-25
948,Gopal Bawa,customer948@example.com,9373689686,Chennai,2026-04-19
949,Vritti Dube,customer949@example.com,8738942485,Nagpur,2023-08-05
950,Jalsa Aggarwal,customer950@example.com,7153560760,Jaipur,2025-10-05
951,Gagan Menon,customer951@example.com,6577637937,Chandigarh,2024-01-26
952,Ryan Chatterjee,customer952@example.com,6798095339,Mumbai,2025-01-11
953,Samuel Garde,customer953@example.com,9615261059,Pune,2025-08-06
954,Finn Solanki,customer954@example.com,6280234310,Bengaluru,2024-03-02
955,Darika Rao,customer955@example.com,6430633506,Jaipur,2024-04-22
956,Vrinda Lanka,customer956@example.com,7228721651,Bengaluru,2025-07-08
957,Lila Goyal,customer957@example.com,8750453550,Chandigarh,2024-01-12
958,Lakshmi Pingle,customer958@example.com,6446240528,Bengaluru,2026-04-25
959,Sanaya Basu,customer959@example.com,7472046886,Lucknow,2023-10-31
960,Ria Shroff,customer960@example.com,7658745707,Nashik,2024-06-25
961,Upkaar Luthra,customer961@example.com,7344694105,Bengaluru,2023-09-25
962,Matthew Chatterjee,customer962@example.com,6634061312,Kolkata,2024-11-23
963,Hemangini Sachdev,customer963@example.com,7543817003,Surat,2024-01-18
964,Darsh Ram,customer964@example.com,7446368606,Hyderabad,2024-08-20
965,Vaishnavi Keer,customer965@example.com,6254297867,Nagpur,2023-02-02
966,Chandani Brar,customer966@example.com,6632038901,Kolkata,2025-05-11
967,Bakhshi Thakkar,customer967@example.com,8230286752,Indore,2024-02-09
968,Jai Sen,customer968@example.com,7718288819,Bhopal,2025-01-16
969,Oliver Kakar,customer969@example.com,8754567082,Delhi,2023-06-21
970,Jonathan Basak,customer970@example.com,7927113376,Hyderabad,2024-02-26
971,Farhan Saran,customer971@example.com,9956466298,Nashik,2023-12-30
972,Manbir Kuruvilla,customer972@example.com,6115234145,Bengaluru,2024-12-22
973,Ekalinga Chahal,customer973@example.com,9896193150,Pune,2024-08-27
974,Mekhala Nanda,customer974@example.com,6939178742,Nagpur,2023-05-14
975,Zinal Shanker,customer975@example.com,8276582541,Chandigarh,2026-04-23
976,Oni Chowdhury,customer976@example.com,6190284985,Kochi,2023-08-12
977,Mason Divan,customer977@example.com,8262101444,Hyderabad,2024-03-04
978,Hitesh Chaudhuri,customer978@example.com,8815206438,Nagpur,2025-12-12
979,Hemangini Roy,customer979@example.com,8923919516,Bhopal,2025-06-08
980,Leela Sunder,customer980@example.com,8892245586,Bhopal,2023-05-03
981,Baljiwan Gera,customer981@example.com,8319688453,Bhopal,2025-02-16
982,Neha Dhawan,customer982@example.com,6969367132,Chennai,2024-09-14
983,Balvan Randhawa,customer983@example.com,9188562183,Delhi,2026-03-16
984,Wazir Bawa,customer984@example.com,9131499954,Bhopal,2023-05-02
985,Amruta Pradhan,customer985@example.com,6328881543,Delhi,2024-08-19
986,Geetika Mitter,customer986@example.com,8649899759,Surat,2025-11-05
987,Avni Swamy,customer987@example.com,6587653364,Lucknow,2023-01-09
988,Vedant Desai,customer988@example.com,8219448390,Kolkata,2025-10-13
989,Saanvi Nagi,customer989@example.com,7277253783,Jaipur,2023-08-14
990,Omaja Chakraborty,customer990@example.com,9295786752,Hyderabad,2023-04-23
991,Riya Kakar,customer991@example.com,9495847277,Nashik,2023-09-23
992,Vedhika Varty,customer992@example.com,6902849073,Kochi,2025-08-09
993,Daksh Varma,customer993@example.com,9629499801,Kochi,2023-01-12
994,Dominic Mukhopadhyay,customer994@example.com,6353857558,Bengaluru,2025-07-25
995,Krishna Viswanathan,customer995@example.com,8954615466,Chennai,2023-06-20
996,Oscar Hans,customer996@example.com,8335071309,Surat,2025-11-14
997,Dalbir Krish,customer997@example.com,6810572263,Bhopal,2024-10-19
998,Tanmayi Bedi,customer998@example.com,9860562477,Mumbai,2025-09-18
999,Rushil Mahal,customer999@example.com,9987857474,Pune,2026-06-26
1000,Ucchal Tiwari,customer1000@example.com,7380735151,Ahmedabad,2025-07-10
1001,Jatin Balasubramanian,customer1001@example.com,6828014532,Surat,2024-08-28
1002,Kashish Suresh,customer1002@example.com,7862553409,Bhopal,2023-05-28
1003,Peter Som,customer1003@example.com,8235860811,Bhopal,2025-03-23
1004,Hemangini Gade,customer1004@example.com,7648662382,Surat,2024-05-09
1005,Gautam Mane,customer1005@example.com,8904428313,Delhi,2026-03-16
1006,Libni Bawa,customer1006@example.com,7741378536,Lucknow,2025-01-19
1007,Tanish Kant,customer1007@example.com,8582220757,Nashik,2024-12-05
1008,Samuel Luthra,customer1008@example.com,8193992475,Mumbai,2023-03-17
1009,Yochana Bahri,customer1009@example.com,6924850841,Kochi,2025-06-09
1010,Urvi Deo,customer1010@example.com,9308685647,Delhi,2023-05-07
1011,Abhiram Kapur,customer1011@example.com,7184231510,Surat,2023-10-21
1012,Dalaja Maharaj,customer1012@example.com,9853577967,Chandigarh,2025-10-16
1013,Krisha Palla,customer1013@example.com,7147582023,Surat,2024-02-23
1014,Zayyan Kamdar,customer1014@example.com,6783265512,Ahmedabad,2023-08-24
1015,Chasmum Verma,customer1015@example.com,8326902642,Chennai,2023-03-06
1016,Harsh Amble,customer1016@example.com,8823227542,Nashik,2023-03-05
1017,Barkha Misra,customer1017@example.com,8528871313,Surat,2026-03-27
1018,Vasatika Bhatt,customer1018@example.com,8379218010,Kolkata,2026-06-02
1019,Aradhana Nair,customer1019@example.com,7397012311,Indore,2025-03-23
1020,Advika Misra,customer1020@example.com,8229762353,Nagpur,2024-11-10
1021,Mason Varughese,customer1021@example.com,8937317256,Chennai,2023-12-06
1022,Dakshesh Raval,customer1022@example.com,6298614814,Surat,2023-09-02
1023,Logan Bal,customer1023@example.com,9660512812,Ahmedabad,2024-06-16
1024,Chakrika Lad,customer1024@example.com,7826276724,Hyderabad,2026-04-15
1025,Nidhi Rama,customer1025@example.com,7264001304,Jaipur,2023-01-28
1026,Ranveer Oza,customer1026@example.com,7778669642,Jaipur,2023-02-27
1027,Vamakshi Parmer,customer1027@example.com,7202848428,Chennai,2023-09-06
1028,Onkar Golla,customer1028@example.com,7922375591,Lucknow,2026-01-03
1029,Gunbir Sinha,customer1029@example.com,6492654487,Delhi,2025-02-09
1030,Aarna Goswami,customer1030@example.com,9775879804,Kochi,2023-05-26
1031,Gaurav Kapadia,customer1031@example.com,8729533373,Surat,2023-12-10
1032,Udant Mohanty,customer1032@example.com,6196913836,Bengaluru,2023-01-01
1033,Garima Prabhu,customer1033@example.com,7704123480,Nashik,2024-05-22
1034,Chaitaly Sheth,customer1034@example.com,7800257778,Chandigarh,2023-08-09
1035,Upma Bera,customer1035@example.com,7876466322,Mumbai,2025-04-20
1036,Urmi Hayer,customer1036@example.com,9953171947,Pune,2024-04-25
1037,Lakshmi Wagle,customer1037@example.com,6336797820,Pune,2025-05-21
1038,Odika Bhagat,customer1038@example.com,6858060665,Chennai,2023-02-14
1039,Laksh Iyer,customer1039@example.com,9861611754,Jaipur,2025-12-29
1040,Nimrat Shankar,customer1040@example.com,7177642269,Nagpur,2024-07-04
1041,Diya Gole,customer1041@example.com,8159537422,Jaipur,2025-01-25
1042,Vinaya Natarajan,customer1042@example.com,6352553836,Ahmedabad,2024-05-30
1043,Dhriti Bhardwaj,customer1043@example.com,6186491407,Bengaluru,2026-03-06
1044,Siya Mahal,customer1044@example.com,6684851251,Delhi,2023-05-23
1045,Om Dutt,customer1045@example.com,9347896142,Hyderabad,2025-12-28
1046,Gaurang Dayal,customer1046@example.com,6880569100,Pune,2024-09-14
1047,Pushti Raval,customer1047@example.com,6995069372,Nagpur,2025-02-10
1048,Vansha Rajagopal,customer1048@example.com,9694804802,Jaipur,2026-01-23
1049,Baljiwan Walla,customer1049@example.com,9733016840,Lucknow,2023-07-10
1050,Kashvi Atwal,customer1050@example.com,8758090468,Nashik,2025-09-16
1051,Rayaan Badami,customer1051@example.com,9557720356,Surat,2026-04-02
1052,Yuvraj Kara,customer1052@example.com,9152461766,Jaipur,2026-01-02
1053,Devika Dayal,customer1053@example.com,9330876991,Kolkata,2026-02-27
1054,Leela Thakur,customer1054@example.com,7236970418,Lucknow,2026-03-20
1055,Oliver Bhattacharyya,customer1055@example.com,8661426640,Indore,2023-07-16
1056,Chanchal Mannan,customer1056@example.com,6865294201,Pune,2024-05-07
1057,Zinal Viswanathan,customer1057@example.com,8119138117,Nagpur,2025-05-20
1058,Radha Desai,customer1058@example.com,7987258698,Delhi,2024-11-28
1059,Vrishti Parmer,customer1059@example.com,8736860117,Hyderabad,2025-06-04
1060,Nitesh Raval,customer1060@example.com,7243397007,Bhopal,2025-08-13
1061,Vedant Kapur,customer1061@example.com,9293522702,Jaipur,2024-01-19
1062,Siddharth Bains,customer1062@example.com,8165256994,Indore,2023-08-05
1063,Jatin Peri,customer1063@example.com,6777385682,Lucknow,2023-07-02
1064,Keya Kumer,customer1064@example.com,8209821469,Bengaluru,2025-05-19
1065,Chanakya Chokshi,customer1065@example.com,6758195599,Kochi,2024-04-11
1066,Chanakya D’Alia,customer1066@example.com,8453930961,Ahmedabad,2023-04-21
1067,Sachi Rai,customer1067@example.com,6325341118,Nagpur,2024-08-17
1068,Zayyan Som,customer1068@example.com,8560553370,Surat,2023-06-22
1069,Samesh Andra,customer1069@example.com,6795005701,Bengaluru,2024-06-29
1070,Osha Chaudhuri,customer1070@example.com,6435694973,Chennai,2025-07-02
1071,Laksh Sahota,customer1071@example.com,7615193970,Nashik,2024-11-16
1072,Yasti Dalal,customer1072@example.com,9325039234,Pune,2025-06-12
1073,Ishaan Cherian,customer1073@example.com,6689699149,Chennai,2026-01-03
1074,Rushil Iyengar,customer1074@example.com,6884486965,Chandigarh,2025-08-04
1075,Saksham Parmar,customer1075@example.com,7931394618,Kolkata,2026-04-22
1076,Chakrika Dyal,customer1076@example.com,9242659285,Chandigarh,2023-06-28
1077,Watika Johal,customer1077@example.com,6980643968,Kolkata,2025-12-18
1078,Ganga Keer,customer1078@example.com,9730661109,Ahmedabad,2024-10-30
1079,Agastya Chakraborty,customer1079@example.com,8694211202,Delhi,2024-12-08
1080,Wakeeta Dixit,customer1080@example.com,8999676160,Ahmedabad,2023-08-25
1081,Yasti Borde,customer1081@example.com,8672936363,Chennai,2024-04-08
1082,Aahana Kashyap,customer1082@example.com,8471266378,Jaipur,2026-01-15
1083,Chaman Lalla,customer1083@example.com,6147732712,Bengaluru,2024-11-20
1084,Chandresh Chaudhry,customer1084@example.com,8284954287,Kochi,2024-01-18
1085,Balveer Mannan,customer1085@example.com,9889698222,Delhi,2023-08-12
1086,Dhriti Sandhu,customer1086@example.com,8983197295,Lucknow,2024-09-02
1087,Girish Bath,customer1087@example.com,9698060659,Kochi,2026-06-30
1088,Lakshit Garde,customer1088@example.com,7302708302,Lucknow,2024-10-24
1089,Ishita Sarma,customer1089@example.com,8869497358,Chennai,2026-01-07
1090,Girik Pradhan,customer1090@example.com,8188301319,Bengaluru,2024-07-15
1091,Qadim Comar,customer1091@example.com,6307328616,Bhopal,2024-01-22
1092,Mugdha Shan,customer1092@example.com,9454887356,Ahmedabad,2025-09-10
1093,Lekha Sridhar,customer1093@example.com,6341213985,Kochi,2026-05-30
1094,Ojas Chowdhury,customer1094@example.com,7504120440,Indore,2023-03-20
1095,Daniel Dutta,customer1095@example.com,6242884854,Kolkata,2026-01-26
1096,Omaja Subramanian,customer1096@example.com,7730308186,Chennai,2025-02-03
1097,Pratyush Raghavan,customer1097@example.com,6964433508,Pune,2023-11-06
1098,Ayush De,customer1098@example.com,6401735695,Delhi,2025-08-31
1099,Vinaya Chowdhury,customer1099@example.com,8993476112,Kochi,2023-11-02
1100,Ridhi Batra,customer1100@example.com,9155296596,Pune,2025-04-27
1101,Advika Murthy,customer1101@example.com,6510828760,Chennai,2025-05-11
1102,Udarsh Nigam,customer1102@example.com,9107059903,Hyderabad,2023-11-21
1103,Rachita Kothari,customer1103@example.com,6977213159,Jaipur,2025-03-29
1104,Hiral Rajan,customer1104@example.com,6552712257,Nagpur,2024-12-09
1105,Chatura Apte,customer1105@example.com,9155745877,Nashik,2023-09-22
1106,Yashasvi Singh,customer1106@example.com,8112234908,Pune,2025-04-11
1107,Noah Borde,customer1107@example.com,6867974336,Lucknow,2023-09-08
1108,Ekani Khosla,customer1108@example.com,6611705303,Mumbai,2025-06-13
1109,Arunima Bedi,customer1109@example.com,6524479825,Bengaluru,2026-03-01
1110,Kritika Rau,customer1110@example.com,9575038824,Mumbai,2023-02-28
1111,Farhan Sharaf,customer1111@example.com,7331200342,Chennai,2023-08-16
1112,Sara Chakrabarti,customer1112@example.com,6448597687,Kochi,2025-05-23
1113,Sanya Mutti,customer1113@example.com,6934011364,Surat,2025-11-07
1114,Widisha Badami,customer1114@example.com,6138199721,Kolkata,2023-06-20
1115,Netra Sachar,customer1115@example.com,7598369430,Bhopal,2025-09-03
1116,Aadi Chand,customer1116@example.com,7261910467,Pune,2026-04-20
1117,Yashoda Jhaveri,customer1117@example.com,8119625255,Nagpur,2023-03-12
1118,Harita Patla,customer1118@example.com,9738414640,Mumbai,2024-08-04
1119,Udant Sha,customer1119@example.com,6986360980,Nashik,2023-02-21
1120,Urvashi Patla,customer1120@example.com,6129988602,Lucknow,2024-04-18
1121,Ishaan Chatterjee,customer1121@example.com,9762006291,Chennai,2024-11-21
1122,Aarnav Om,customer1122@example.com,7688500336,Mumbai,2025-04-19
1123,Bishakha Vig,customer1123@example.com,8903692626,Bhopal,2024-06-19
1124,Hitesh Bath,customer1124@example.com,7644889117,Delhi,2025-09-08
1125,Waida Dey,customer1125@example.com,9348531069,Nashik,2025-09-15
1126,Hredhaan Kumar,customer1126@example.com,7486537408,Nagpur,2024-02-29
1127,Raghav Dara,customer1127@example.com,7304656374,Chandigarh,2026-03-27
1128,Tanveer Shankar,customer1128@example.com,7402371213,Kochi,2023-05-02
1129,Hamsini Chokshi,customer1129@example.com,7812138167,Bhopal,2024-04-15
1130,Chakradhar Dasgupta,customer1130@example.com,7784744482,Indore,2024-07-22
1131,Tanvi Thaman,customer1131@example.com,9592428116,Mumbai,2026-02-11
1132,Wishi Agrawal,customer1132@example.com,6982393266,Hyderabad,2024-12-10
1133,Rachita Subramanian,customer1133@example.com,9916349050,Chandigarh,2025-06-15
1134,Oscar Dave,customer1134@example.com,7150596687,Ahmedabad,2023-03-02
1135,Lila Nagy,customer1135@example.com,9893690697,Mumbai,2025-09-14
1136,Omya Kothari,customer1136@example.com,6327552954,Kochi,2023-06-20
1137,Mitali Oza,customer1137@example.com,9554949556,Kolkata,2024-06-18
1138,Sneha Deol,customer1138@example.com,7645692461,Bhopal,2023-04-18
1139,Nitara Vala,customer1139@example.com,7291363661,Bengaluru,2025-10-01
1140,Dipta Kalla,customer1140@example.com,9921398162,Kolkata,2025-11-05
1141,Shaurya Mannan,customer1141@example.com,7359022972,Nagpur,2023-01-02
1142,Kevin Gokhale,customer1142@example.com,9299460677,Hyderabad,2026-01-09
1143,Jack Pandey,customer1143@example.com,9801636736,Jaipur,2026-03-19
1144,Omisha Walla,customer1144@example.com,6750677305,Bhopal,2024-03-13
1145,Pahal Arya,customer1145@example.com,6898698592,Chennai,2026-05-06
1146,Aryan Raj,customer1146@example.com,8146894926,Surat,2024-06-18
1147,Chatresh Bhalla,customer1147@example.com,8957260579,Mumbai,2025-12-03
1148,Amara Dyal,customer1148@example.com,6115842433,Hyderabad,2024-09-12
1149,Zashil Dhingra,customer1149@example.com,8208381517,Chennai,2025-04-27
1150,Chakrika Jani,customer1150@example.com,8652188482,Delhi,2026-03-23
1151,Jagrati Sethi,customer1151@example.com,6907729320,Pune,2024-02-17
1152,Udarsh Ramachandran,customer1152@example.com,8426163769,Kolkata,2024-11-11
1153,Yasti Mani,customer1153@example.com,8402039656,Nashik,2023-02-01
1154,Lakshmi Ram,customer1154@example.com,9682592223,Lucknow,2025-10-21
1155,Dhriti Bhagat,customer1155@example.com,7737831750,Kolkata,2024-06-01
1156,Zayan Jain,customer1156@example.com,7376526819,Pune,2026-01-18
1157,Umang Pillai,customer1157@example.com,6944769353,Kochi,2025-07-05
1158,Rishi Menon,customer1158@example.com,7376576050,Bhopal,2026-04-29
1159,Peter Borde,customer1159@example.com,6212023583,Chandigarh,2023-02-25
1160,Oscar Varkey,customer1160@example.com,9318780145,Kochi,2024-07-27
1161,Krishna Baria,customer1161@example.com,7674168262,Bengaluru,2023-05-10
1162,Arya Lalla,customer1162@example.com,6889716182,Bhopal,2023-01-13
1163,Naveen Kumer,customer1163@example.com,8339405129,Mumbai,2024-03-19
1164,Ganga Shukla,customer1164@example.com,9473967988,Hyderabad,2024-06-20
1165,Balveer Dube,customer1165@example.com,6295379543,Jaipur,2026-04-04
1166,Charan Mitra,customer1166@example.com,6790743524,Mumbai,2024-01-01
1167,Ishita Bora,customer1167@example.com,9629343805,Pune,2025-04-04
1168,Thomas Gour,customer1168@example.com,9856170064,Jaipur,2025-09-10
1169,Yashasvi Dutta,customer1169@example.com,7983880103,Chandigarh,2023-04-27
1170,Netra Chanda,customer1170@example.com,6300477332,Nashik,2025-08-11
1171,Timothy Kala,customer1171@example.com,6643802256,Nagpur,2024-11-25
1172,Garima Patel,customer1172@example.com,9321032147,Nagpur,2023-10-01
1173,Tejas Wali,customer1173@example.com,7964421392,Surat,2023-04-11
1174,Aditya Contractor,customer1174@example.com,6593519004,Lucknow,2023-03-14
1175,Sanaya Khosla,customer1175@example.com,7108625146,Bengaluru,2025-01-04
1176,Balveer Nagi,customer1176@example.com,9313055752,Nashik,2024-07-12
1177,Ishaan Raju,customer1177@example.com,8626674166,Bhopal,2026-05-13
1178,Barkha Bakshi,customer1178@example.com,9633609904,Lucknow,2024-06-14
1179,Yoshita Trivedi,customer1179@example.com,7818206944,Delhi,2023-12-04
1180,Vidhi Bassi,customer1180@example.com,9152289440,Kochi,2025-03-20
1181,Reyansh Nagi,customer1181@example.com,9494488638,Kochi,2024-08-10
1182,Gopal Ganesh,customer1182@example.com,6522933046,Nashik,2024-10-04
1183,Dominic Kade,customer1183@example.com,9288699955,Delhi,2024-10-27
1184,Panini Chawla,customer1184@example.com,7291535971,Kolkata,2025-05-17
1185,Radhika Bora,customer1185@example.com,6185999128,Mumbai,2025-06-30
1186,Arjun Sharaf,customer1186@example.com,9960498361,Chandigarh,2026-02-15
1187,Baljiwan Chahal,customer1187@example.com,9611978629,Kolkata,2026-05-08
1188,Chatura Gokhale,customer1188@example.com,8296262698,Chandigarh,2023-05-28
1189,Ekavir Kari,customer1189@example.com,8215395704,Lucknow,2024-10-27
1190,Nikita Rama,customer1190@example.com,9234676547,Delhi,2023-10-28
1191,Nidhi Sant,customer1191@example.com,7338809707,Pune,2024-04-03
1192,Anay Ramachandran,customer1192@example.com,6990256140,Indore,2026-03-09
1193,Abeer Bhatnagar,customer1193@example.com,9630213145,Pune,2025-06-12
1194,Elijah Parmar,customer1194@example.com,9330991783,Chandigarh,2024-10-22
1195,Bimala Mitra,customer1195@example.com,8459320780,Jaipur,2025-01-15
1196,Baghyawati Sarma,customer1196@example.com,7694286895,Kochi,2025-03-01
1197,Megha Balasubramanian,customer1197@example.com,8962711591,Lucknow,2023-05-10
1198,Naksh Walla,customer1198@example.com,8493595553,Chandigarh,2023-03-19
1199,Laban Raman,customer1199@example.com,6733066687,Chennai,2023-08-26
1200,Maanas Misra,customer1200@example.com,9382374266,Indore,2023-10-05
1201,Advay Dhaliwal,customer1201@example.com,8338359007,Ahmedabad,2026-06-23
1202,Benjamin Ahluwalia,customer1202@example.com,9613891482,Chennai,2025-11-08
1203,Frederick Mody,customer1203@example.com,6215098415,Nashik,2024-07-18
1204,Hemangini Kakar,customer1204@example.com,8203596174,Hyderabad,2024-10-08
1205,Yauvani Dhar,customer1205@example.com,7987357974,Delhi,2023-07-11
1206,Qarin Kant,customer1206@example.com,8943905116,Bhopal,2025-10-29
1207,Rishi Contractor,customer1207@example.com,6471647352,Ahmedabad,2024-06-12
1208,Chatura Shenoy,customer1208@example.com,7816947927,Ahmedabad,2024-02-26
1209,Bina Bhavsar,customer1209@example.com,8972394253,Delhi,2025-06-11
1210,Guneet Hora,customer1210@example.com,9928372773,Nagpur,2025-11-03
1211,Ganga Parikh,customer1211@example.com,7326888872,Lucknow,2023-12-30
1212,Wahab Chaudhry,customer1212@example.com,6279921858,Kochi,2024-06-05
1213,Ekaraj Hari,customer1213@example.com,9346145894,Mumbai,2025-08-15
1214,Vedika Seshadri,customer1214@example.com,6990889057,Nagpur,2024-05-30
1215,Damini Dua,customer1215@example.com,7633037074,Bengaluru,2023-04-16
1216,Diya Sangha,customer1216@example.com,6493921377,Indore,2024-10-03
1217,Aayush Munshi,customer1217@example.com,6815909426,Ahmedabad,2025-02-12
1218,Timothy Sarin,customer1218@example.com,6778130689,Indore,2025-06-13
1219,Jagvi Desai,customer1219@example.com,9182947380,Nashik,2024-06-03
1220,Varsha Shere,customer1220@example.com,6336972243,Nagpur,2025-01-09
1221,Jagrati Mody,customer1221@example.com,9464927452,Ahmedabad,2026-02-09
1222,Ikbal Gill,customer1222@example.com,6779925261,Indore,2025-05-23
1223,Avni Dey,customer1223@example.com,7399442653,Indore,2025-01-21
1224,Adya Bose,customer1224@example.com,6434509184,Kolkata,2024-11-09
1225,Anirudh Tripathi,customer1225@example.com,7257680885,Chennai,2024-02-14
1226,Nidhi Kala,customer1226@example.com,7832446070,Indore,2023-03-27
1227,Abha Zacharia,customer1227@example.com,6630510898,Chennai,2024-01-13
1228,Manthan Pau,customer1228@example.com,9420443954,Chennai,2023-08-30
1229,Udant Mannan,customer1229@example.com,6177354231,Ahmedabad,2023-09-23
1230,Ucchal Thaker,customer1230@example.com,9869441210,Kolkata,2023-03-11
1231,Mekhala Patla,customer1231@example.com,9590644777,Indore,2025-11-07
1232,William Gandhi,customer1232@example.com,7434906360,Nagpur,2023-10-10
1233,Sanaya Dutta,customer1233@example.com,9429887513,Nagpur,2026-04-18
1234,Madhav Sule,customer1234@example.com,8256599009,Nashik,2023-01-25
1235,Banjeet Kanda,customer1235@example.com,7670728790,Ahmedabad,2023-02-26
1236,Vincent Bhatnagar,customer1236@example.com,9932270624,Kolkata,2024-04-21
1237,Kala Kaur,customer1237@example.com,7531913646,Pune,2026-05-21
1238,Samuel Vasa,customer1238@example.com,7601277267,Hyderabad,2025-07-17
1239,Lipika Singh,customer1239@example.com,7381462871,Lucknow,2024-03-10
1240,Chakradhar Baral,customer1240@example.com,6527326345,Indore,2024-08-06
1241,Harshil Verma,customer1241@example.com,8609198529,Kochi,2023-12-09
1242,Adya Ghosh,customer1242@example.com,6532898990,Bengaluru,2026-04-24
1243,Kritika Pau,customer1243@example.com,6251207747,Ahmedabad,2024-06-08
1244,Zansi Krishnamurthy,customer1244@example.com,7965280953,Hyderabad,2025-12-01
1245,Udant Varty,customer1245@example.com,6510773643,Chandigarh,2026-06-28
1246,Ira Pai,customer1246@example.com,6586618104,Pune,2025-03-02
1247,Vasatika Ahuja,customer1247@example.com,6806948505,Chandigarh,2023-02-26
1248,Ria Gandhi,customer1248@example.com,8500615196,Surat,2026-04-20
1249,Faraj Varkey,customer1249@example.com,8539663289,Ahmedabad,2023-03-31
1250,Siddharth Doctor,customer1250@example.com,7168840394,Indore,2026-06-27
1251,Nakul Pathak,customer1251@example.com,6543296725,Surat,2026-02-05
1252,Victor Sachdeva,customer1252@example.com,8886469860,Pune,2025-08-29
1253,Ishaan Subramaniam,customer1253@example.com,9251248022,Indore,2023-10-09
1254,Varenya Kade,customer1254@example.com,9789744654,Jaipur,2025-07-24
1255,Nirja Bains,customer1255@example.com,6924442314,Surat,2025-09-23
1256,Caleb Datta,customer1256@example.com,6384391789,Jaipur,2025-04-24
1257,Krish Vala,customer1257@example.com,7782154622,Bhopal,2026-04-16
1258,Manan Bhalla,customer1258@example.com,8638924174,Delhi,2025-11-29
1259,Aarna Gole,customer1259@example.com,9940932971,Mumbai,2024-12-10
1260,Anirudh Mander,customer1260@example.com,8427148764,Hyderabad,2023-01-26
1261,Tarak Sen,customer1261@example.com,6928195824,Surat,2024-05-10
1262,Vasatika Garde,customer1262@example.com,9984787660,Kolkata,2023-08-07
1263,Nirja Dhar,customer1263@example.com,7181866940,Chandigarh,2024-10-24
1264,Yasti Lalla,customer1264@example.com,9380959311,Bengaluru,2023-09-12
1265,Hema Setty,customer1265@example.com,6137697835,Nagpur,2024-11-01
1266,Victor Radhakrishnan,customer1266@example.com,6472401883,Chandigarh,2023-12-23
1267,Kevin Chopra,customer1267@example.com,7677915635,Hyderabad,2024-06-07
1268,Samaksh Virk,customer1268@example.com,6896263277,Delhi,2023-10-11
1269,Mason Char,customer1269@example.com,8921774953,Surat,2026-06-03
1270,Vamakshi Barad,customer1270@example.com,8908231977,Lucknow,2024-01-03
1271,Girik Subramaniam,customer1271@example.com,6452928288,Bengaluru,2024-02-26
1272,Aarav Sankar,customer1272@example.com,9845884772,Jaipur,2023-03-12
1273,Kamala Bassi,customer1273@example.com,8306150008,Nagpur,2025-02-06
1274,Veer Subramaniam,customer1274@example.com,8373995524,Chennai,2024-10-16
1275,Inaya Chaudhari,customer1275@example.com,9978552053,Nagpur,2023-08-09
1276,Krish Kumar,customer1276@example.com,9481448995,Chandigarh,2023-01-04
1277,Viraj Chacko,customer1277@example.com,7322651811,Indore,2023-08-03
1278,Nilima Kurian,customer1278@example.com,6613393212,Delhi,2023-04-11
1279,Abdul Amble,customer1279@example.com,8282851069,Nashik,2024-10-19
1280,Zinal Amble,customer1280@example.com,6499673293,Pune,2025-12-22
1281,Samesh Mutti,customer1281@example.com,8935686828,Jaipur,2025-02-10
1282,Janaki Chhabra,customer1282@example.com,9848653903,Bhopal,2024-03-09
1283,Pooja Kulkarni,customer1283@example.com,7612622080,Hyderabad,2024-08-10
1284,Pallavi Pau,customer1284@example.com,9975938042,Kochi,2026-04-05
1285,Mekhala Jani,customer1285@example.com,7677000617,Delhi,2025-05-08
1286,Vasudha Gola,customer1286@example.com,7807549477,Kochi,2026-01-18
1287,Veda Kulkarni,customer1287@example.com,6238786874,Bengaluru,2025-07-07
1288,Hemangini Rao,customer1288@example.com,8127543766,Bengaluru,2025-08-26
1289,Jagat Karpe,customer1289@example.com,9662892519,Kochi,2025-06-16
1290,Neel Chaudhry,customer1290@example.com,8101420654,Bhopal,2023-09-04
1291,Yashoda Rattan,customer1291@example.com,8162232362,Chandigarh,2026-04-06
1292,Charles Dyal,customer1292@example.com,6305319534,Chandigarh,2024-11-19
1293,Abdul Chand,customer1293@example.com,9293040861,Bengaluru,2025-06-29
1294,Urishilla Saran,customer1294@example.com,8946822613,Bengaluru,2025-09-30
1295,Devansh Lall,customer1295@example.com,9313534006,Kochi,2025-05-03
1296,Kamala Buch,customer1296@example.com,8428413014,Indore,2024-12-08
1297,Leena Rattan,customer1297@example.com,8363633423,Bhopal,2026-06-23
1298,Dakshesh Gill,customer1298@example.com,6484198692,Bhopal,2023-06-14
1299,Reva Anne,customer1299@example.com,7854505933,Surat,2023-11-29
1300,Zarna Mangal,customer1300@example.com,9229055539,Bengaluru,2023-03-03
1301,Bahadurjit Uppal,customer1301@example.com,9140988408,Surat,2023-01-19
1302,Omkaar Banik,customer1302@example.com,8915718945,Bengaluru,2024-03-03
1303,William Acharya,customer1303@example.com,9440292904,Nagpur,2023-11-21
1304,Gabriel Majumdar,customer1304@example.com,7120395529,Hyderabad,2023-08-19
1305,Ira Rana,customer1305@example.com,6236687334,Ahmedabad,2026-02-25
1306,Sai Vasa,customer1306@example.com,6302114192,Kochi,2026-01-06
1307,Ekapad Chana,customer1307@example.com,7989314474,Ahmedabad,2023-03-10
1308,Ijaya Palan,customer1308@example.com,7145153952,Bengaluru,2023-05-27
1309,Upkaar Hayer,customer1309@example.com,7885291484,Mumbai,2025-10-12
1310,Netra Agrawal,customer1310@example.com,6718189696,Chennai,2023-04-05
1311,Parth Ray,customer1311@example.com,9877383149,Chandigarh,2025-12-30
1312,Elijah Thakur,customer1312@example.com,7703189272,Chennai,2025-09-09
1313,Harini Dada,customer1313@example.com,9442865425,Hyderabad,2023-06-05
1314,Zashil Savant,customer1314@example.com,6476355052,Mumbai,2025-12-16
1315,Veda Kohli,customer1315@example.com,6948478759,Delhi,2023-10-04
1316,Tara Sharma,customer1316@example.com,7374452460,Surat,2026-03-22
1317,Vasatika Dada,customer1317@example.com,6614027361,Indore,2023-02-24
1318,Ekansh Raja,customer1318@example.com,8713790917,Chandigarh,2026-04-22
1319,Victor Mutti,customer1319@example.com,6785456982,Surat,2024-01-08
1320,Ira Varty,customer1320@example.com,6360633921,Kochi,2023-07-20
1321,Adya Kothari,customer1321@example.com,7793412542,Kolkata,2023-10-02
1322,Girik Rastogi,customer1322@example.com,6203256346,Jaipur,2023-02-11
1323,Faqid Gokhale,customer1323@example.com,8908907325,Pune,2025-07-31
1324,Dipta Pandya,customer1324@example.com,6603272913,Kochi,2024-09-03
1325,Amruta Goswami,customer1325@example.com,6669579046,Kolkata,2025-01-27
1326,Wishi Iyengar,customer1326@example.com,9655011992,Surat,2024-02-28
1327,Wyatt Lanka,customer1327@example.com,9353618460,Bengaluru,2023-07-23
1328,Veer Jain,customer1328@example.com,6165141905,Lucknow,2023-07-15
1329,Ishani Dugal,customer1329@example.com,7619578128,Indore,2025-12-16
1330,Jagdish Brar,customer1330@example.com,8158676502,Nashik,2025-03-08
1331,Abeer Basak,customer1331@example.com,8224314911,Mumbai,2023-07-28
1332,Kamya Murty,customer1332@example.com,8239110299,Jaipur,2023-09-09
1333,Anvi Swaminathan,customer1333@example.com,7300338202,Delhi,2025-07-08
1334,Yasti Mammen,customer1334@example.com,9982572947,Surat,2026-05-19
1335,Tristan Dave,customer1335@example.com,6119339904,Kochi,2024-12-25
1336,Pallavi Sridhar,customer1336@example.com,9155245653,Kolkata,2025-12-06
1337,Yadavi Palan,customer1337@example.com,7441901215,Chandigarh,2026-03-15
1338,Owen Shankar,customer1338@example.com,6397239516,Kolkata,2025-11-16
1339,Zarna Sharma,customer1339@example.com,9456936501,Indore,2026-01-10
1340,Abhiram Arora,customer1340@example.com,9497067665,Kolkata,2026-03-31
1341,Ladli Chaudhuri,customer1341@example.com,8634387911,Jaipur,2025-11-27
1342,Janaki Lad,customer1342@example.com,7159938189,Delhi,2026-04-17
1343,Adya Khalsa,customer1343@example.com,8413488319,Bengaluru,2023-06-07
1344,Urishilla Oza,customer1344@example.com,7212072938,Indore,2024-02-13
1345,Qarin Tara,customer1345@example.com,9321866661,Chandigarh,2024-12-18
1346,Shivansh Saini,customer1346@example.com,9696867288,Bhopal,2023-03-09
1347,Janya Rattan,customer1347@example.com,6305788510,Kolkata,2023-01-01
1348,Shravya Gole,customer1348@example.com,6925741489,Nagpur,2023-05-20
1349,Veer Chaudhry,customer1349@example.com,9160481382,Chennai,2025-03-20
1350,Warinder Sankaran,customer1350@example.com,7196623054,Pune,2024-10-19
1351,Rohan Dhingra,customer1351@example.com,7256043280,Indore,2025-09-16
1352,Urvashi Andra,customer1352@example.com,7111631400,Kolkata,2026-05-04
1353,Oviya Tata,customer1353@example.com,8133357473,Kolkata,2026-06-29
1354,Zansi Walla,customer1354@example.com,6221408690,Chennai,2024-12-10
1355,Vidhi Mital,customer1355@example.com,8230368589,Indore,2024-02-22
1356,Champak Rao,customer1356@example.com,7356275871,Hyderabad,2023-11-22
1357,Nihal Bhasin,customer1357@example.com,8412096322,Nagpur,2024-05-29
1358,Aachal Soni,customer1358@example.com,6520143791,Indore,2024-05-23
1359,Shivani Natt,customer1359@example.com,6292419191,Kolkata,2024-10-18
1360,Jalsa Parsa,customer1360@example.com,8190805299,Nagpur,2025-10-24
1361,Hemangini Bahri,customer1361@example.com,6139236300,Nagpur,2023-11-21
1362,Jairaj Panchal,customer1362@example.com,9622207383,Chennai,2024-12-23
1363,Owen Mane,customer1363@example.com,8934922819,Delhi,2025-08-12
1364,Ekta Uppal,customer1364@example.com,9387351093,Hyderabad,2025-10-13
1365,Sanya Brar,customer1365@example.com,6219090471,Indore,2025-03-13
1366,Bhavini Sheth,customer1366@example.com,7507438157,Bengaluru,2024-04-05
1367,Oliver Nazareth,customer1367@example.com,6885397155,Chennai,2026-03-10
1368,Nidhi Bora,customer1368@example.com,6965716200,Delhi,2026-06-18
1369,Neel Oza,customer1369@example.com,9440931379,Surat,2025-02-08
1370,Dipta Nadig,customer1370@example.com,8364686006,Bhopal,2023-06-20
1371,Amara Rana,customer1371@example.com,9943215289,Delhi,2025-04-14
1372,Sai Patil,customer1372@example.com,9537186150,Hyderabad,2024-01-31
1373,Odika Ganesh,customer1373@example.com,6797150132,Jaipur,2025-11-02
1374,Arin Dass,customer1374@example.com,6809092471,Indore,2024-05-07
1375,Zayan Buch,customer1375@example.com,6107723047,Mumbai,2025-08-27
1376,Ojas Ranganathan,customer1376@example.com,8145993847,Surat,2024-10-01
1377,Girish Bhatt,customer1377@example.com,7697003078,Nashik,2024-05-31
1378,Chatura Bal,customer1378@example.com,7180521377,Nagpur,2023-04-27
1379,Fiyaz Chawla,customer1379@example.com,6299479276,Nashik,2024-06-26
1380,Nachiket Chad,customer1380@example.com,6635210430,Chennai,2025-12-25
1381,Dayamai Karnik,customer1381@example.com,7942545615,Pune,2024-02-20
1382,Bhanumati Savant,customer1382@example.com,8863412112,Kolkata,2024-01-31
1383,Karan Vyas,customer1383@example.com,6332460182,Chennai,2024-01-30
1384,Ayush Banerjee,customer1384@example.com,7322479525,Lucknow,2026-01-19
1385,Eshana Soni,customer1385@example.com,9266459760,Bhopal,2024-10-03
1386,Anita Saxena,customer1386@example.com,7343840625,Mumbai,2023-02-18
1387,Peter Shan,customer1387@example.com,8416738321,Hyderabad,2026-06-16
1388,Dayita Palan,customer1388@example.com,7283202270,Hyderabad,2026-04-04
1389,Utkarsh Chakraborty,customer1389@example.com,8673018793,Nagpur,2025-04-11
1390,Darika Pau,customer1390@example.com,7801602016,Indore,2024-11-18
1391,Abha Dugal,customer1391@example.com,8646008731,Chennai,2023-01-16
1392,Advaith Acharya,customer1392@example.com,6173633231,Surat,2024-05-28
1393,Hemangini Mangat,customer1393@example.com,6641400855,Kolkata,2026-01-20
1394,Abhiram Swamy,customer1394@example.com,8132123007,Surat,2026-04-27
1395,Chandani Andra,customer1395@example.com,6928854742,Chennai,2024-07-18
1396,Brinda Kashyap,customer1396@example.com,6464959630,Pune,2025-09-14
1397,Kashvi Gulati,customer1397@example.com,8409976210,Chandigarh,2023-08-12
1398,Rajeshri Rana,customer1398@example.com,9158203138,Kolkata,2023-12-15
1399,Nihal Ramakrishnan,customer1399@example.com,6944772793,Nashik,2025-10-12
1400,Thomas Lall,customer1400@example.com,6778157862,Mumbai,2026-05-11
1401,Pahal Khatri,customer1401@example.com,7192966977,Chennai,2025-01-04
1402,Bhavani Wali,customer1402@example.com,8877188462,Bengaluru,2024-08-25
1403,Nitara Guha,customer1403@example.com,8651258722,Mumbai,2023-12-04
1404,Qabil Deshpande,customer1404@example.com,6795005464,Kolkata,2024-11-01
1405,Indrajit Shah,customer1405@example.com,9271575234,Chennai,2025-12-02
1406,Anita Swamy,customer1406@example.com,7375902589,Pune,2024-12-03
1407,Ekani Bahl,customer1407@example.com,6565275656,Nagpur,2024-05-06
1408,Chandran Warrior,customer1408@example.com,9247194085,Pune,2023-09-15
1409,Quincy Chaudry,customer1409@example.com,7364797259,Nagpur,2023-07-08
1410,Amruta Dass,customer1410@example.com,8803843311,Kochi,2024-11-06
1411,Abhiram Kaul,customer1411@example.com,7794971780,Delhi,2024-11-19
1412,Matthew Aurora,customer1412@example.com,7344517118,Surat,2025-10-02
1413,Teerth Oommen,customer1413@example.com,6637949949,Ahmedabad,2023-08-24
1414,Devika Tara,customer1414@example.com,6151187343,Chandigarh,2023-09-28
1415,Ubika Balay,customer1415@example.com,8954860663,Bhopal,2023-09-16
1416,Faris Dhingra,customer1416@example.com,6612614209,Nashik,2023-07-27
1417,Amaira Ramanathan,customer1417@example.com,7412504125,Chennai,2024-03-13
1418,Upma Golla,customer1418@example.com,6645978250,Lucknow,2023-12-24
1419,Zashil Raj,customer1419@example.com,6317199220,Ahmedabad,2024-03-31
1420,Jairaj Kothari,customer1420@example.com,6118292935,Chennai,2026-05-07
1421,Saanvi Kota,customer1421@example.com,7554208813,Ahmedabad,2024-01-06
1422,Rushil Sharma,customer1422@example.com,6492359182,Chandigarh,2023-01-31
1423,Sathvik Solanki,customer1423@example.com,9908451155,Chandigarh,2024-05-16
1424,Devika Naidu,customer1424@example.com,7949527622,Hyderabad,2025-06-04
1425,Brijesh Verma,customer1425@example.com,7310473371,Chandigarh,2026-01-21
1426,Zehaan Srivastava,customer1426@example.com,8398481677,Chennai,2024-03-07
1427,Rushil Patel,customer1427@example.com,6527840584,Mumbai,2024-01-08
1428,Tejas Chowdhury,customer1428@example.com,7919217948,Surat,2026-06-26
1429,Radha Nair,customer1429@example.com,8902907356,Ahmedabad,2025-09-14
1430,Oliver Majumdar,customer1430@example.com,7540152739,Kolkata,2024-07-07
1431,Meghana Kibe,customer1431@example.com,7856754968,Lucknow,2025-05-22
1432,Brijesh Soman,customer1432@example.com,8651246665,Mumbai,2026-01-01
1433,Kamya Chakraborty,customer1433@example.com,7438256508,Delhi,2025-08-05
1434,Nakul Tata,customer1434@example.com,6235128641,Chennai,2023-11-10
1435,Hamsini Bhasin,customer1435@example.com,9842306453,Pune,2025-04-05
1436,Ishani Dube,customer1436@example.com,9255198831,Kolkata,2025-03-15
1437,Jeremiah Sura,customer1437@example.com,6375573968,Mumbai,2026-05-20
1438,Edhitha Palan,customer1438@example.com,6243553139,Mumbai,2025-02-01
1439,Reyansh Bail,customer1439@example.com,8267190274,Jaipur,2025-01-18
1440,Ishita Desai,customer1440@example.com,9620663999,Nashik,2023-02-15
1441,Balveer Sundaram,customer1441@example.com,9719506174,Mumbai,2025-04-24
1442,Chaitaly Suri,customer1442@example.com,9993808615,Bengaluru,2024-06-23
1443,Rachit Pall,customer1443@example.com,8723099086,Kochi,2023-01-16
1444,Upadhriti Maharaj,customer1444@example.com,6532836577,Bhopal,2025-06-30
1445,Ekapad Wali,customer1445@example.com,7355389810,Bhopal,2024-12-05
1446,Shivani Merchant,customer1446@example.com,8281457873,Nagpur,2024-02-01
1447,Jeevika Setty,customer1447@example.com,7338135473,Jaipur,2026-01-31
1448,Yashawini Raghavan,customer1448@example.com,8992515366,Kolkata,2026-05-23
1449,Anirudh Patla,customer1449@example.com,8652962096,Indore,2023-09-16
1450,Ekani Bhatnagar,customer1450@example.com,9772431694,Hyderabad,2023-06-10
1451,Ranveer Viswanathan,customer1451@example.com,8824773318,Jaipur,2025-10-22
1452,Mitesh Mandal,customer1452@example.com,9859436315,Bengaluru,2023-10-03
1453,Nimrat Nagy,customer1453@example.com,9393379869,Delhi,2025-10-21
1454,Gopal Virk,customer1454@example.com,7156953426,Chandigarh,2023-02-05
1455,Caleb Dayal,customer1455@example.com,6946894451,Nashik,2023-11-03
1456,Azad Jaggi,customer1456@example.com,9472729923,Bengaluru,2023-12-23
1457,Vedika Handa,customer1457@example.com,6597783697,Chandigarh,2023-10-19
1458,Azad Rama,customer1458@example.com,9334905387,Bengaluru,2023-03-07
1459,Aahana Bawa,customer1459@example.com,9145184187,Kochi,2023-02-08
1460,Timothy Bobal,customer1460@example.com,8494058288,Jaipur,2024-11-01
1461,Sathvik Swamy,customer1461@example.com,9129380783,Pune,2023-04-11
1462,Upadhriti Bhat,customer1462@example.com,8897368160,Lucknow,2023-08-26
1463,Ojasvi Pillay,customer1463@example.com,7688594098,Kolkata,2026-01-27
1464,Amaira Wadhwa,customer1464@example.com,8559977850,Jaipur,2025-01-24
1465,Ekavir Modi,customer1465@example.com,9661074315,Chandigarh,2026-06-06
1466,Tarak Venkataraman,customer1466@example.com,7906444790,Kolkata,2024-06-24
1467,Harrison Kashyap,customer1467@example.com,6152096336,Delhi,2025-11-01
1468,Ranveer Hans,customer1468@example.com,9919268681,Nagpur,2024-05-20
1469,Praneel Sagar,customer1469@example.com,6635769900,Kochi,2026-04-09
1470,Ishita Shanker,customer1470@example.com,6112186528,Jaipur,2023-12-28
1471,Hemang Ganesan,customer1471@example.com,7796679096,Jaipur,2023-04-10
1472,Neelima Thaman,customer1472@example.com,6130719118,Lucknow,2025-11-18
1473,Nakul Walla,customer1473@example.com,6875502158,Nagpur,2024-01-25
1474,Indira Murty,customer1474@example.com,9736284134,Kochi,2023-09-17
1475,Kamya Sachar,customer1475@example.com,7766566642,Nashik,2024-12-20
1476,Ekiya Khosla,customer1476@example.com,9298412389,Nagpur,2024-09-17
1477,Keya Kumar,customer1477@example.com,6338353720,Chandigarh,2025-05-23
1478,Sneha Sem,customer1478@example.com,9803112054,Surat,2025-09-24
1479,Aadi Banerjee,customer1479@example.com,9112350251,Hyderabad,2026-01-20
1480,Amol Vasa,customer1480@example.com,6683023989,Indore,2026-01-26
1481,Chasmum Ahuja,customer1481@example.com,6365267433,Surat,2025-07-15
1482,Tristan Kala,customer1482@example.com,7193344322,Mumbai,2025-11-21
1483,Anthony Majumdar,customer1483@example.com,6383277954,Indore,2024-06-25
1484,Girindra Barad,customer1484@example.com,7741806721,Jaipur,2024-04-18
1485,Ishani Dugal,customer1485@example.com,7162542403,Delhi,2023-03-03
1486,Alka Peri,customer1486@example.com,9691563426,Kolkata,2026-03-10
1487,Viraj Kunda,customer1487@example.com,7400942780,Jaipur,2023-11-07
1488,George Ratta,customer1488@example.com,9446898411,Indore,2025-03-19
1489,Faras Nair,customer1489@example.com,9340066380,Pune,2023-02-16
1490,Oscar Sura,customer1490@example.com,9577349193,Nagpur,2023-02-27
1491,Charita Barad,customer1491@example.com,8577669336,Nashik,2025-02-06
1492,Farhan Bhalla,customer1492@example.com,7403639622,Hyderabad,2026-03-31
1493,Ijaya Saraf,customer1493@example.com,6247760642,Delhi,2025-06-04
1494,Jai Karan,customer1494@example.com,8702564795,Chennai,2023-01-26
1495,Lavanya Bhagat,customer1495@example.com,7373197771,Kochi,2024-11-28
1496,Benjamin Nagar,customer1496@example.com,8788125281,Nashik,2024-03-25
1497,Eta Thakkar,customer1497@example.com,9223700147,Bengaluru,2025-09-12
1498,Michael Bedi,customer1498@example.com,8841984636,Nashik,2024-07-09
1499,Sanaya Thaman,customer1499@example.com,7797979704,Ahmedabad,2025-06-10
1500,Tristan Sankaran,customer1500@example.com,8536288787,Jaipur,2025-05-28
1501,Meera Divan,customer1501@example.com,8153091022,Hyderabad,2023-10-08
1502,Gayathri Butala,customer1502@example.com,9471951641,Ahmedabad,2023-11-24
1503,Chandran Rastogi,customer1503@example.com,6841683366,Nagpur,2023-01-27
1504,Frederick Rastogi,customer1504@example.com,8649662948,Mumbai,2023-06-18
1505,Kalpit Deshmukh,customer1505@example.com,8670814086,Chandigarh,2024-01-02
1506,Rudra Sura,customer1506@example.com,6916818281,Ahmedabad,2024-06-07
1507,Rohan Viswanathan,customer1507@example.com,6811365913,Hyderabad,2025-01-01
1508,Xavier Bora,customer1508@example.com,6225283739,Bhopal,2023-05-13
1509,Qushi Naik,customer1509@example.com,8327235680,Nashik,2024-11-03
1510,Isaiah Sachdev,customer1510@example.com,6131738784,Chandigarh,2023-01-18
1511,Jasmit Pall,customer1511@example.com,7816211568,Chennai,2025-01-22
1512,Ekani Padmanabhan,customer1512@example.com,7963847077,Lucknow,2024-10-07
1513,Dalaja Gara,customer1513@example.com,9610014427,Jaipur,2023-04-16
1514,Riya Dhingra,customer1514@example.com,8101461433,Kochi,2025-04-21
1515,Chaitanya Kaur,customer1515@example.com,7968717317,Lucknow,2023-03-11
1516,Kashvi Dugal,customer1516@example.com,7738522930,Lucknow,2026-01-27
1517,Isaiah Bhagat,customer1517@example.com,9525829297,Kolkata,2025-08-01
1518,Manbir Mani,customer1518@example.com,6945568232,Surat,2024-08-23
1519,Hemal Choudhry,customer1519@example.com,8771441793,Jaipur,2023-09-08
1520,Shivani Sinha,customer1520@example.com,7884270521,Surat,2025-07-09
1521,Garima Kadakia,customer1521@example.com,7667167106,Delhi,2025-11-23
1522,Samar Virk,customer1522@example.com,9551681722,Nagpur,2025-10-19
1523,Vasudha Dhaliwal,customer1523@example.com,9468544240,Chandigarh,2025-04-17
1524,Krisha Vyas,customer1524@example.com,6850695795,Kolkata,2023-11-19
1525,Aadhya Garde,customer1525@example.com,8269377912,Delhi,2023-05-13
1526,Bhanumati Iyer,customer1526@example.com,6844832090,Bengaluru,2024-08-28
1527,Chatresh Shroff,customer1527@example.com,6139333160,Indore,2023-01-29
1528,Ekalinga Rama,customer1528@example.com,6773873615,Hyderabad,2026-02-27
1529,Jagvi Chokshi,customer1529@example.com,7893388534,Delhi,2025-08-01
1530,Brinda Raju,customer1530@example.com,9234366197,Delhi,2026-04-12
1531,Lajita Trivedi,customer1531@example.com,6184402474,Nagpur,2024-10-16
1532,Diya Sundaram,customer1532@example.com,9130459094,Pune,2026-04-30
1533,Quincy Issac,customer1533@example.com,8424011890,Chennai,2025-04-13
1534,Anthony Baral,customer1534@example.com,7272156237,Delhi,2026-06-09
1535,Dalaja Nath,customer1535@example.com,6622290612,Chandigarh,2025-03-03
1536,Maya Dugar,customer1536@example.com,7184745814,Jaipur,2025-05-07
1537,Idika Pandey,customer1537@example.com,6504525338,Mumbai,2026-03-18
1538,Chasmum Keer,customer1538@example.com,8193785087,Chennai,2024-01-14
1539,David Kurian,customer1539@example.com,9733646508,Bengaluru,2024-07-09
1540,Ayushman Mammen,customer1540@example.com,7900982771,Ahmedabad,2025-11-06
1541,Max Om,customer1541@example.com,8277428171,Indore,2025-06-17
1542,Laksh Chahal,customer1542@example.com,7530066845,Lucknow,2025-08-19
1543,Utkarsh Sahni,customer1543@example.com,6968700426,Jaipur,2023-03-10
1544,Michael Sandhu,customer1544@example.com,8743855344,Delhi,2025-12-28
1545,Forum Sen,customer1545@example.com,8723414877,Mumbai,2025-08-19
1546,Samuel Devi,customer1546@example.com,8256639163,Hyderabad,2026-04-12
1547,Lakshit More,customer1547@example.com,8133408376,Nashik,2023-01-31
1548,Qushi Dhillon,customer1548@example.com,6161731354,Ahmedabad,2026-02-27
1549,Eesha Bir,customer1549@example.com,8526741860,Pune,2025-01-08
1550,Qarin Nadkarni,customer1550@example.com,9280454316,Hyderabad,2025-12-17
1551,Ayushman Nagar,customer1551@example.com,9892143857,Chennai,2023-12-07
1552,Nisha Mitter,customer1552@example.com,6741589240,Chennai,2025-07-16
1553,Anusha Doshi,customer1553@example.com,8572191748,Mumbai,2025-01-06
1554,Hredhaan Deep,customer1554@example.com,9775185560,Indore,2023-01-13
1555,Atharv Loke,customer1555@example.com,9153833309,Delhi,2025-04-04
1556,Vincent Kashyap,customer1556@example.com,7169713766,Pune,2023-09-18
1557,Jagrati Buch,customer1557@example.com,7391293570,Bhopal,2026-05-13
1558,Krish Thakkar,customer1558@example.com,9114927605,Hyderabad,2025-03-31
1559,Kashvi Gour,customer1559@example.com,9301500593,Ahmedabad,2026-03-30
1560,Vyanjana Som,customer1560@example.com,7145849459,Chandigarh,2023-07-31
1561,Nihal Hans,customer1561@example.com,6102695145,Surat,2023-11-28
1562,Bachittar Rege,customer1562@example.com,9489643231,Lucknow,2024-07-04
1563,Anamika Sachar,customer1563@example.com,8948268459,Chandigarh,2024-12-28
1564,Samaksh Jayaraman,customer1564@example.com,7168377046,Ahmedabad,2024-10-10
1565,Peter Sarna,customer1565@example.com,9555555578,Surat,2024-11-20
1566,Ekta Shankar,customer1566@example.com,9515068144,Bhopal,2025-09-18
1567,Prisha Ravel,customer1567@example.com,7400891343,Hyderabad,2025-04-10
1568,Lajita Munshi,customer1568@example.com,9324408529,Nagpur,2023-06-18
1569,Balvan Verma,customer1569@example.com,9501902681,Kolkata,2023-05-26
1570,Siya Shan,customer1570@example.com,8790889727,Chandigarh,2024-03-28
1571,Yatan Venkataraman,customer1571@example.com,8126370480,Lucknow,2024-04-18
1572,Balveer Ram,customer1572@example.com,8158058808,Kochi,2026-03-22
1573,Ranveer Manne,customer1573@example.com,7253282957,Kochi,2025-09-29
1574,Mitali Modi,customer1574@example.com,9338225873,Kolkata,2024-08-27
1575,Triya Ganesan,customer1575@example.com,6451936230,Lucknow,2024-03-21
1576,Chaitaly Bhagat,customer1576@example.com,9412555536,Mumbai,2026-01-01
1577,Ubika Seth,customer1577@example.com,8549142391,Chennai,2024-12-31
1578,Xiti Chowdhury,customer1578@example.com,9346707096,Pune,2024-09-04
1579,Krishna Ramaswamy,customer1579@example.com,9955906132,Nagpur,2025-04-21
1580,Ekiya Seshadri,customer1580@example.com,7832455356,Chandigarh,2025-05-08
1581,Praneel Setty,customer1581@example.com,9914253062,Kochi,2023-08-10
1582,Suhani Chana,customer1582@example.com,9452233469,Chandigarh,2025-10-14
1583,Ekiya Gade,customer1583@example.com,6840288532,Delhi,2024-06-07
1584,Gavin Comar,customer1584@example.com,6892143135,Chandigarh,2023-08-16
1585,Janani Chada,customer1585@example.com,9211449370,Chennai,2025-03-19
1586,Yasti Dutta,customer1586@example.com,6998920027,Pune,2024-02-08
1587,Lajita Bassi,customer1587@example.com,8211089605,Chennai,2024-03-12
1588,Gautami Doctor,customer1588@example.com,8373748736,Mumbai,2023-04-13
1589,Maanav Gola,customer1589@example.com,6458312878,Chennai,2026-01-29
1590,Oni Morar,customer1590@example.com,7393348472,Surat,2024-04-07
1591,Sanaya Mani,customer1591@example.com,7404595710,Kolkata,2024-05-20
1592,Jacob Deep,customer1592@example.com,9866736656,Nagpur,2024-09-25
1593,Aarush Kulkarni,customer1593@example.com,9630714041,Bengaluru,2023-08-20
1594,Tara Tank,customer1594@example.com,8642279704,Surat,2024-05-10
1595,Abdul Tak,customer1595@example.com,7807357732,Lucknow,2026-04-25
1596,Teerth Soni,customer1596@example.com,9263419975,Delhi,2023-05-17
1597,Nimrat Sathe,customer1597@example.com,7323440338,Nagpur,2025-07-04
1598,Abeer Konda,customer1598@example.com,8474357770,Delhi,2025-07-14
1599,Sarthak Bawa,customer1599@example.com,8141773155,Chandigarh,2024-03-08
1600,Manbir Bhakta,customer1600@example.com,8248926878,Indore,2025-09-16
1601,Balhaar Dhillon,customer1601@example.com,6127101646,Hyderabad,2025-07-27
1602,Chanchal Narula,customer1602@example.com,7372633195,Nashik,2024-06-24
1603,Chandran Chopra,customer1603@example.com,9789336707,Bhopal,2026-02-27
1604,Pranav Edwin,customer1604@example.com,8527196474,Chennai,2023-08-02
1605,Peter Shah,customer1605@example.com,9579602167,Nashik,2025-06-01
1606,Balendra Chander,customer1606@example.com,6606832010,Ahmedabad,2023-05-03
1607,Ekantika Pillay,customer1607@example.com,7759818185,Lucknow,2026-06-06
1608,Ekansh Sane,customer1608@example.com,8442615742,Delhi,2025-06-23
1609,Brinda Sinha,customer1609@example.com,8316135348,Indore,2025-05-25
1610,Jairaj Maharaj,customer1610@example.com,9904648347,Lucknow,2025-07-23
1611,Odika Vohra,customer1611@example.com,6684357074,Kolkata,2023-03-16
1612,Shaurya Bhardwaj,customer1612@example.com,9625304972,Indore,2024-07-13
1613,Gagan Sule,customer1613@example.com,9959269063,Bengaluru,2025-12-28
1614,Prisha Nadig,customer1614@example.com,6742282132,Delhi,2024-06-04
1615,Irya Dayal,customer1615@example.com,9612781136,Kochi,2025-08-25
1616,Zinal Tank,customer1616@example.com,7215996885,Pune,2024-07-08
1617,Pranit Kaul,customer1617@example.com,9833639267,Delhi,2024-12-18
1618,Rishi Agarwal,customer1618@example.com,7395568129,Surat,2025-11-01
1619,Arjun Shroff,customer1619@example.com,9599640966,Kochi,2024-02-11
1620,Sarthak Sachdeva,customer1620@example.com,9326333648,Lucknow,2023-08-10
1621,Chakradev Nath,customer1621@example.com,8485783127,Chennai,2025-10-02
1622,Simon Apte,customer1622@example.com,9713349655,Hyderabad,2025-04-29
1623,Baghyawati Kumar,customer1623@example.com,8695594453,Bhopal,2025-12-06
1624,Darika Mital,customer1624@example.com,7495969067,Mumbai,2025-01-27
1625,Abeer Comar,customer1625@example.com,9576425191,Nashik,2025-04-23
1626,Harita Randhawa,customer1626@example.com,8718506196,Kolkata,2024-01-15
1627,Parth Hari,customer1627@example.com,9949787484,Delhi,2025-01-15
1628,Hamsini Srinivas,customer1628@example.com,7267268059,Lucknow,2025-12-01
1629,Balendra Deshpande,customer1629@example.com,7695937397,Ahmedabad,2023-10-07
1630,Nachiket Sharma,customer1630@example.com,9532545242,Ahmedabad,2026-06-14
1631,Turvi Sachdev,customer1631@example.com,6328365616,Hyderabad,2023-04-10
1632,Chandani Mutti,customer1632@example.com,8382359870,Ahmedabad,2023-10-13
1633,Sathvik Narula,customer1633@example.com,7579349766,Hyderabad,2024-11-17
1634,Dominic Dixit,customer1634@example.com,9354990246,Ahmedabad,2024-09-30
1635,Azaan Nori,customer1635@example.com,9302829310,Kolkata,2026-04-28
1636,Noah Ramachandran,customer1636@example.com,9402388713,Chennai,2023-02-22
1637,Jackson Morar,customer1637@example.com,7792957851,Kolkata,2026-02-09
1638,Azad Magar,customer1638@example.com,9849465310,Delhi,2026-05-05
1639,Gabriel Taneja,customer1639@example.com,7500054163,Nagpur,2024-01-02
1640,Kamya Seth,customer1640@example.com,9601744450,Nashik,2026-06-17
1641,Tarak Vohra,customer1641@example.com,7289519721,Kolkata,2025-02-13
1642,Parth Choudhury,customer1642@example.com,9809338226,Jaipur,2024-02-07
1643,Baljiwan Jaggi,customer1643@example.com,9905423276,Jaipur,2023-07-29
1644,Sachi Toor,customer1644@example.com,9344120344,Lucknow,2023-08-22
1645,Vasudha Tella,customer1645@example.com,9433921818,Bhopal,2025-11-28
1646,Ranveer Oak,customer1646@example.com,8259866002,Bengaluru,2026-01-02
1647,Dayita Narang,customer1647@example.com,7670471151,Bhopal,2023-10-11
1648,Guneet Varty,customer1648@example.com,6497448650,Delhi,2023-12-05
1649,Samesh Bansal,customer1649@example.com,7587722757,Indore,2025-02-08
1650,Lila Vig,customer1650@example.com,9693669340,Ahmedabad,2025-02-01
1651,Aayush Mukhopadhyay,customer1651@example.com,6806194798,Pune,2024-01-14
1652,Gagan Nath,customer1652@example.com,7755962294,Nagpur,2023-08-13
1653,Chakradhar Chauhan,customer1653@example.com,7592059067,Hyderabad,2024-12-12
1654,Arin Muni,customer1654@example.com,9276968830,Chennai,2024-09-14
1655,Ekani Iyer,customer1655@example.com,8138161887,Surat,2026-02-01
1656,Bhavini Malhotra,customer1656@example.com,8675298035,Mumbai,2023-06-04
1657,Ridhi Dalal,customer1657@example.com,9605617092,Ahmedabad,2023-10-16
1658,Manthan Dugar,customer1658@example.com,6465689129,Ahmedabad,2025-02-23
1659,Ishwar Aurora,customer1659@example.com,7966305222,Delhi,2023-05-17
1660,Samuel Palla,customer1660@example.com,9838960061,Delhi,2024-03-12
1661,Anika Dhaliwal,customer1661@example.com,7176080405,Pune,2025-07-30
1662,Yash Garg,customer1662@example.com,8663448482,Kolkata,2025-10-28
1663,Deepa Nigam,customer1663@example.com,7381764999,Lucknow,2024-07-14
1664,Chandresh De,customer1664@example.com,8158040667,Hyderabad,2025-04-01
1665,Urishilla Bedi,customer1665@example.com,8580041232,Indore,2026-01-07
1666,Leela Bhagat,customer1666@example.com,7833268275,Bhopal,2026-03-30
1667,Pooja Ramanathan,customer1667@example.com,6887753403,Jaipur,2025-09-02
1668,Sanaya Parekh,customer1668@example.com,6377300921,Surat,2026-02-10
1669,Gaurangi Hora,customer1669@example.com,7894595077,Hyderabad,2025-05-02
1670,Udyati Deep,customer1670@example.com,6429524499,Surat,2023-04-25
1671,Upadhriti Chatterjee,customer1671@example.com,7926074503,Bhopal,2025-04-04
1672,Dayita Shroff,customer1672@example.com,6781609410,Kochi,2025-08-26
1673,Vincent Kapur,customer1673@example.com,7326386840,Indore,2025-06-25
1674,Aarna Patla,customer1674@example.com,6685696701,Kochi,2024-11-19
1675,Qadim Narayanan,customer1675@example.com,8836634932,Bengaluru,2024-09-21
1676,Sudiksha Sura,customer1676@example.com,8639902775,Lucknow,2023-08-06
1677,Dhruv Soman,customer1677@example.com,6255820829,Bengaluru,2024-01-20
1678,Indali Srinivas,customer1678@example.com,6838819251,Delhi,2025-02-18
1679,Onkar Mandal,customer1679@example.com,9413898063,Bengaluru,2026-06-12
1680,Joshua Trivedi,customer1680@example.com,9513427424,Nashik,2023-01-22
1681,Nidra Chhabra,customer1681@example.com,9143441158,Kolkata,2026-01-21
1682,Ekavir Mittal,customer1682@example.com,7945179453,Kolkata,2024-10-01
1683,Nandini Sachdev,customer1683@example.com,6994232808,Ahmedabad,2023-08-28
1684,Yagnesh Dutt,customer1684@example.com,6845648566,Surat,2023-12-20
1685,Leena Bhatti,customer1685@example.com,6278657409,Indore,2023-12-11
1686,Sathvik Sankar,customer1686@example.com,8115090407,Bhopal,2023-05-21
1687,Hema Keer,customer1687@example.com,9812685225,Mumbai,2024-04-07
1688,Faras Sur,customer1688@example.com,6927601942,Hyderabad,2026-03-09
1689,Ubika Nanda,customer1689@example.com,8449842028,Surat,2025-05-08
1690,Sai Goda,customer1690@example.com,9330627193,Hyderabad,2025-11-20
1691,Nidra Boase,customer1691@example.com,6229073819,Hyderabad,2023-12-29
1692,Ladli Narang,customer1692@example.com,8651920037,Bhopal,2023-04-09
1693,Darsh Chana,customer1693@example.com,8227847972,Surat,2023-03-03
1694,Liam Acharya,customer1694@example.com,6100690778,Ahmedabad,2026-02-16
1695,Manthan Sethi,customer1695@example.com,9219791471,Nagpur,2023-12-03
1696,Madhavi Sekhon,customer1696@example.com,9918634134,Chandigarh,2026-06-15
1697,Samesh Nadig,customer1697@example.com,6788637135,Chandigarh,2025-05-30
1698,Daksha Saran,customer1698@example.com,7803227429,Ahmedabad,2024-01-11
1699,Gaurav Anand,customer1699@example.com,9305219417,Jaipur,2026-04-19
1700,Joshua Menon,customer1700@example.com,8955372360,Kochi,2024-05-17
1701,Kala Bera,customer1701@example.com,9810457176,Indore,2024-11-18
1702,Jagrati Choudhary,customer1702@example.com,9183399173,Bhopal,2026-01-31
1703,Azaan Keer,customer1703@example.com,8689713523,Indore,2024-09-25
1704,Meera Nadkarni,customer1704@example.com,7472580343,Pune,2026-04-01
1705,Nidra Raj,customer1705@example.com,7689467279,Hyderabad,2023-07-01
1706,Siddharth Ghose,customer1706@example.com,7665369527,Nashik,2023-04-06
1707,Liam Guha,customer1707@example.com,8812353683,Chennai,2025-04-23
1708,Jagvi Sahni,customer1708@example.com,7641757114,Jaipur,2023-05-13
1709,Bhavya Dass,customer1709@example.com,7181009709,Chandigarh,2023-08-09
1710,Advay Bora,customer1710@example.com,8773516307,Ahmedabad,2026-04-30
1711,Maanas Sur,customer1711@example.com,8718489124,Lucknow,2024-11-21
1712,Laban Chad,customer1712@example.com,8625600629,Pune,2024-11-20
1713,Ojasvi Shah,customer1713@example.com,8263915386,Mumbai,2026-02-01
1714,Pranit Sha,customer1714@example.com,7313002481,Indore,2025-12-13
1715,Shivani Rajagopalan,customer1715@example.com,7401930813,Kochi,2025-08-24
1716,Upkaar Grewal,customer1716@example.com,9921378694,Lucknow,2023-01-23
1717,Abhimanyu Tara,customer1717@example.com,8276447397,Delhi,2026-02-15
1718,Yachana Luthra,customer1718@example.com,6165405995,Pune,2026-05-20
1719,Jeevika Bandi,customer1719@example.com,7953798672,Indore,2023-05-08
1720,Vasudha Pillay,customer1720@example.com,8363994195,Nagpur,2025-04-06
1721,Vasatika Buch,customer1721@example.com,9557881818,Surat,2024-05-26
1722,Ati Shroff,customer1722@example.com,9778389718,Kochi,2024-03-18
1723,Gaurang Korpal,customer1723@example.com,7302133992,Chennai,2023-09-24
1724,Faras Zacharia,customer1724@example.com,7116184291,Bhopal,2024-12-02
1725,Chatresh Oza,customer1725@example.com,9272139367,Kochi,2023-12-23
1726,Upasna Setty,customer1726@example.com,8657797698,Ahmedabad,2023-07-23
1727,Garima Sama,customer1727@example.com,7582693903,Bhopal,2024-08-16
1728,Chaitaly Mann,customer1728@example.com,7673846447,Chandigarh,2026-05-08
1729,Balendra Modi,customer1729@example.com,9215769200,Kolkata,2024-11-13
1730,Darsh Solanki,customer1730@example.com,7984699974,Surat,2024-01-31
1731,Charan Manne,customer1731@example.com,6931941396,Mumbai,2025-05-27
1732,Bhavini Sundaram,customer1732@example.com,8204431849,Kolkata,2023-10-20
1733,Jonathan Tiwari,customer1733@example.com,6491302935,Kolkata,2026-05-17
1734,Arunima Krishnan,customer1734@example.com,9780321058,Jaipur,2023-01-11
1735,Avni Maharaj,customer1735@example.com,9356052443,Bengaluru,2024-03-22
1736,Akshay Choudhury,customer1736@example.com,8524645202,Surat,2024-03-16
1737,Matthew Sekhon,customer1737@example.com,9241083727,Kolkata,2023-08-17
1738,Parth Lal,customer1738@example.com,8999442022,Surat,2025-09-15
1739,Vedhika Golla,customer1739@example.com,7646810051,Nashik,2024-06-10
1740,Hemal Chad,customer1740@example.com,6902760719,Pune,2023-01-29
1741,Mitesh Tandon,customer1741@example.com,6206589099,Kochi,2025-03-15
1742,Leela Khanna,customer1742@example.com,9493485388,Chennai,2025-08-24
1743,Oliver Kade,customer1743@example.com,6751251197,Pune,2023-08-17
1744,Chatura Lalla,customer1744@example.com,6423892806,Chennai,2024-12-15
1745,Charles Ganesh,customer1745@example.com,8693874588,Chennai,2024-09-06
1746,Mohini Soni,customer1746@example.com,7559446034,Kolkata,2025-05-24
1747,Vamakshi Walia,customer1747@example.com,6353202232,Chennai,2023-11-20
1748,Ladli Ramakrishnan,customer1748@example.com,6469865880,Kolkata,2023-06-14
1749,Adweta Dhillon,customer1749@example.com,8720349969,Mumbai,2026-02-24
1750,Advik Mani,customer1750@example.com,6389003968,Nashik,2025-10-30
1751,Lavanya Mutti,customer1751@example.com,9137387970,Mumbai,2025-05-18
1752,Gunbir Wali,customer1752@example.com,7251233310,Jaipur,2024-04-10
1753,Rachana Mahajan,customer1753@example.com,8106877037,Kochi,2024-04-19
1754,Anamika Loke,customer1754@example.com,6664403097,Bengaluru,2024-08-27
1755,Aadhya Raman,customer1755@example.com,7563267324,Kochi,2025-03-31
1756,Wyatt Hayer,customer1756@example.com,8857942101,Pune,2026-03-22
1757,Pranit Munshi,customer1757@example.com,7686102244,Surat,2025-10-26
1758,Abhiram Bir,customer1758@example.com,9969099680,Kolkata,2024-08-23
1759,Nisha Chaudhari,customer1759@example.com,6434487700,Bengaluru,2023-09-27
1760,Sanaya Panchal,customer1760@example.com,7830308367,Chandigarh,2025-12-05
1761,Bhanumati Krishnamurthy,customer1761@example.com,9113072770,Ahmedabad,2024-09-23
1762,Bahadurjit Bajwa,customer1762@example.com,7631694165,Mumbai,2023-10-02
1763,Dakshesh Kalla,customer1763@example.com,6311090720,Lucknow,2026-05-10
1764,Jagdish Chadha,customer1764@example.com,8556339832,Surat,2024-12-30
1765,Keya Goyal,customer1765@example.com,8599249778,Delhi,2026-03-21
1766,Qarin Kulkarni,customer1766@example.com,8604666573,Chandigarh,2025-09-21
1767,Unni Borra,customer1767@example.com,6752446634,Indore,2023-01-12
1768,Aradhana Sane,customer1768@example.com,6317714004,Ahmedabad,2024-02-05
1769,Aarini Edwin,customer1769@example.com,6200013688,Nashik,2023-02-26
1770,Aradhana Bhatia,customer1770@example.com,7654330474,Nagpur,2025-01-07
1771,Lipika Natarajan,customer1771@example.com,9901312983,Chennai,2025-06-10
1772,Aarna Lanka,customer1772@example.com,8613425430,Nashik,2025-08-29
1773,Ridhi Boase,customer1773@example.com,6256082309,Surat,2023-06-04
1774,Sai Ramaswamy,customer1774@example.com,7799159400,Chennai,2023-11-17
1775,Vyanjana Chopra,customer1775@example.com,7962760903,Bhopal,2026-02-22
1776,Raagini Kamdar,customer1776@example.com,7771588604,Chandigarh,2023-02-20
1777,Riya Lad,customer1777@example.com,7173747648,Delhi,2025-08-23
1778,Bakhshi Bora,customer1778@example.com,7348384203,Bengaluru,2023-10-29
1779,Zashil Sehgal,customer1779@example.com,7956965670,Indore,2025-02-17
1780,Widisha Dixit,customer1780@example.com,7397660599,Jaipur,2026-03-10
1781,Baljiwan Ramakrishnan,customer1781@example.com,7958151611,Jaipur,2024-12-13
1782,Max Narayan,customer1782@example.com,8289556482,Chennai,2024-01-21
1783,Aarush Varma,customer1783@example.com,8488678711,Chennai,2025-03-21
1784,Vanya Sarin,customer1784@example.com,8156178284,Nashik,2025-04-10
1785,Ekaraj Zachariah,customer1785@example.com,7897630254,Nagpur,2024-09-19
1786,Aarush Rajagopalan,customer1786@example.com,8593899665,Kolkata,2025-12-16
1787,Jairaj Wason,customer1787@example.com,9868451073,Jaipur,2024-08-16
1788,Gauri Mitter,customer1788@example.com,8105119641,Pune,2023-03-25
1789,Christopher Chana,customer1789@example.com,7679728169,Chennai,2025-04-18
1790,Harini Buch,customer1790@example.com,6410456609,Nashik,2023-05-13
1791,Bimala Jain,customer1791@example.com,8515403905,Mumbai,2024-01-11
1792,Balveer Rajagopalan,customer1792@example.com,8884431499,Bengaluru,2026-05-21
1793,Chandani Ramakrishnan,customer1793@example.com,7225173117,Mumbai,2025-02-28
1794,Jagrati Sur,customer1794@example.com,9278859722,Lucknow,2025-05-14
1795,Raksha Gupta,customer1795@example.com,9674594839,Surat,2023-01-24
1796,Balendra Hans,customer1796@example.com,9147366565,Pune,2024-10-25
1797,William Suresh,customer1797@example.com,8591357106,Kochi,2023-11-17
1798,Dev Zachariah,customer1798@example.com,6933789092,Nashik,2026-04-01
1799,Xalak Walla,customer1799@example.com,7536840347,Kolkata,2025-04-28
1800,Amol Bansal,customer1800@example.com,9310232457,Delhi,2025-07-27
1801,Daksh Nazareth,customer1801@example.com,7809792459,Nagpur,2026-04-25
1802,Nidra Dani,customer1802@example.com,7245505695,Nagpur,2024-03-06
1803,Tara Yadav,customer1803@example.com,9795184754,Nagpur,2025-03-10
1804,Viraj Bora,customer1804@example.com,7334175312,Nagpur,2024-01-20
1805,Lohit Suresh,customer1805@example.com,8653861427,Kolkata,2024-10-31
1806,Urishilla Bath,customer1806@example.com,7999134241,Jaipur,2023-04-01
1807,Kalpit Atwal,customer1807@example.com,6872758088,Kochi,2023-04-20
1808,Chandresh Mohanty,customer1808@example.com,9758305191,Bengaluru,2023-12-06
1809,Tanmayi Garde,customer1809@example.com,6910321919,Bengaluru,2024-07-10
1810,Hitesh Comar,customer1810@example.com,7559686186,Indore,2023-05-30
1811,Thomas Bhatnagar,customer1811@example.com,7483711954,Jaipur,2026-04-05
1812,Pooja Nazareth,customer1812@example.com,8276937412,Bhopal,2025-12-07
1813,Ekta Dara,customer1813@example.com,8424386340,Mumbai,2025-02-22
1814,Ekanta Kala,customer1814@example.com,6512591440,Hyderabad,2024-05-01
1815,Oscar Nayak,customer1815@example.com,6313393788,Ahmedabad,2023-07-11
1816,Jai Mahal,customer1816@example.com,7117636027,Pune,2024-11-03
1817,Ojasvi Ganguly,customer1817@example.com,6815696329,Nashik,2026-01-10
1818,Nitesh Sarna,customer1818@example.com,6371288963,Bengaluru,2025-07-08
1819,Banjeet Deol,customer1819@example.com,9834808608,Pune,2025-02-03
1820,Krisha Dugar,customer1820@example.com,6544381158,Delhi,2026-05-09
1821,Vidhi Buch,customer1821@example.com,7869536596,Mumbai,2024-01-29
1822,Abhimanyu Gola,customer1822@example.com,8778150584,Bhopal,2024-01-28
1823,Bhanumati Saha,customer1823@example.com,8471332166,Jaipur,2025-07-06
1824,Jonathan Jhaveri,customer1824@example.com,6854109402,Indore,2024-07-21
1825,Anika Virk,customer1825@example.com,9371391612,Jaipur,2026-03-31
1826,Nisha Khare,customer1826@example.com,6251125278,Chennai,2023-08-13
1827,Baljiwan Gole,customer1827@example.com,7768970332,Jaipur,2025-09-20
1828,Gaurang Mitra,customer1828@example.com,9575589364,Bengaluru,2023-01-14
1829,Omya Agrawal,customer1829@example.com,7314166735,Bengaluru,2025-11-17
1830,Rehaan Dalal,customer1830@example.com,8260020583,Chandigarh,2024-12-16
1831,Janaki Zacharia,customer1831@example.com,6973666076,Nagpur,2025-01-11
1832,Ucchal Joshi,customer1832@example.com,7693921702,Nagpur,2024-09-30
1833,Chatresh Hari,customer1833@example.com,6113458496,Kolkata,2025-02-07
1834,Manthan Som,customer1834@example.com,8910543208,Nagpur,2025-06-18
1835,Patrick Dutta,customer1835@example.com,9376095520,Lucknow,2024-06-29
1836,Chatura Patla,customer1836@example.com,6456295945,Kolkata,2023-12-20
1837,Shaurya Saran,customer1837@example.com,6908989828,Surat,2025-12-24
1838,Gaurika Setty,customer1838@example.com,6120021787,Bhopal,2024-08-14
1839,Hemang Ben,customer1839@example.com,6521098090,Chandigarh,2025-01-04
1840,Nakul Balakrishnan,customer1840@example.com,8649170971,Lucknow,2025-06-27
1841,Yutika D’Alia,customer1841@example.com,6887056762,Delhi,2025-09-18
1842,Wahab Saxena,customer1842@example.com,8992975560,Kochi,2025-03-09
1843,Oni Issac,customer1843@example.com,6378491852,Ahmedabad,2024-06-05
1844,Victor Choudhary,customer1844@example.com,7323649309,Hyderabad,2023-11-11
1845,Vedant Chaudhari,customer1845@example.com,6137297281,Chandigarh,2025-11-09
1846,Nitara Iyengar,customer1846@example.com,7897787001,Bengaluru,2026-03-01
1847,Thomas Borah,customer1847@example.com,6355239125,Delhi,2025-03-03
1848,Vedhika Bhagat,customer1848@example.com,7882238497,Indore,2026-05-23
1849,Maanav Kalita,customer1849@example.com,7362442113,Nagpur,2023-02-12
1850,Pranav Ram,customer1850@example.com,9634440847,Pune,2023-12-16
1851,Laban Shankar,customer1851@example.com,9542142001,Ahmedabad,2023-01-01
1852,Jagrati Madan,customer1852@example.com,9895249993,Indore,2023-02-22
1853,Gautami Datta,customer1853@example.com,7611622522,Bhopal,2026-02-11
1854,Darpan Mand,customer1854@example.com,9467667091,Nashik,2026-03-08
1855,Indrajit Shroff,customer1855@example.com,7466826649,Nagpur,2025-02-27
1856,Omya Garg,customer1856@example.com,8475598750,Lucknow,2026-05-09
1857,Thomas Merchant,customer1857@example.com,6525249212,Bengaluru,2025-01-28
1858,Onkar Karpe,customer1858@example.com,9684541542,Bhopal,2024-12-08
1859,Nisha Vig,customer1859@example.com,7430741566,Kochi,2023-05-25
1860,Tarak Solanki,customer1860@example.com,9208191133,Nashik,2024-04-21
1861,Arya Atwal,customer1861@example.com,8675050879,Ahmedabad,2026-03-22
1862,Yatin Kota,customer1862@example.com,6961708259,Nagpur,2024-10-27
1863,Radha Kapadia,customer1863@example.com,6378967000,Bhopal,2023-01-23
1864,Abdul Sahni,customer1864@example.com,9160024396,Jaipur,2023-05-24
1865,Banjeet Singhal,customer1865@example.com,8615401812,Surat,2024-11-11
1866,Pavani Wali,customer1866@example.com,9249951290,Pune,2024-02-20
1867,Varenya Chaudhari,customer1867@example.com,7875828709,Chandigarh,2023-10-24
1868,Warhi Khosla,customer1868@example.com,7166948251,Ahmedabad,2026-01-24
1869,Advik Ray,customer1869@example.com,6984279272,Jaipur,2024-02-25
1870,Kevin Parmer,customer1870@example.com,8548631165,Bengaluru,2023-11-26
1871,William Chana,customer1871@example.com,8901704205,Bhopal,2023-05-18
1872,Varsha Mody,customer1872@example.com,6741665487,Surat,2024-01-31
1873,Tripti Bajwa,customer1873@example.com,6145883048,Nashik,2024-03-25
1874,Ubika Devi,customer1874@example.com,7728079925,Bhopal,2023-01-20
1875,Qasim Prabhakar,customer1875@example.com,7321360313,Ahmedabad,2025-11-20
1876,Aarav Bobal,customer1876@example.com,9653505927,Ahmedabad,2026-02-25
1877,Gaurangi Wali,customer1877@example.com,8165586411,Delhi,2023-08-11
1878,Chaman Sandhu,customer1878@example.com,9322968720,Kochi,2025-05-03
1879,Sarthak Buch,customer1879@example.com,7758573149,Jaipur,2024-05-13
1880,Christopher Varma,customer1880@example.com,6350042335,Indore,2025-07-05
1881,Charan Choudhry,customer1881@example.com,6279818158,Delhi,2026-03-08
1882,Jasmit Shroff,customer1882@example.com,9655620999,Nashik,2026-02-07
1883,Jasmit Peri,customer1883@example.com,9524657765,Indore,2025-10-24
1884,Ekalinga Jayaraman,customer1884@example.com,9308152303,Indore,2025-12-06
1885,Gaurika Khare,customer1885@example.com,8269898188,Bengaluru,2023-08-01
1886,Vanya Kadakia,customer1886@example.com,9740611403,Jaipur,2024-01-16
1887,Ekani Pandit,customer1887@example.com,9580500121,Chandigarh,2023-03-18
1888,Yahvi Sampath,customer1888@example.com,8860692187,Surat,2023-04-16
1889,Chatura Bhatnagar,customer1889@example.com,6311954764,Kochi,2025-04-05
1890,Hemani Sethi,customer1890@example.com,7130877053,Pune,2024-06-23
1891,Yachana Vyas,customer1891@example.com,7499357640,Surat,2025-09-08
1892,Upma Wali,customer1892@example.com,9410910094,Chandigarh,2023-05-22
1893,Siya Pillai,customer1893@example.com,6667945367,Mumbai,2023-12-18
1894,Raghav Shankar,customer1894@example.com,7669062138,Surat,2026-03-27
1895,Faris Raman,customer1895@example.com,7780173610,Chandigarh,2024-09-15
1896,Bhavya Bose,customer1896@example.com,6398063115,Delhi,2023-09-21
1897,Nitesh Majumdar,customer1897@example.com,7275087055,Chandigarh,2024-08-18
1898,Manbir Taneja,customer1898@example.com,8637297853,Kochi,2025-12-18
1899,Samarth Verma,customer1899@example.com,8396541429,Kochi,2025-09-29
1900,Chaaya Saha,customer1900@example.com,8618280017,Indore,2025-08-12
1901,Urvi Palan,customer1901@example.com,7581816288,Lucknow,2024-08-26
1902,Sachi Bail,customer1902@example.com,8582694414,Bhopal,2025-04-09
1903,Ranbir Bhatnagar,customer1903@example.com,9360631781,Lucknow,2025-01-15
1904,Vincent Venkatesh,customer1904@example.com,8819280284,Indore,2025-07-30
1905,Nisha Oza,customer1905@example.com,7257228051,Pune,2025-01-04
1906,Vedika Wagle,customer1906@example.com,6464886573,Ahmedabad,2023-02-02
1907,Tanvi Modi,customer1907@example.com,6328527446,Pune,2023-03-14
1908,Damini Garg,customer1908@example.com,9611047925,Ahmedabad,2026-03-02
1909,Utkarsh Sule,customer1909@example.com,9324210236,Surat,2026-04-14
1910,Bhavya Batta,customer1910@example.com,7785617461,Delhi,2024-12-05
1911,Ira Mane,customer1911@example.com,7793967426,Jaipur,2024-05-09
1912,Ojas Dyal,customer1912@example.com,8621869934,Kochi,2023-01-10
1913,Qabil Gill,customer1913@example.com,6609825156,Nashik,2024-12-31
1914,Neel Khanna,customer1914@example.com,8468887918,Bhopal,2023-03-24
1915,Benjamin Nadig,customer1915@example.com,7994348819,Indore,2025-05-18
1916,Ridhi Lad,customer1916@example.com,8558107801,Jaipur,2023-11-25
1917,Qarin Jha,customer1917@example.com,6755163404,Chandigarh,2024-10-03
1918,Edhitha Padmanabhan,customer1918@example.com,7386875328,Kochi,2025-07-12
1919,Kashish Sen,customer1919@example.com,6545830823,Jaipur,2026-04-29
1920,Charvi Dara,customer1920@example.com,8602016195,Bhopal,2024-09-12
1921,Nidhi Tata,customer1921@example.com,8816009087,Bengaluru,2024-02-21
1922,Tara Nagarajan,customer1922@example.com,6940653163,Jaipur,2023-05-28
1923,Aayush Tripathi,customer1923@example.com,9261886436,Indore,2024-02-06
1924,Chakrika Som,customer1924@example.com,6721942552,Indore,2024-06-20
1925,Manan Sathe,customer1925@example.com,7884996657,Jaipur,2025-10-31
1926,Isaiah Srinivas,customer1926@example.com,9250353247,Delhi,2026-01-17
1927,Liam Dada,customer1927@example.com,6681944528,Lucknow,2024-11-19
1928,Aryan Ratti,customer1928@example.com,6217059972,Ahmedabad,2023-10-08
1929,Sanaya Parikh,customer1929@example.com,8197899016,Delhi,2024-09-08
1930,Eta Bhakta,customer1930@example.com,6981001857,Chandigarh,2024-09-21
1931,Tristan Mall,customer1931@example.com,6761323097,Lucknow,2023-01-14
1932,Arin Chacko,customer1932@example.com,9901362383,Bhopal,2026-05-15
1933,Gagan Vala,customer1933@example.com,8477171342,Bhopal,2023-09-27
1934,Robert Swaminathan,customer1934@example.com,7765044250,Pune,2023-03-13
1935,Yasti Bhalla,customer1935@example.com,8594125552,Delhi,2023-03-15
1936,Mitali Divan,customer1936@example.com,7419667646,Bengaluru,2025-09-14
1937,Kala Raju,customer1937@example.com,6884368960,Nagpur,2024-01-08
1938,Advik Mane,customer1938@example.com,6405342809,Mumbai,2023-11-20
1939,Indali Morar,customer1939@example.com,6304778689,Bhopal,2026-01-31
1940,Gagan Kale,customer1940@example.com,9203743498,Surat,2024-10-25
1941,Ojasvi Savant,customer1941@example.com,7468483624,Bhopal,2023-07-06
1942,Nihal Samra,customer1942@example.com,9125788031,Jaipur,2024-02-15
1943,Liam Chadha,customer1943@example.com,6285415006,Mumbai,2025-11-17
1944,Sarthak Mitter,customer1944@example.com,7209220582,Bhopal,2026-06-06
1945,Gautami Bhatti,customer1945@example.com,6997751979,Indore,2026-02-01
1946,Gaurang Ahuja,customer1946@example.com,8221080889,Bhopal,2025-12-13
1947,Anjali Sachdeva,customer1947@example.com,7664727279,Nagpur,2023-04-15
1948,Turvi Devan,customer1948@example.com,9822778742,Kolkata,2023-09-10
1949,Quincy Raj,customer1949@example.com,8780548052,Nashik,2025-12-26
1950,Vritti Basak,customer1950@example.com,9430254062,Indore,2023-04-11
1951,Daksha Tak,customer1951@example.com,7963336828,Kolkata,2024-01-28
1952,Udarsh Bala,customer1952@example.com,6246183979,Surat,2023-04-02
1953,Mitesh Lala,customer1953@example.com,9399786517,Mumbai,2024-03-17
1954,Urmi Dash,customer1954@example.com,7240305222,Nashik,2025-10-05
1955,Omisha Gola,customer1955@example.com,7216596765,Ahmedabad,2025-01-23
1956,Yash Balakrishnan,customer1956@example.com,8601889336,Nagpur,2023-12-25
1957,Aradhana Tailor,customer1957@example.com,8826079302,Jaipur,2023-12-31
1958,Janaki Srivastava,customer1958@example.com,7940853634,Surat,2025-06-23
1959,Aarna Soni,customer1959@example.com,6205969471,Mumbai,2025-03-13
1960,Kashvi Vala,customer1960@example.com,9632402040,Pune,2023-12-17
1961,Aashi Gaba,customer1961@example.com,9706452831,Bhopal,2026-04-01
1962,Madhav Nagarajan,customer1962@example.com,6606003808,Surat,2025-02-12
1963,Krishna Parikh,customer1963@example.com,9231115988,Mumbai,2025-03-10
1964,Chatresh Mahajan,customer1964@example.com,9462150478,Pune,2023-04-28
1965,Oni Parekh,customer1965@example.com,7376742387,Nashik,2024-08-12
1966,Bimala Manne,customer1966@example.com,9401083557,Hyderabad,2024-08-07
1967,Yoshita Hari,customer1967@example.com,9323192698,Jaipur,2026-05-18
1968,Girindra Ganesh,customer1968@example.com,8687686987,Surat,2025-05-09
1969,Diya Mitra,customer1969@example.com,9755420653,Surat,2025-12-10
1970,Janani Char,customer1970@example.com,9106191081,Indore,2024-01-11
1971,Maanas Arya,customer1971@example.com,9785308971,Kochi,2025-07-13
1972,Zarna Manda,customer1972@example.com,7839693534,Bengaluru,2025-10-01
1973,Vedhika Sabharwal,customer1973@example.com,7658020600,Bhopal,2023-11-19
1974,Nicholas Chaudry,customer1974@example.com,7551277593,Kochi,2026-01-17
1975,Mohammed Thakur,customer1975@example.com,8131890577,Delhi,2024-12-12
1976,Raghav Vora,customer1976@example.com,8686759042,Chandigarh,2023-09-14
1977,Omisha Sharma,customer1977@example.com,8883590919,Hyderabad,2025-03-19
1978,Jackson Deep,customer1978@example.com,7636818022,Bhopal,2024-07-03
1979,Varsha Pall,customer1979@example.com,8910079966,Hyderabad,2026-04-07
1980,Janani Dewan,customer1980@example.com,9755128033,Kolkata,2026-05-07
1981,Hema Gera,customer1981@example.com,6139141671,Chandigarh,2025-11-12
1982,Ayush Dani,customer1982@example.com,6579557475,Chennai,2023-01-06
1983,Kabir Dhar,customer1983@example.com,6534495248,Nashik,2025-03-05
1984,Damyanti Dass,customer1984@example.com,8308882734,Kolkata,2023-09-01
1985,Kalpit Brar,customer1985@example.com,7910394636,Bhopal,2025-01-30
1986,Isaac Brahmbhatt,customer1986@example.com,7723136085,Surat,2025-06-25
1987,Veda Sankar,customer1987@example.com,7572522499,Jaipur,2026-05-29
1988,Ronith Chokshi,customer1988@example.com,9414144672,Nashik,2025-12-05
1989,Yochana Bhargava,customer1989@example.com,6691023290,Nagpur,2023-05-04
1990,Jagat Kulkarni,customer1990@example.com,7610246838,Delhi,2024-06-26
1991,Dominic Mitra,customer1991@example.com,7398190359,Bhopal,2025-02-20
1992,Gopal Dasgupta,customer1992@example.com,8529006179,Chandigarh,2025-04-11
1993,Ryan Goyal,customer1993@example.com,7340528093,Hyderabad,2024-09-17
1994,Ayush Chana,customer1994@example.com,8251916750,Kolkata,2023-04-01
1995,Arunima Pall,customer1995@example.com,6916996088,Bengaluru,2025-12-24
1996,Naveen Tella,customer1996@example.com,7651571850,Lucknow,2025-01-16
1997,Yashasvi Bir,customer1997@example.com,9288467822,Kochi,2026-01-02
1998,Akshay Wadhwa,customer1998@example.com,6935285132,Chandigarh,2024-12-30
1999,Rehaan Manda,customer1999@example.com,7387764864,Nashik,2023-05-19
2000,Aayush Chaudhary,customer2000@example.com,6429737941,Chennai,2024-09-21
2001,Yamini Soman,customer2001@example.com,8308575322,Hyderabad,2024-07-21
2002,Qasim Sarraf,customer2002@example.com,9550950574,Lucknow,2025-05-31
2003,Pratyush Pant,customer2003@example.com,9708080097,Bengaluru,2023-11-21
2004,Panini Kala,customer2004@example.com,7873849647,Kolkata,2025-12-23
2005,Nikita Chowdhury,customer2005@example.com,7879898772,Kochi,2024-12-14
2006,Jatin Shukla,customer2006@example.com,6555325934,Surat,2023-03-01
2007,Zinal Deshpande,customer2007@example.com,8662658267,Surat,2023-02-07
2008,Jalsa Mani,customer2008@example.com,7557896504,Jaipur,2023-12-23
2009,Fitan Narang,customer2009@example.com,6952229550,Ahmedabad,2025-12-07
2010,Jack Rajan,customer2010@example.com,9434981119,Mumbai,2023-02-25
2011,Tanmayi Muni,customer2011@example.com,6713220608,Mumbai,2025-06-20
2012,Upkaar Reddy,customer2012@example.com,7726175618,Nagpur,2024-11-02
2013,Priya Gulati,customer2013@example.com,6698660097,Nashik,2023-02-18
2014,Vamakshi Pillai,customer2014@example.com,9630601532,Lucknow,2026-03-14
2015,Agastya Swamy,customer2015@example.com,8304314680,Delhi,2025-04-23
2016,Meghana Sarma,customer2016@example.com,7750505508,Kochi,2025-08-21
2017,Jagdish Dhar,customer2017@example.com,8188871328,Nagpur,2023-02-15
2018,Nandini Chaudry,customer2018@example.com,8123186579,Nashik,2025-04-27
2019,Dhruv Patla,customer2019@example.com,7615060449,Chandigarh,2023-08-18
2020,Hamsini Iyer,customer2020@example.com,7237811856,Jaipur,2025-12-24
2021,Jason Kaul,customer2021@example.com,7372330546,Bhopal,2024-08-23
2022,Xalak Mallick,customer2022@example.com,6912344538,Nagpur,2024-06-22
2023,Mugdha Parekh,customer2023@example.com,8330544543,Lucknow,2023-01-12
2024,Nidhi Sundaram,customer2024@example.com,8179426740,Surat,2025-09-27
2025,Manan Sha,customer2025@example.com,9313807750,Nagpur,2024-07-11
2026,Jason Krishna,customer2026@example.com,9139006163,Nashik,2025-09-13
2027,Widisha Kashyap,customer2027@example.com,6650550858,Kochi,2024-01-18
2028,Ayushman Chaudhary,customer2028@example.com,6613541605,Delhi,2025-07-14
2029,Ekansh Tara,customer2029@example.com,9918792562,Nashik,2023-04-27
2030,Praneel Raja,customer2030@example.com,8796517967,Kochi,2025-03-24
2031,Michael Mitter,customer2031@example.com,8856269136,Bengaluru,2023-12-02
2032,Faraj Venkatesh,customer2032@example.com,9274422883,Mumbai,2024-11-15
2033,Unnati Jaggi,customer2033@example.com,6553736072,Chennai,2024-11-10
2034,Widisha Swaminathan,customer2034@example.com,6553980623,Nashik,2024-04-05
2035,Hemal Zachariah,customer2035@example.com,7672385643,Pune,2025-06-30
2036,Azad Sani,customer2036@example.com,7547423657,Nashik,2023-03-13
2037,Leela Sengupta,customer2037@example.com,8802692823,Kochi,2026-05-13
2038,Krisha Savant,customer2038@example.com,8887845126,Surat,2023-07-14
2039,Balendra Bali,customer2039@example.com,7850703207,Surat,2025-06-23
2040,Chavvi Gala,customer2040@example.com,7610822641,Pune,2024-07-26
2041,Raagini Desai,customer2041@example.com,7203964170,Mumbai,2026-05-11
2042,Lopa Sura,customer2042@example.com,9443981854,Kolkata,2025-02-04
2043,Vritti Zacharia,customer2043@example.com,8357670861,Lucknow,2024-11-18
2044,Vamakshi Dugar,customer2044@example.com,8652245072,Chandigarh,2024-09-10
2045,Mahika Lall,customer2045@example.com,8320726088,Chennai,2023-05-03
2046,Krishna Pandit,customer2046@example.com,8763656309,Indore,2025-04-28
2047,Ekani Bhat,customer2047@example.com,8156564794,Hyderabad,2025-02-04
2048,Chakradev Dave,customer2048@example.com,7455340503,Delhi,2026-04-02
2049,Ikshita Bala,customer2049@example.com,8848119129,Kochi,2026-04-21
2050,Lajita Chatterjee,customer2050@example.com,9169298432,Surat,2023-11-07
2051,Hemani Parikh,customer2051@example.com,9309865794,Nashik,2024-06-16
2052,Indali Bhalla,customer2052@example.com,9942819815,Nagpur,2023-10-27
2053,Yug Keer,customer2053@example.com,9702912249,Hyderabad,2025-09-01
2054,Frado Bhatti,customer2054@example.com,8532159504,Bengaluru,2023-01-28
2055,Ishwar Nazareth,customer2055@example.com,7803233710,Delhi,2024-09-11
2056,Anmol Yohannan,customer2056@example.com,8887719999,Mumbai,2025-09-28
2057,Baljiwan Sharma,customer2057@example.com,6730271618,Indore,2024-05-15
2058,Yutika Sama,customer2058@example.com,8123380568,Hyderabad,2025-12-26
2059,Anmol Singh,customer2059@example.com,6676395021,Bengaluru,2026-01-28
2060,Edhitha Purohit,customer2060@example.com,8496731862,Chandigarh,2024-02-21
2061,Ekantika Chaudhari,customer2061@example.com,8822461123,Jaipur,2025-05-02
2062,Harish Jha,customer2062@example.com,8937986014,Hyderabad,2023-10-04
2063,Watika Thakkar,customer2063@example.com,7176766434,Jaipur,2023-08-01
2064,Ojas Mistry,customer2064@example.com,6503687964,Nashik,2023-10-21
2065,Rajata Jaggi,customer2065@example.com,9402738933,Mumbai,2024-03-26
2066,Faqid Wason,customer2066@example.com,6510389269,Lucknow,2026-03-16
2067,Bhavna Lanka,customer2067@example.com,6272333946,Kochi,2023-11-30
2068,Chameli Ratti,customer2068@example.com,9346656864,Indore,2026-03-11
2069,George Chandran,customer2069@example.com,6462620299,Chennai,2023-11-29
2070,Anjali Bhavsar,customer2070@example.com,8461391520,Chennai,2023-02-24
2071,Prisha Kadakia,customer2071@example.com,7351123358,Hyderabad,2025-03-07
2072,Faraj Mittal,customer2072@example.com,7953984096,Chandigarh,2023-03-21
2073,Rachita Zacharia,customer2073@example.com,9154827081,Nagpur,2024-12-17
2074,Ryan Sachdeva,customer2074@example.com,8499288177,Delhi,2024-08-11
2075,Zayan Varma,customer2075@example.com,6913747611,Pune,2024-07-17
2076,Pranit Bahl,customer2076@example.com,9867339232,Surat,2024-04-11
2077,Xalak Kala,customer2077@example.com,9992623991,Mumbai,2025-09-20
2078,Amrita Walia,customer2078@example.com,9567045054,Kolkata,2023-03-08
2079,Darpan Vig,customer2079@example.com,6831257494,Surat,2024-04-14
2080,Janya Shere,customer2080@example.com,6530861252,Kolkata,2023-10-13
2081,Wridesh Dora,customer2081@example.com,8284160179,Ahmedabad,2026-02-10
2082,Radhika Roy,customer2082@example.com,6637252768,Pune,2023-05-12
2083,Devansh Jani,customer2083@example.com,7344032993,Hyderabad,2023-05-01
2084,Amara Mangat,customer2084@example.com,9115528998,Mumbai,2024-09-25
2085,Aahana Keer,customer2085@example.com,6898578887,Mumbai,2024-07-19
2086,William Comar,customer2086@example.com,8584722046,Surat,2024-06-11
2087,Rehaan Bala,customer2087@example.com,9258809833,Nagpur,2026-05-26
2088,Dayita Shetty,customer2088@example.com,9612744562,Delhi,2025-04-20
2089,Rajata Sami,customer2089@example.com,7359195570,Jaipur,2026-05-26
2090,Saksham Dutta,customer2090@example.com,6583975554,Lucknow,2024-06-11
2091,Laban Balakrishnan,customer2091@example.com,7304509591,Mumbai,2026-06-03
2092,Arunima Goda,customer2092@example.com,9463563646,Kolkata,2025-06-16
2093,Vedika Bahri,customer2093@example.com,7100850122,Bhopal,2025-11-10
2094,Fiyaz Murthy,customer2094@example.com,9533686995,Kolkata,2024-02-21
2095,Devansh Ray,customer2095@example.com,6717109000,Nagpur,2025-12-31
2096,Gautam Ranganathan,customer2096@example.com,7193557010,Mumbai,2024-04-17
2097,Warinder Choudhury,customer2097@example.com,6816528105,Nagpur,2025-11-09
2098,Zayan Taneja,customer2098@example.com,9111106789,Kochi,2023-11-22
2099,Wazir Das,customer2099@example.com,8940411442,Delhi,2024-12-08
2100,Forum Ramakrishnan,customer2100@example.com,9231834832,Bengaluru,2026-03-23
2101,Pallavi Kamdar,customer2101@example.com,6854385528,Hyderabad,2025-01-04
2102,Hredhaan Gill,customer2102@example.com,9222768213,Surat,2025-09-19
2103,Anvi Sarraf,customer2103@example.com,8662000932,Lucknow,2025-09-12
2104,Aachal Bhalla,customer2104@example.com,8101310646,Mumbai,2024-08-05
2105,Kavya Chowdhury,customer2105@example.com,8829590103,Indore,2024-01-16
2106,Pallavi Soman,customer2106@example.com,8964990835,Pune,2023-06-15
2107,Arunima Dhillon,customer2107@example.com,6306327375,Lucknow,2025-09-06
2108,Vaishnavi Pillai,customer2108@example.com,8883986523,Bengaluru,2023-07-11
2109,Ansh Banerjee,customer2109@example.com,9660270394,Nashik,2024-09-28
2110,Wriddhish Kulkarni,customer2110@example.com,8719940500,Chandigarh,2023-04-07
2111,Dayamai Patil,customer2111@example.com,8248410640,Jaipur,2023-01-09
2112,Warjas Savant,customer2112@example.com,9420517756,Surat,2025-07-28
2113,Abhiram Ramaswamy,customer2113@example.com,6934736331,Mumbai,2026-02-20
2114,Charvi Chana,customer2114@example.com,8305466116,Jaipur,2024-06-01
2115,Chameli Kade,customer2115@example.com,7604904529,Chandigarh,2024-03-18
2116,Reva Nadig,customer2116@example.com,8233461316,Ahmedabad,2025-04-12
2117,Bahadurjit Mahal,customer2117@example.com,8401425809,Mumbai,2024-11-10
2118,Vyanjana Sinha,customer2118@example.com,9192641278,Kolkata,2025-06-11
2119,Gaurangi Sami,customer2119@example.com,6540282957,Chennai,2024-05-09
2120,Naveen Lal,customer2120@example.com,6489139615,Chandigarh,2025-01-16
2121,Indira Salvi,customer2121@example.com,9695040796,Chandigarh,2024-07-03
2122,Sudiksha Bala,customer2122@example.com,6857116644,Indore,2023-05-24
2123,Qarin Sawhney,customer2123@example.com,9857586615,Surat,2023-12-11
2124,Aarush Rattan,customer2124@example.com,8918718434,Jaipur,2023-09-25
2125,Dalaja Murthy,customer2125@example.com,6917910248,Indore,2023-02-02
2126,Indrajit Dugar,customer2126@example.com,8275885484,Kolkata,2024-12-22
2127,Zaitra De,customer2127@example.com,7477412804,Pune,2025-11-06
2128,Ekaja Seth,customer2128@example.com,7548943857,Kolkata,2025-04-14
2129,Kiaan Lad,customer2129@example.com,6455151631,Nagpur,2023-08-25
2130,Falak Manda,customer2130@example.com,8154517375,Pune,2024-07-06
2131,Frado Sachdeva,customer2131@example.com,8614915189,Kochi,2026-06-06
2132,Qabil Ramaswamy,customer2132@example.com,9494311937,Jaipur,2024-07-14
2133,Udarsh Bail,customer2133@example.com,6365897607,Nashik,2026-04-16
2134,Veer Chakraborty,customer2134@example.com,6915410955,Mumbai,2025-12-18
2135,Rushil Lala,customer2135@example.com,8771848488,Surat,2023-09-17
2136,Chandran Rattan,customer2136@example.com,8621685719,Kolkata,2023-09-11
2137,Abha Dixit,customer2137@example.com,7561766216,Kochi,2023-03-10
2138,Jhalak Garde,customer2138@example.com,6928074817,Chandigarh,2023-03-30
2139,Akshay Vora,customer2139@example.com,6496571854,Chandigarh,2023-09-23
2140,Sudiksha Talwar,customer2140@example.com,9363521260,Surat,2023-11-29
2141,Udarsh Jani,customer2141@example.com,9219452074,Lucknow,2023-02-16
2142,Amaira Mani,customer2142@example.com,7891432713,Bengaluru,2023-07-29
2143,Lavanya De,customer2143@example.com,6278619652,Mumbai,2024-02-19
2144,Samuel Kale,customer2144@example.com,8870971111,Mumbai,2026-01-05
2145,Ranbir Sahota,customer2145@example.com,8442018787,Delhi,2026-02-28
2146,Nilima Dhingra,customer2146@example.com,9502255708,Bhopal,2023-06-12
2147,Bina Lala,customer2147@example.com,7827552426,Kolkata,2024-06-25
2148,Shravya Kothari,customer2148@example.com,9477275840,Chennai,2024-05-11
2149,Tara Chada,customer2149@example.com,9453885994,Delhi,2023-11-26
2150,Upasna Deol,customer2150@example.com,6806220658,Mumbai,2023-05-23
2151,Mitali Kala,customer2151@example.com,9162919136,Chandigarh,2023-03-31
2152,Pallavi Kunda,customer2152@example.com,6529433348,Surat,2023-03-25
2153,Girish Bhargava,customer2153@example.com,8359411542,Lucknow,2024-04-29
2154,Gaurangi Keer,customer2154@example.com,9296652518,Ahmedabad,2025-02-20
2155,Irya Bath,customer2155@example.com,7151680131,Bhopal,2023-12-05
2156,Zehaan Thaman,customer2156@example.com,6429376844,Jaipur,2024-08-29
2157,Chasmum Rana,customer2157@example.com,7451608649,Lucknow,2024-05-17
2158,Kevin Barman,customer2158@example.com,8938628421,Hyderabad,2024-09-15
2159,Abha Gara,customer2159@example.com,6700329916,Pune,2026-05-26
2160,Harinakshi Sidhu,customer2160@example.com,9570884255,Mumbai,2026-02-21
2161,Gaurav Nadig,customer2161@example.com,6865946305,Chandigarh,2025-11-11
2162,Lucky Lad,customer2162@example.com,9836819894,Chennai,2024-07-05
2163,Dhriti Basu,customer2163@example.com,8282048874,Kochi,2024-08-09
2164,Xalak Mand,customer2164@example.com,7706132035,Ahmedabad,2026-04-26
2165,Qushi Mandal,customer2165@example.com,9635177822,Pune,2026-03-06
2166,Aishani Varughese,customer2166@example.com,7797999383,Ahmedabad,2025-04-17
2167,Rajata Gala,customer2167@example.com,6673244471,Indore,2024-09-15
2168,Vyanjana Dora,customer2168@example.com,7835613720,Jaipur,2025-09-12
2169,Chatresh Gulati,customer2169@example.com,6326088513,Indore,2025-06-02
2170,Chatura Karpe,customer2170@example.com,9779820536,Mumbai,2025-03-20
2171,Balendra Singhal,customer2171@example.com,6698369534,Bengaluru,2024-10-10
2172,Nihal Sibal,customer2172@example.com,6379312553,Chennai,2024-04-20
2173,Jack Talwar,customer2173@example.com,7943709043,Chennai,2023-06-23
2174,Riya Parikh,customer2174@example.com,9476744391,Bhopal,2024-08-14
2175,Tanvi Tailor,customer2175@example.com,6219546289,Kolkata,2025-03-21
2176,Manbir Dasgupta,customer2176@example.com,8481177942,Surat,2023-10-15
2177,Girik Jani,customer2177@example.com,6419709743,Mumbai,2025-04-09
2178,Pranit Ganguly,customer2178@example.com,8491047634,Delhi,2025-01-31
2179,Simon Agrawal,customer2179@example.com,7732642210,Kolkata,2026-01-29
2180,Omaja Bose,customer2180@example.com,7982623041,Surat,2024-11-15
2181,Wishi Chandra,customer2181@example.com,9654928408,Ahmedabad,2024-12-10
2182,Atharv Mane,customer2182@example.com,9287399686,Bhopal,2024-11-14
2183,Meera Prakash,customer2183@example.com,7101279372,Lucknow,2026-05-19
2184,Ekiya Dube,customer2184@example.com,8310163602,Mumbai,2026-06-30
2185,Finn Sharma,customer2185@example.com,9544878057,Mumbai,2024-03-19
2186,Sudiksha Luthra,customer2186@example.com,7806631094,Chennai,2025-01-08
2187,Forum Bassi,customer2187@example.com,9317599998,Mumbai,2025-09-09
2188,Ekta Dayal,customer2188@example.com,6832465897,Hyderabad,2023-01-24
2189,Chanakya Mandal,customer2189@example.com,9663628356,Bhopal,2025-04-24
2190,Christopher Bobal,customer2190@example.com,8189805666,Indore,2025-03-08
2191,George Rastogi,customer2191@example.com,6594313330,Kolkata,2025-07-10
2192,Pranav Khatri,customer2192@example.com,8115005563,Hyderabad,2023-08-13
2193,Gaurav Bail,customer2193@example.com,8769774268,Mumbai,2025-06-16
2194,Nicholas Rama,customer2194@example.com,8548497631,Nashik,2026-06-12
2195,Bhavani Dube,customer2195@example.com,7795150246,Kochi,2024-06-13
2196,Chanchal Swaminathan,customer2196@example.com,7871303499,Delhi,2025-05-23
2197,Dayita Deep,customer2197@example.com,6902557739,Nashik,2024-06-30
2198,Gopal Pillai,customer2198@example.com,6766643887,Bengaluru,2026-02-18
2199,Vrishti Sehgal,customer2199@example.com,7643573157,Bengaluru,2023-06-09
2200,Vamakshi Loyal,customer2200@example.com,6991074434,Bhopal,2025-10-09
2201,Gautam Sami,customer2201@example.com,7611526605,Kochi,2025-01-10
2202,Quincy Saraf,customer2202@example.com,8665835306,Surat,2026-06-27
2203,Girik Baria,customer2203@example.com,6591949951,Bhopal,2025-06-16
2204,Ubika Kapur,customer2204@example.com,7608789126,Chandigarh,2023-11-03
2205,Warhi Vyas,customer2205@example.com,6100354182,Nagpur,2026-04-07
2206,Bina Sidhu,customer2206@example.com,8680856484,Ahmedabad,2023-09-28
2207,Fariq Sridhar,customer2207@example.com,9778100662,Nagpur,2024-12-06
2208,Manthan Datta,customer2208@example.com,6666520298,Ahmedabad,2025-04-24
2209,Yuvraj Virk,customer2209@example.com,7139517564,Chandigarh,2024-05-17
2210,Chakrika Batta,customer2210@example.com,9885701227,Chennai,2024-03-03
2211,Chakradev Varghese,customer2211@example.com,8305102536,Bengaluru,2023-07-21
2212,Yashvi Sandal,customer2212@example.com,9237415146,Ahmedabad,2023-05-15
2213,Girindra Shetty,customer2213@example.com,8576140432,Ahmedabad,2023-02-10
2214,Isha Kumar,customer2214@example.com,6760471153,Lucknow,2025-09-01
2215,Yahvi Babu,customer2215@example.com,6292278771,Bengaluru,2024-01-03
2216,Turvi Gola,customer2216@example.com,7990047882,Chennai,2025-06-20
2217,Maya Bath,customer2217@example.com,8412020469,Delhi,2025-11-06
2218,Omaja Mishra,customer2218@example.com,8718834538,Chandigarh,2025-07-19
2219,Suhani Sengupta,customer2219@example.com,6744911983,Bhopal,2026-03-15
2220,Harita Grover,customer2220@example.com,6115333352,Chandigarh,2025-04-09
2221,Qasim Brar,customer2221@example.com,9992425388,Delhi,2025-01-28
2222,Hitesh Saraf,customer2222@example.com,9729230950,Delhi,2024-05-16
2223,Abdul Rana,customer2223@example.com,6740419787,Chennai,2024-01-16
2224,Agastya Garg,customer2224@example.com,6236095058,Nagpur,2026-04-01
2225,Triveni Ravel,customer2225@example.com,8289603755,Surat,2023-02-24
2226,Chavvi Patel,customer2226@example.com,6362367734,Chandigarh,2024-12-05
2227,Chasmum Chahal,customer2227@example.com,9661139946,Bhopal,2024-08-26
2228,Krishna Atwal,customer2228@example.com,8882599694,Nashik,2025-11-27
2229,Isaac Babu,customer2229@example.com,6181519304,Mumbai,2024-10-08
2230,Avi Kadakia,customer2230@example.com,8716655196,Surat,2024-02-17
2231,Maanav Khurana,customer2231@example.com,9673224002,Kochi,2024-01-31
2232,Rayaan Chadha,customer2232@example.com,9825134816,Bhopal,2024-10-02
2233,Ubika Divan,customer2233@example.com,9182680516,Lucknow,2024-04-12
2234,Pahal Bains,customer2234@example.com,7937976736,Bhopal,2025-10-16
2235,Ojas Dua,customer2235@example.com,6569607365,Surat,2024-03-14
2236,Vedhika Sinha,customer2236@example.com,7734891957,Chandigarh,2024-04-08
2237,Shivani Kibe,customer2237@example.com,6723223696,Jaipur,2026-02-02
2238,Chaitaly Ramanathan,customer2238@example.com,6636629405,Indore,2024-05-11
2239,Gauri Anand,customer2239@example.com,7881309238,Lucknow,2023-06-21
2240,Rachana Sagar,customer2240@example.com,7542441166,Kolkata,2024-11-06
2241,Bina Bansal,customer2241@example.com,8428365925,Chennai,2024-01-02
2242,Mugdha Sunder,customer2242@example.com,7658043230,Chandigarh,2023-09-12
2243,Vincent Bhat,customer2243@example.com,7157155773,Nashik,2025-04-18
2244,Pahal Mutti,customer2244@example.com,6148297495,Bengaluru,2024-12-11
2245,Amrita Sahni,customer2245@example.com,9735217535,Kolkata,2025-01-25
2246,Jackson Talwar,customer2246@example.com,8462443485,Hyderabad,2023-05-13
2247,Saumya Sarin,customer2247@example.com,8254158201,Delhi,2026-02-12
2248,Neel Mani,customer2248@example.com,6538157872,Kolkata,2023-10-26
2249,Upasna Padmanabhan,customer2249@example.com,6998424270,Nagpur,2023-10-24
2250,Vincent Tripathi,customer2250@example.com,6116237538,Hyderabad,2023-05-07
2251,Harinakshi Sidhu,customer2251@example.com,9910338771,Ahmedabad,2023-04-01
2252,Chaaya Ramakrishnan,customer2252@example.com,6245824958,Nagpur,2023-11-16
2253,Jagvi Sodhi,customer2253@example.com,6688334174,Ahmedabad,2023-03-02
2254,Sarthak Mandal,customer2254@example.com,8378490625,Indore,2024-07-06
2255,Vasudha Dayal,customer2255@example.com,8999878223,Pune,2023-07-13
2256,Ryan Dugar,customer2256@example.com,8511261148,Nagpur,2026-05-04
2257,Harrison Sagar,customer2257@example.com,9131634412,Chandigarh,2023-09-30
2258,Chavvi Keer,customer2258@example.com,6842406733,Pune,2024-05-28
2259,Champak Badami,customer2259@example.com,6739183587,Kochi,2025-02-10
2260,Advika Parikh,customer2260@example.com,7750866815,Indore,2024-11-05
2261,Owen Thakur,customer2261@example.com,7328764549,Ahmedabad,2024-05-17
2262,Devansh Nazareth,customer2262@example.com,9718867732,Nagpur,2024-06-26
2263,Ishaan Karan,customer2263@example.com,8494315394,Nagpur,2026-06-11
2264,Udarsh Sur,customer2264@example.com,6977987176,Nagpur,2024-02-20
2265,Harini Pant,customer2265@example.com,7427351140,Lucknow,2023-11-04
2266,Amara Dora,customer2266@example.com,8340933701,Ahmedabad,2025-05-01
2267,Chandresh Sarma,customer2267@example.com,6569351644,Nagpur,2024-04-10
2268,Indrajit Cherian,customer2268@example.com,8191832401,Lucknow,2024-04-17
2269,Benjamin Tripathi,customer2269@example.com,7514332425,Bhopal,2025-05-05
2270,Oliver Dalal,customer2270@example.com,8988795584,Indore,2025-07-11
2271,Janaki Dugar,customer2271@example.com,8963230459,Bhopal,2026-04-30
2272,Riya Toor,customer2272@example.com,8191861598,Hyderabad,2023-03-03
2273,Hardik Dube,customer2273@example.com,9695508090,Mumbai,2025-11-24
2274,Gaurika Devi,customer2274@example.com,8320639052,Indore,2025-01-30
2275,Saksham Sarna,customer2275@example.com,9713208196,Chennai,2023-01-01
2276,Abeer Korpal,customer2276@example.com,8626683459,Kolkata,2023-03-27
2277,Harita Mangat,customer2277@example.com,7730190254,Bengaluru,2026-04-18
2278,Frederick Lata,customer2278@example.com,9163806568,Hyderabad,2025-02-01
2279,Oeshi Patel,customer2279@example.com,6401836815,Kolkata,2024-07-31
2280,Max Wagle,customer2280@example.com,8808011809,Pune,2023-05-25
2281,Vedant Devi,customer2281@example.com,6448787006,Pune,2025-07-17
2282,Odika Rout,customer2282@example.com,7336909241,Jaipur,2026-01-15
2283,Zaitra Pathak,customer2283@example.com,8877500713,Nagpur,2025-04-26
2284,Saanvi Dhingra,customer2284@example.com,9553177635,Kochi,2026-01-21
2285,Zansi Boase,customer2285@example.com,9790318895,Chandigarh,2025-08-26
2286,Hamsini Murty,customer2286@example.com,7676578627,Chennai,2023-04-07
2287,Nitesh Saraf,customer2287@example.com,9468779005,Surat,2025-01-27
2288,Maya Bansal,customer2288@example.com,7238746186,Chennai,2026-05-29
2289,Dalbir Venkatesh,customer2289@example.com,9783868233,Delhi,2023-12-10
2290,Oni Ratti,customer2290@example.com,9384446442,Mumbai,2023-09-11
2291,Dipta Padmanabhan,customer2291@example.com,7684785240,Indore,2025-09-12
2292,Ati Wable,customer2292@example.com,9548311750,Bengaluru,2025-01-16
2293,Netra Sehgal,customer2293@example.com,7643994713,Bengaluru,2026-02-12
2294,Riya Pai,customer2294@example.com,7337144591,Lucknow,2026-06-22
2295,Rudra Mitra,customer2295@example.com,7801637072,Nashik,2025-08-07
2296,Balhaar Yogi,customer2296@example.com,8369555272,Bengaluru,2023-10-05
2297,Madhavi Date,customer2297@example.com,7228135576,Chandigarh,2025-10-16
2298,Tanay Chander,customer2298@example.com,8765466984,Nashik,2023-04-22
2299,Harini Dutta,customer2299@example.com,8888622041,Surat,2023-11-20
2300,Ayaan Zacharia,customer2300@example.com,8186685025,Bengaluru,2025-06-07
2301,Wyatt Modi,customer2301@example.com,7362642149,Indore,2024-01-28
2302,Yashasvi Choudhry,customer2302@example.com,9879367423,Hyderabad,2024-03-21
2303,Kashish Lad,customer2303@example.com,8728127555,Hyderabad,2023-12-08
2304,Jatin Batta,customer2304@example.com,6267421589,Jaipur,2023-09-10
2305,Saumya Misra,customer2305@example.com,7810788732,Chandigarh,2023-05-18
2306,Sudiksha Nori,customer2306@example.com,7319650365,Nagpur,2023-11-03
2307,Vivaan Palla,customer2307@example.com,7591508165,Hyderabad,2026-02-10
2308,Bhavani Dey,customer2308@example.com,6246975538,Bhopal,2023-07-10
2309,Zinal Kota,customer2309@example.com,9725574522,Bengaluru,2025-10-17
2310,Falak Varty,customer2310@example.com,7615093537,Delhi,2024-11-21
2311,Jalsa Sha,customer2311@example.com,7242979855,Nashik,2024-08-04
2312,Manan Sandal,customer2312@example.com,6832851294,Pune,2025-12-18
2313,Finn Chanda,customer2313@example.com,6642505134,Jaipur,2025-05-30
2314,Pavani De,customer2314@example.com,7324492214,Kolkata,2026-05-30
2315,Tanish Sehgal,customer2315@example.com,6936633018,Delhi,2025-05-12
2316,Kala Vora,customer2316@example.com,9325746705,Bengaluru,2025-04-12
2317,Zilmil Rana,customer2317@example.com,8308094006,Ahmedabad,2023-10-09
2318,Wishi Sampath,customer2318@example.com,6950536416,Chennai,2025-06-10
2319,Vrishti Saha,customer2319@example.com,6342242007,Nashik,2024-07-16
2320,Maanas Tiwari,customer2320@example.com,8488441481,Nashik,2023-09-06
2321,Vedhika Shankar,customer2321@example.com,6201110391,Indore,2025-04-03
2322,Yochana Wadhwa,customer2322@example.com,8629962299,Nagpur,2024-06-12
2323,Simon Shah,customer2323@example.com,7465109028,Kochi,2025-04-17
2324,Bachittar Dugar,customer2324@example.com,7386407119,Kochi,2026-05-18
2325,Jagat Rege,customer2325@example.com,6911748767,Surat,2024-12-12
2326,Jai Pingle,customer2326@example.com,8888523487,Chandigarh,2026-05-24
2327,Banjeet Virk,customer2327@example.com,6902940945,Delhi,2025-06-20
2328,Jacob Prabhu,customer2328@example.com,7804692964,Surat,2026-04-03
2329,Kavya Mitter,customer2329@example.com,8777148937,Pune,2023-11-15
2330,Vedika Bala,customer2330@example.com,9858266959,Kolkata,2024-12-24
2331,Lucky Sama,customer2331@example.com,6602503215,Indore,2024-02-17
2332,Dalaja Mander,customer2332@example.com,8372162169,Chandigarh,2024-12-24
2333,Qadim Suresh,customer2333@example.com,6867636796,Indore,2025-01-20
2334,Jason Palla,customer2334@example.com,8734778146,Pune,2024-07-23
2335,Chaitanya Sahni,customer2335@example.com,7320406498,Mumbai,2023-09-28
2336,Dayita Sethi,customer2336@example.com,8640316922,Nagpur,2024-06-20
2337,Krishna Soman,customer2337@example.com,9971850702,Chennai,2023-03-27
2338,Lakshit Thaman,customer2338@example.com,6418905084,Kolkata,2025-05-05
2339,Shivani Sen,customer2339@example.com,7654555779,Hyderabad,2024-08-27
2340,Eshana Chakraborty,customer2340@example.com,6435306737,Delhi,2026-01-14
2341,Lila Kaul,customer2341@example.com,6973002301,Pune,2026-04-22
2342,Harinakshi Zachariah,customer2342@example.com,6572077186,Bhopal,2024-07-19
2343,Saanvi Mall,customer2343@example.com,8800964286,Hyderabad,2023-10-20
2344,Noah Bakshi,customer2344@example.com,6571821465,Bengaluru,2025-03-13
2345,Jatin Chada,customer2345@example.com,6658458502,Ahmedabad,2025-03-26
2346,Chatresh Vig,customer2346@example.com,9249206942,Indore,2024-06-03
2347,Vamakshi Thakkar,customer2347@example.com,8550120139,Nagpur,2024-09-11
2348,Jai Wali,customer2348@example.com,9382031336,Hyderabad,2025-07-04
2349,Anirudh Maharaj,customer2349@example.com,8399126726,Lucknow,2026-04-20
2350,Yatan Sawhney,customer2350@example.com,6188714056,Nagpur,2025-11-18
2351,Ekani Ratti,customer2351@example.com,7141813714,Chandigarh,2025-05-17
2352,Vyanjana Bajaj,customer2352@example.com,6567283692,Kochi,2026-04-22
2353,Rajeshri Gole,customer2353@example.com,6207974278,Pune,2023-12-19
2354,Arjun Wable,customer2354@example.com,7477078385,Kolkata,2025-11-08
2355,Lavanya Kurian,customer2355@example.com,6177128441,Indore,2023-05-19
2356,Ishwar Chaudhary,customer2356@example.com,9929828657,Nagpur,2023-09-12
2357,Bhavika Dhawan,customer2357@example.com,6191582204,Hyderabad,2024-11-06
2358,Aadhya Chakraborty,customer2358@example.com,6720292775,Delhi,2023-05-20
2359,Damyanti Reddy,customer2359@example.com,6264390758,Jaipur,2026-04-16
2360,Daniel Nanda,customer2360@example.com,6273216715,Bhopal,2023-05-17
2361,Avi Bhardwaj,customer2361@example.com,8476874770,Chennai,2024-10-23
2362,Madhavi Chaudhary,customer2362@example.com,8188796753,Delhi,2024-02-19
2363,Lucky Sachar,customer2363@example.com,7872486395,Delhi,2024-10-14
2364,Aarna Prashad,customer2364@example.com,8552676403,Indore,2023-11-07
2365,Charles Jain,customer2365@example.com,6921325165,Ahmedabad,2024-01-17
2366,Warjas Tailor,customer2366@example.com,9757548779,Chandigarh,2025-07-21
2367,Ishwar Luthra,customer2367@example.com,8860730877,Kolkata,2023-02-09
2368,Eesha Shetty,customer2368@example.com,7644227060,Hyderabad,2025-08-23
2369,Dominic Sule,customer2369@example.com,9830100695,Bengaluru,2023-06-19
2370,Nikita Kaur,customer2370@example.com,7563681876,Kochi,2024-04-03
2371,Amruta Chaudhuri,customer2371@example.com,9334028971,Nashik,2023-02-26
2372,Jeremiah Modi,customer2372@example.com,8153367513,Chandigarh,2024-12-31
2373,Sanaya Chacko,customer2373@example.com,8293655151,Mumbai,2024-01-08
2374,Lucky Prakash,customer2374@example.com,9623921991,Chennai,2024-07-12
2375,Yatan Yogi,customer2375@example.com,9900158516,Pune,2025-04-18
2376,Siya Barman,customer2376@example.com,7307880447,Jaipur,2024-11-13
2377,Ucchal Mann,customer2377@example.com,9388858949,Indore,2026-01-09
2378,Aadi Bhasin,customer2378@example.com,6232538548,Nashik,2025-07-03
2379,Anjali Krishna,customer2379@example.com,8780907608,Chennai,2023-06-06
2380,Indali Kala,customer2380@example.com,9144433999,Chandigarh,2025-11-13
2381,Chakradev Edwin,customer2381@example.com,6975801475,Hyderabad,2023-05-14
2382,Charita Chakraborty,customer2382@example.com,6271217243,Chennai,2024-04-26
2383,Jason Dey,customer2383@example.com,8585759701,Lucknow,2025-04-28
2384,Rachana Kade,customer2384@example.com,7446763362,Bhopal,2026-05-29
2385,Hema Lal,customer2385@example.com,7217453450,Pune,2026-06-19
2386,Anjali Korpal,customer2386@example.com,8844913991,Delhi,2025-07-08
2387,Harita Kade,customer2387@example.com,6474232535,Surat,2023-08-31
2388,Falguni Babu,customer2388@example.com,6134099933,Indore,2024-01-06
2389,Aarnav Soni,customer2389@example.com,9457520575,Indore,2023-04-02
2390,Aditya Ghose,customer2390@example.com,8985819629,Indore,2026-01-05
2391,Vrinda Ramaswamy,customer2391@example.com,7998659346,Surat,2026-03-04
2392,Faras Yohannan,customer2392@example.com,9976621562,Jaipur,2025-01-09
2393,Sai Dasgupta,customer2393@example.com,8209340892,Ahmedabad,2025-05-19
2394,Krisha Parmar,customer2394@example.com,8602482244,Chandigarh,2025-07-08
2395,Peter Anand,customer2395@example.com,8457912108,Nagpur,2024-03-13
2396,Turvi Prabhakar,customer2396@example.com,8454329244,Lucknow,2024-01-16
2397,Sai Andra,customer2397@example.com,8847025956,Chennai,2024-05-14
2398,Anmol Mand,customer2398@example.com,7200040378,Indore,2024-07-18
2399,Rehaan Chana,customer2399@example.com,8196254498,Indore,2026-05-04
2400,Timothy Kaur,customer2400@example.com,9812909674,Ahmedabad,2024-12-27
2401,Janani Bansal,customer2401@example.com,8650932191,Jaipur,2026-05-16
2402,Waida Kadakia,customer2402@example.com,7659809146,Bhopal,2024-08-30
2403,Rohan Randhawa,customer2403@example.com,9601990450,Bengaluru,2026-04-24
2404,Arunima Tella,customer2404@example.com,9621869519,Surat,2023-01-05
2405,Onkar Hari,customer2405@example.com,8476682506,Surat,2023-09-14
2406,Dhruv Dave,customer2406@example.com,6582900903,Ahmedabad,2025-08-06
2407,Joshua Lad,customer2407@example.com,6959402626,Lucknow,2023-02-01
2408,Anusha Handa,customer2408@example.com,8186150461,Bhopal,2026-06-05
2409,Zayyan Setty,customer2409@example.com,9813896728,Jaipur,2024-07-10
2410,Prisha Ben,customer2410@example.com,7148655072,Indore,2023-08-22
2411,Rachana Ray,customer2411@example.com,9356530607,Lucknow,2025-07-30
2412,Jairaj Vasa,customer2412@example.com,7845248902,Chandigarh,2024-03-24
2413,Warhi Pathak,customer2413@example.com,8922689334,Kochi,2025-05-05
2414,Udarsh Batta,customer2414@example.com,9708216119,Jaipur,2026-03-10
2415,Osha Walia,customer2415@example.com,9988262240,Delhi,2024-11-27
2416,Diya Ahluwalia,customer2416@example.com,6897159084,Ahmedabad,2024-10-17
2417,Robert Natt,customer2417@example.com,7329960182,Kochi,2024-07-05
2418,Aryan Kara,customer2418@example.com,8186675610,Kolkata,2024-11-29
2419,Falan Krish,customer2419@example.com,8165561989,Chandigarh,2026-04-13
2420,Nitesh Narayan,customer2420@example.com,9237167889,Mumbai,2023-11-07
2421,Dev Chatterjee,customer2421@example.com,9834879532,Indore,2025-02-22
2422,Varsha Sankaran,customer2422@example.com,7759949556,Mumbai,2023-08-20
2423,Gaurika Krishna,customer2423@example.com,6112974549,Bhopal,2025-09-25
2424,Hritik Solanki,customer2424@example.com,9863608584,Surat,2025-03-23
2425,Harini Bhagat,customer2425@example.com,9252824154,Bhopal,2023-01-24
2426,Zinal Khalsa,customer2426@example.com,8160287687,Hyderabad,2023-06-21
2427,Reva Chandran,customer2427@example.com,7878325579,Lucknow,2024-05-03
2428,Jeet Chada,customer2428@example.com,6920921076,Ahmedabad,2026-04-02
2429,Bahadurjit Purohit,customer2429@example.com,9456856481,Mumbai,2024-04-21
2430,Dhruv Datta,customer2430@example.com,8195659456,Mumbai,2023-03-09
2431,Riya Bhakta,customer2431@example.com,8354795598,Indore,2023-09-16
2432,Rachana Bhatti,customer2432@example.com,7809185781,Chandigarh,2026-01-23
2433,Daksh Ben,customer2433@example.com,6599712784,Chennai,2025-01-02
2434,Lakshmi Ratti,customer2434@example.com,6675849010,Kochi,2024-02-12
2435,Nirja Kaul,customer2435@example.com,9560390214,Nashik,2026-04-16
2436,Sudiksha Rajagopalan,customer2436@example.com,6737877483,Kolkata,2026-04-08
2437,Priya Chaudhuri,customer2437@example.com,9557313806,Delhi,2024-01-16
2438,Atharv Setty,customer2438@example.com,8848995133,Surat,2023-11-21
2439,Reyansh Chokshi,customer2439@example.com,7562964166,Hyderabad,2023-04-29
2440,Advik Bir,customer2440@example.com,9948884743,Nagpur,2023-01-26
2441,Jonathan Upadhyay,customer2441@example.com,6873291934,Bengaluru,2025-08-26
2442,Isha Sama,customer2442@example.com,6785285350,Ahmedabad,2023-05-29
2443,Sai Grewal,customer2443@example.com,6772617002,Delhi,2024-10-16
2444,Laksh Basu,customer2444@example.com,6753584937,Hyderabad,2024-02-29
2445,Joshua Muni,customer2445@example.com,9984205108,Lucknow,2024-03-06
2446,Yochana Parmar,customer2446@example.com,9794467424,Pune,2024-08-18
2447,Madhav Din,customer2447@example.com,7333049885,Hyderabad,2025-07-04
2448,Dayamai Oza,customer2448@example.com,9735890694,Nashik,2026-01-16
2449,Jyoti Anand,customer2449@example.com,9325762958,Chandigarh,2024-07-03
2450,Dakshesh Khanna,customer2450@example.com,6510985899,Indore,2025-07-30
2451,Pahal Padmanabhan,customer2451@example.com,8736553597,Surat,2026-03-12
2452,Sai Jaggi,customer2452@example.com,7871169259,Lucknow,2023-09-28
2453,Harita Gulati,customer2453@example.com,8130029270,Bengaluru,2023-08-22
2454,Unni Narula,customer2454@example.com,6827515187,Jaipur,2023-04-03
2455,Chandani Sahota,customer2455@example.com,6889599800,Jaipur,2023-11-15
2456,Nicholas Cheema,customer2456@example.com,8280531846,Nashik,2026-02-17
2457,Brijesh Tandon,customer2457@example.com,8967940606,Hyderabad,2023-07-16
2458,Aarush Kapoor,customer2458@example.com,6691693301,Chandigarh,2025-01-01
2459,Unnati Kala,customer2459@example.com,8179798785,Bengaluru,2025-09-16
2460,Vasana Narula,customer2460@example.com,8438451188,Chennai,2023-08-30
2461,Samesh Ratta,customer2461@example.com,6364325331,Hyderabad,2024-09-11
2462,Abeer Patil,customer2462@example.com,6554904419,Delhi,2024-10-29
2463,Ethan Parmar,customer2463@example.com,6692254262,Kochi,2023-09-13
2464,Ishwar Dhar,customer2464@example.com,6304193384,Pune,2024-02-11
2465,Ria Hayer,customer2465@example.com,8518136786,Bhopal,2023-01-15
2466,Caleb Balan,customer2466@example.com,9775354270,Bengaluru,2024-09-05
2467,Rudra Mander,customer2467@example.com,8862429770,Surat,2025-12-04
2468,Theodore Lala,customer2468@example.com,6601677456,Mumbai,2023-06-14
2469,Harinakshi Korpal,customer2469@example.com,8823113753,Delhi,2025-12-24
2470,Rohan Bains,customer2470@example.com,9965637867,Nagpur,2025-11-19
2471,Adweta Chaudhuri,customer2471@example.com,8702373112,Bhopal,2026-05-25
2472,Laksh Raghavan,customer2472@example.com,8440613718,Jaipur,2023-11-26
2473,Hamsini Kade,customer2473@example.com,7555661881,Mumbai,2025-03-31
2474,Tanmayi Khatri,customer2474@example.com,9994760587,Lucknow,2026-03-16
2475,Kashish Garg,customer2475@example.com,7791919348,Bhopal,2024-02-14
2476,Dhruv Dani,customer2476@example.com,9873092458,Mumbai,2026-06-30
2477,Kalpit Gupta,customer2477@example.com,8685957009,Delhi,2023-08-08
2478,Kritika Prasad,customer2478@example.com,9216073436,Pune,2024-07-17
2479,Pushti Konda,customer2479@example.com,9902109714,Kolkata,2026-01-17
2480,Ranbir Wason,customer2480@example.com,7721043164,Bhopal,2023-09-03
2481,Manthan Narang,customer2481@example.com,9268333293,Chennai,2024-02-21
2482,Chatresh Mammen,customer2482@example.com,9316312514,Nashik,2025-03-13
2483,Yashoda Suresh,customer2483@example.com,8557466510,Nagpur,2025-04-30
2484,Finn Singhal,customer2484@example.com,7431391738,Bhopal,2024-01-30
2485,Oliver Trivedi,customer2485@example.com,9164574476,Hyderabad,2026-06-01
2486,Yashodhara Prasad,customer2486@example.com,7340522359,Kochi,2024-04-01
2487,Zilmil Shetty,customer2487@example.com,8480474368,Chandigarh,2023-10-20
2488,Ekanta Prakash,customer2488@example.com,6945909386,Indore,2024-07-25
2489,Warda Som,customer2489@example.com,9460168525,Indore,2023-02-13
2490,Nandini Bansal,customer2490@example.com,6954319356,Pune,2026-06-03
2491,Theodore Jain,customer2491@example.com,7660157804,Chandigarh,2023-05-12
2492,Wahab Randhawa,customer2492@example.com,8796186757,Delhi,2024-12-06
2493,Damini Sandal,customer2493@example.com,7352719625,Ahmedabad,2023-10-02
2494,Naksh Prasad,customer2494@example.com,6862278670,Chennai,2025-08-20
2495,Frado Desai,customer2495@example.com,8946841371,Lucknow,2026-01-15
2496,Chakrika Saxena,customer2496@example.com,8297150006,Nagpur,2023-01-26
2497,Victor Barman,customer2497@example.com,8831721782,Delhi,2023-11-18
2498,Yauvani Nayar,customer2498@example.com,9739269010,Kochi,2026-03-25
2499,Shravya Sibal,customer2499@example.com,6856749194,Surat,2024-08-21
2500,Nilima Pillai,customer2500@example.com,6473326773,Bhopal,2025-08-01
2501,Edhitha Mahajan,customer2501@example.com,7473402581,Bengaluru,2023-01-28
2502,Aryan Gola,customer2502@example.com,7202041952,Kolkata,2023-04-11
2503,Vivaan Lanka,customer2503@example.com,9151100801,Mumbai,2023-10-23
2504,Jagrati Butala,customer2504@example.com,7554233552,Nagpur,2025-10-15
2505,Yachana Varghese,customer2505@example.com,8484274155,Delhi,2026-01-18
2506,Aradhana Kari,customer2506@example.com,8999777488,Indore,2024-12-12
2507,Jagat Bora,customer2507@example.com,7413441279,Nagpur,2023-08-21
2508,Balvan Iyer,customer2508@example.com,7118988196,Mumbai,2023-04-12
2509,Ronith Narayan,customer2509@example.com,7391183325,Bhopal,2025-08-30
2510,Chasmum Maharaj,customer2510@example.com,6340389857,Ahmedabad,2025-05-24
2511,Lakshit Lal,customer2511@example.com,7456188719,Pune,2023-12-30
2512,Chandani Manda,customer2512@example.com,7514727058,Delhi,2023-04-27
2513,Netra Ravi,customer2513@example.com,6235807019,Kolkata,2025-08-25
2514,Urmi Vala,customer2514@example.com,9416364067,Hyderabad,2024-05-23
2515,Mitali Kari,customer2515@example.com,8694986720,Pune,2025-04-28
2516,Shaurya Som,customer2516@example.com,9629957682,Indore,2023-10-13
2517,Zaitra Sidhu,customer2517@example.com,9555130775,Kochi,2023-05-01
2518,Harini Chada,customer2518@example.com,6756966234,Nashik,2025-10-14
2519,Raghav Sanghvi,customer2519@example.com,9144010951,Nagpur,2023-07-19
2520,Shaurya Sarna,customer2520@example.com,6705986587,Ahmedabad,2024-03-23
2521,Ayushman Prasad,customer2521@example.com,9856409356,Nashik,2026-02-27
2522,Kabir Mody,customer2522@example.com,9788571170,Bhopal,2024-12-25
2523,Xalak Pant,customer2523@example.com,7331638657,Lucknow,2024-06-18
2524,Umang Saini,customer2524@example.com,9604498680,Indore,2026-02-12
2525,Netra Yogi,customer2525@example.com,6630739778,Delhi,2025-07-20
2526,Eshana Bajaj,customer2526@example.com,8571193089,Bhopal,2025-01-30
2527,Liam Dube,customer2527@example.com,9106142453,Hyderabad,2026-04-10
2528,Mahika Raj,customer2528@example.com,8680038245,Nagpur,2023-11-30
2529,Mahika Bhatt,customer2529@example.com,8184226606,Chandigarh,2024-09-23
2530,Raghav Soman,customer2530@example.com,7401154708,Nashik,2023-08-10
2531,Falguni Seth,customer2531@example.com,6738057005,Surat,2024-11-07
2532,Girik Garg,customer2532@example.com,8120274388,Kochi,2025-06-23
2533,Peter Balay,customer2533@example.com,8341533493,Kolkata,2024-04-23
2534,Avi Grover,customer2534@example.com,6482958735,Chennai,2024-06-07
2535,Ekaraj Raju,customer2535@example.com,6222698413,Hyderabad,2025-05-07
2536,Samesh Kaul,customer2536@example.com,9534838974,Lucknow,2023-08-20
2537,Ekaraj Sha,customer2537@example.com,6385373458,Surat,2025-05-23
2538,Jyoti Vasa,customer2538@example.com,8602704745,Ahmedabad,2025-03-25
2539,Onveer Narain,customer2539@example.com,9493101497,Delhi,2024-02-23
2540,Mahika Dugar,customer2540@example.com,6139610527,Chandigarh,2023-09-18
2541,Kai Yadav,customer2541@example.com,9688267201,Chandigarh,2025-05-19
2542,Vanya Biswas,customer2542@example.com,7161521116,Mumbai,2026-05-18
2543,Samuel De,customer2543@example.com,9482226181,Indore,2024-12-23
2544,Dayita Sankaran,customer2544@example.com,9492374359,Lucknow,2024-09-06
2545,Nathan Mukherjee,customer2545@example.com,6194209960,Lucknow,2025-11-09
2546,Yadavi Shanker,customer2546@example.com,6552447430,Chandigarh,2025-11-23
2547,Saksham Amble,customer2547@example.com,8256853837,Kolkata,2024-08-14
2548,Sanaya Bhatt,customer2548@example.com,6290240288,Indore,2026-01-06
2549,Yatin Vora,customer2549@example.com,9375066886,Bhopal,2025-10-09
2550,Vritti Sharma,customer2550@example.com,8460234972,Chandigarh,2026-03-29
2551,Balveer Chand,customer2551@example.com,9410733927,Chennai,2024-06-19
2552,Tanmayi Palan,customer2552@example.com,7815948879,Chennai,2025-12-13
2553,Mahika Gill,customer2553@example.com,6707541445,Surat,2026-05-11
2554,Zaid Gola,customer2554@example.com,6499620991,Mumbai,2026-05-24
2555,Tanvi Rajagopalan,customer2555@example.com,7228679185,Chennai,2023-11-28
2556,Girish Ramaswamy,customer2556@example.com,9113178358,Kolkata,2023-12-31
2557,Wriddhish Dugar,customer2557@example.com,7243180020,Ahmedabad,2024-01-08
2558,Bishakha Bhavsar,customer2558@example.com,7356945507,Surat,2026-04-07
2559,Wakeeta Sabharwal,customer2559@example.com,9641894243,Pune,2024-04-22
2560,Jyoti Bose,customer2560@example.com,7911874424,Nagpur,2024-06-14
2561,Yamini Nanda,customer2561@example.com,6209862576,Nagpur,2025-11-21
2562,Shravya Gala,customer2562@example.com,6831314263,Kochi,2025-11-02
2563,Sarthak Toor,customer2563@example.com,8830454948,Ahmedabad,2023-02-15
2564,Turvi Bala,customer2564@example.com,8388201465,Kolkata,2025-01-14
2565,Triya Raj,customer2565@example.com,7596602997,Ahmedabad,2025-03-04
2566,Mohini Hayer,customer2566@example.com,7455121748,Nashik,2024-07-11
2567,Baljiwan Anne,customer2567@example.com,9740296316,Delhi,2025-04-19
2568,Ishwar Deshpande,customer2568@example.com,8675417676,Delhi,2023-06-06
2569,Ucchal Sundaram,customer2569@example.com,8850120778,Hyderabad,2024-11-17
2570,Ekansh Butala,customer2570@example.com,8286558702,Nashik,2026-06-27
2571,Raksha Dey,customer2571@example.com,8828269790,Bhopal,2026-06-11
2572,Arya Edwin,customer2572@example.com,6928559721,Kochi,2023-11-30
2573,Andrew Chaudhry,customer2573@example.com,7299376718,Mumbai,2025-03-11
2574,Chaitaly Dash,customer2574@example.com,7131236471,Indore,2023-01-16
2575,Om Brahmbhatt,customer2575@example.com,9868107736,Chennai,2025-01-11
2576,Anjali Dube,customer2576@example.com,7451265185,Bengaluru,2025-04-03
2577,Ishita Gokhale,customer2577@example.com,8523330675,Indore,2024-08-29
2578,Bakhshi Walia,customer2578@example.com,9437521485,Jaipur,2024-06-04
2579,Riya Batta,customer2579@example.com,6779148417,Indore,2024-11-03
2580,Madhavi Morar,customer2580@example.com,8623411533,Chandigarh,2024-01-06
2581,Charles Agrawal,customer2581@example.com,6734565605,Indore,2024-10-09
2582,Krishna Jaggi,customer2582@example.com,8215733863,Pune,2023-10-09
2583,Kavya Khare,customer2583@example.com,7183848831,Lucknow,2024-03-15
2584,Gavin Babu,customer2584@example.com,6440083167,Kochi,2023-04-14
2585,Ayaan Atwal,customer2585@example.com,6404311442,Kochi,2025-02-18
2586,Rehaan Bhatnagar,customer2586@example.com,6435193359,Hyderabad,2024-08-23
2587,Gopal Ganesh,customer2587@example.com,6125461497,Nashik,2026-04-04
2588,Chaitanya Sagar,customer2588@example.com,7518356184,Lucknow,2026-01-15
2589,Eta Naidu,customer2589@example.com,9833912204,Nashik,2024-09-29
2590,Sarthak Rana,customer2590@example.com,7819843902,Pune,2026-01-31
2591,Jai Kata,customer2591@example.com,9716476348,Ahmedabad,2023-10-21
2592,Hitesh Parikh,customer2592@example.com,6372169505,Ahmedabad,2024-06-03
2593,Oscar Aurora,customer2593@example.com,9701579195,Bhopal,2023-08-24
2594,Diya Arora,customer2594@example.com,7358236758,Lucknow,2024-04-27
2595,Simon Shanker,customer2595@example.com,8235390805,Surat,2025-11-29
2596,Dominic Mallick,customer2596@example.com,9344300281,Surat,2023-05-13
2597,Caleb Bhavsar,customer2597@example.com,9738085949,Mumbai,2023-03-25
2598,Nirja Mitra,customer2598@example.com,8200820133,Pune,2025-05-10
2599,Harsh Yadav,customer2599@example.com,7722367913,Bengaluru,2023-10-20
2600,Zayan Chandran,customer2600@example.com,9568990641,Hyderabad,2024-08-20
2601,Lipika Deol,customer2601@example.com,8694173306,Bhopal,2025-09-28
2602,Parth Nadkarni,customer2602@example.com,7976576692,Nashik,2026-05-09
2603,Ekansh Nayak,customer2603@example.com,6235724168,Kochi,2024-08-23
2604,Saumya Raja,customer2604@example.com,8600129712,Nashik,2023-05-30
2605,Yahvi Arya,customer2605@example.com,6718380085,Bhopal,2024-08-02
2606,Ansh Dash,customer2606@example.com,6932559595,Mumbai,2024-06-15
2607,Warjas Sangha,customer2607@example.com,8626251399,Surat,2024-09-03
2608,Fariq Bhasin,customer2608@example.com,6738640344,Nashik,2023-06-22
2609,Kavya Tara,customer2609@example.com,7329470218,Chandigarh,2024-01-11
2610,Saksham Doshi,customer2610@example.com,8927252395,Lucknow,2025-11-01
2611,Samarth Barad,customer2611@example.com,8109371520,Kochi,2025-03-28
2612,Sachi Narasimhan,customer2612@example.com,8636623003,Bengaluru,2024-11-21
2613,Arunima Nadkarni,customer2613@example.com,6810260564,Indore,2025-02-22
2614,Oeshi Mani,customer2614@example.com,9563532428,Kochi,2024-09-12
2615,Veer Narula,customer2615@example.com,7208922446,Hyderabad,2026-04-18
2616,Xavier Jha,customer2616@example.com,6538721230,Kochi,2024-04-04
2617,Yuvraj Kapadia,customer2617@example.com,6238009071,Chennai,2024-06-29
2618,Ekanta Goswami,customer2618@example.com,8608326980,Jaipur,2024-05-11
2619,Abeer Bhattacharyya,customer2619@example.com,9602330061,Chennai,2023-06-10
2620,Ekaraj Hans,customer2620@example.com,6114848268,Mumbai,2026-03-14
2621,Lohit Jayaraman,customer2621@example.com,6523643485,Chennai,2024-11-29
2622,Gavin Ghose,customer2622@example.com,8889815945,Delhi,2023-04-20
2623,Warinder Tripathi,customer2623@example.com,9534930642,Bengaluru,2023-02-20
2624,Pooja Sibal,customer2624@example.com,9348960759,Pune,2025-12-01
2625,Nitesh Hora,customer2625@example.com,9854006780,Kolkata,2025-12-21
2626,Panini Goda,customer2626@example.com,6977336083,Jaipur,2024-12-11
2627,Chavvi Mangal,customer2627@example.com,7561508047,Surat,2026-02-03
2628,Saksham Magar,customer2628@example.com,7675920523,Kochi,2023-09-03
2629,Fariq Parsa,customer2629@example.com,9693845149,Mumbai,2024-06-05
2630,Krishna Ganesh,customer2630@example.com,9985309611,Pune,2023-09-21
2631,Ridhi Sami,customer2631@example.com,7732337433,Delhi,2023-09-22
2632,Nachiket Subramaniam,customer2632@example.com,7171880737,Bengaluru,2024-04-20
2633,Lakshmi Sane,customer2633@example.com,9302411702,Nagpur,2023-09-21
2634,Charita Yogi,customer2634@example.com,9424482678,Lucknow,2025-05-24
2635,Parth Kurian,customer2635@example.com,6568711313,Kochi,2024-10-16
2636,Ubika Mohan,customer2636@example.com,8448092002,Lucknow,2025-05-19
2637,Bhanumati Prashad,customer2637@example.com,6365485271,Bhopal,2025-03-17
2638,Ekbal Nath,customer2638@example.com,9864591463,Chandigarh,2024-12-04
2639,Upasna Hayre,customer2639@example.com,7212178677,Chennai,2024-05-01
2640,Ranveer Agrawal,customer2640@example.com,8592375034,Indore,2026-03-10
2641,Xiti Prasad,customer2641@example.com,6107214554,Pune,2025-02-15
2642,Nidhi Sagar,customer2642@example.com,8173660245,Hyderabad,2024-02-17
2643,Kashvi Rajagopalan,customer2643@example.com,7246832815,Kolkata,2024-10-25
2644,Darika Bobal,customer2644@example.com,8887873120,Bhopal,2023-05-31
2645,Balvan Dash,customer2645@example.com,9291901612,Chennai,2025-05-04
2646,Nicholas Hari,customer2646@example.com,6920837678,Delhi,2024-01-05
2647,Aadhya Pall,customer2647@example.com,6636985976,Surat,2025-04-05
2648,Jyoti Bhardwaj,customer2648@example.com,9277701618,Hyderabad,2025-08-30
2649,Panini Koshy,customer2649@example.com,9631810663,Nagpur,2024-10-01
2650,Vanya Banerjee,customer2650@example.com,7428159351,Bengaluru,2024-09-14
2651,Ayaan Divan,customer2651@example.com,8909035414,Delhi,2024-08-04
2652,Tamanna Din,customer2652@example.com,6362983232,Kochi,2024-05-28
2653,Yug Edwin,customer2653@example.com,9930210294,Surat,2024-08-03
2654,Jackson Chanda,customer2654@example.com,8279622511,Indore,2024-03-09
2655,Mitali Buch,customer2655@example.com,9541555005,Chandigarh,2023-11-17
2656,Pallavi Gandhi,customer2656@example.com,8581693291,Ahmedabad,2023-10-27
2657,Zayyan Mittal,customer2657@example.com,8723056812,Kochi,2023-09-10
2658,Darika Sabharwal,customer2658@example.com,7812045705,Mumbai,2023-06-09
2659,Ikbal Padmanabhan,customer2659@example.com,6250841411,Kochi,2025-05-07
2660,Amruta Kadakia,customer2660@example.com,9109788041,Lucknow,2023-05-13
2661,Darika Ahuja,customer2661@example.com,8791377305,Mumbai,2026-04-12
2662,Vyanjana Agarwal,customer2662@example.com,6571942170,Chandigarh,2026-06-19
2663,Ekaraj Sahni,customer2663@example.com,7512093289,Nagpur,2025-12-19
2664,Bhavya Sankar,customer2664@example.com,7831300372,Nagpur,2024-08-03
2665,Patrick Prasad,customer2665@example.com,8829587687,Chennai,2026-03-21
2666,Krish Hora,customer2666@example.com,6783744380,Jaipur,2024-08-29
2667,Qabil Thakkar,customer2667@example.com,8286701680,Pune,2025-02-08
2668,Shravya Kala,customer2668@example.com,7678900521,Indore,2025-07-26
2669,Sai Bhargava,customer2669@example.com,9826295724,Mumbai,2025-02-26
2670,Rehaan Lad,customer2670@example.com,6785004592,Hyderabad,2024-07-12
2671,Ridhi Chopra,customer2671@example.com,7782817736,Hyderabad,2026-02-21
2672,Fariq Memon,customer2672@example.com,8458682829,Lucknow,2024-02-06
2673,Krishna Dash,customer2673@example.com,9402628956,Kochi,2025-11-29
2674,Devansh Oommen,customer2674@example.com,8839568746,Kochi,2025-12-01
2675,Wahab Sridhar,customer2675@example.com,6168269539,Surat,2023-03-06
2676,Harrison Andra,customer2676@example.com,6202713572,Nashik,2025-11-13
2677,Amaira Amble,customer2677@example.com,6487892110,Delhi,2025-11-09
2678,Gunbir Kakar,customer2678@example.com,9136804492,Chandigarh,2023-11-03
2679,Keya Venkatesh,customer2679@example.com,6778110622,Mumbai,2024-05-29
2680,Vedika Solanki,customer2680@example.com,9968000801,Kochi,2025-05-22
2681,Pushti Nayar,customer2681@example.com,6361263272,Surat,2024-10-10
2682,Hemal Murty,customer2682@example.com,9167187427,Bhopal,2025-02-07
2683,Jalsa Rastogi,customer2683@example.com,8436916727,Chennai,2024-06-05
2684,Dakshesh Parekh,customer2684@example.com,8123990957,Chandigarh,2024-03-11
2685,Harish Aggarwal,customer2685@example.com,8641403939,Bhopal,2024-08-08
2686,Neelima Dewan,customer2686@example.com,6426781428,Delhi,2024-12-18
2687,Jason Wali,customer2687@example.com,7859379029,Delhi,2024-01-05
2688,Yuvraj Pillay,customer2688@example.com,9782546500,Delhi,2025-02-25
2689,Vaishnavi Varma,customer2689@example.com,6376248972,Jaipur,2024-06-05
2690,Raghav Aggarwal,customer2690@example.com,8200755743,Delhi,2025-06-14
2691,Anay Parsa,customer2691@example.com,8514697639,Delhi,2025-09-24
2692,Eshana Sawhney,customer2692@example.com,9499562429,Surat,2025-08-07
2693,Vedhika Ratta,customer2693@example.com,9237945632,Delhi,2024-05-04
2694,Ijaya Sangha,customer2694@example.com,7965039338,Bengaluru,2024-12-17
2695,Harish Rajan,customer2695@example.com,9189458698,Nashik,2024-10-20
2696,Robert Dhar,customer2696@example.com,6523214338,Jaipur,2024-01-31
2697,Joshua Tank,customer2697@example.com,8304085719,Chandigarh,2025-10-23
2698,Charvi Sibal,customer2698@example.com,7637498387,Ahmedabad,2024-09-10
2699,Sanaya D’Alia,customer2699@example.com,9163603569,Indore,2025-06-25
2700,Wridesh Kohli,customer2700@example.com,8975898069,Delhi,2023-01-13
2701,Onkar Chakraborty,customer2701@example.com,7950296990,Lucknow,2024-02-09
2702,Radhika Balakrishnan,customer2702@example.com,6956334100,Lucknow,2025-08-13
2703,Eta Rajagopal,customer2703@example.com,9673529723,Ahmedabad,2025-09-11
2704,Thomas Kurian,customer2704@example.com,9189397678,Bhopal,2023-10-06
2705,Jatin Deshpande,customer2705@example.com,8206766040,Chennai,2024-06-25
2706,Gautam Natarajan,customer2706@example.com,9975115734,Chennai,2023-12-26
2707,Dhruv Oza,customer2707@example.com,7672448206,Delhi,2025-11-04
2708,Lakshmi Sarkar,customer2708@example.com,6292205951,Chandigarh,2023-04-30
2709,Udant Lad,customer2709@example.com,9229425028,Nashik,2024-12-23
2710,Bina Chahal,customer2710@example.com,7356690073,Lucknow,2023-11-21
2711,Gaurav Oak,customer2711@example.com,8663072438,Kolkata,2023-03-10
2712,Jack Pillai,customer2712@example.com,9470077288,Hyderabad,2025-04-25
2713,Dhriti Rai,customer2713@example.com,9276901367,Bengaluru,2023-05-12
2714,Deepa Bhatia,customer2714@example.com,9442691653,Bhopal,2023-09-30
2715,Lipika Sampath,customer2715@example.com,6382697021,Chennai,2024-04-28
2716,Janya Date,customer2716@example.com,6717097628,Nagpur,2025-12-07
2717,Hredhaan Rana,customer2717@example.com,9761896745,Indore,2025-10-24
2718,Triveni Mutti,customer2718@example.com,6309773741,Surat,2025-01-09
2719,Chaman Kanda,customer2719@example.com,6936683215,Mumbai,2024-04-10
2720,Tamanna Din,customer2720@example.com,6176595525,Hyderabad,2025-04-26
2721,Madhav Banerjee,customer2721@example.com,9523031267,Chandigarh,2023-03-08
2722,Dayamai Thakkar,customer2722@example.com,6137150868,Bengaluru,2025-07-17
2723,Anusha Sridhar,customer2723@example.com,9870947773,Ahmedabad,2025-11-16
2724,Warda Manne,customer2724@example.com,9661216789,Pune,2023-04-06
2725,Daniel Nath,customer2725@example.com,8180319043,Kolkata,2024-06-12
2726,Shivansh Kar,customer2726@example.com,6606149784,Nashik,2023-10-21
2727,Praneel Sura,customer2727@example.com,9253556798,Nashik,2025-03-20
2728,Chandani Dutta,customer2728@example.com,8599149914,Surat,2025-10-28
2729,Manya Nazareth,customer2729@example.com,6867618641,Pune,2023-09-29
2730,Urvashi Pall,customer2730@example.com,9121767749,Kochi,2026-05-27
2731,Mahika Bora,customer2731@example.com,7476714893,Kolkata,2023-04-25
2732,Barkha Hayer,customer2732@example.com,8167793007,Bhopal,2023-07-26
2733,Gunbir Deep,customer2733@example.com,6669843551,Hyderabad,2023-07-04
2734,Chatura Modi,customer2734@example.com,7938696005,Chennai,2026-02-14
2735,Nihal Devan,customer2735@example.com,9932711223,Nashik,2024-09-13
2736,Vasudha Manne,customer2736@example.com,9670841218,Jaipur,2024-03-18
2737,Shaurya Kamdar,customer2737@example.com,8547559130,Chandigarh,2023-08-06
2738,Aditya Pathak,customer2738@example.com,6749389236,Mumbai,2024-09-03
2739,Manbir Puri,customer2739@example.com,8582681199,Chandigarh,2023-09-03
2740,Om Bhalla,customer2740@example.com,8410144566,Ahmedabad,2023-08-06
2741,Ishani Som,customer2741@example.com,9468927418,Jaipur,2026-03-25
2742,Charles Dalal,customer2742@example.com,7902161584,Ahmedabad,2025-05-25
2743,Radha Dixit,customer2743@example.com,8300486936,Kolkata,2025-07-11
2744,Yash Bandi,customer2744@example.com,7338717837,Bhopal,2025-03-16
2745,Wridesh Ranganathan,customer2745@example.com,9929702107,Nagpur,2024-07-18
2746,Chasmum Gera,customer2746@example.com,8442980711,Nagpur,2023-06-17
2747,Gaurav Sheth,customer2747@example.com,8375423115,Ahmedabad,2026-05-12
2748,Anvi Saxena,customer2748@example.com,8642514385,Lucknow,2025-12-02
2749,Advay Dar,customer2749@example.com,8150987056,Bengaluru,2025-01-18
2750,Fitan Dara,customer2750@example.com,8640901184,Jaipur,2023-04-25
2751,Yashodhara Kar,customer2751@example.com,9654524166,Kolkata,2025-09-12
2752,Varsha Mahal,customer2752@example.com,7482813937,Surat,2023-03-08
2753,Pratyush Rajagopalan,customer2753@example.com,8504759224,Hyderabad,2025-08-24
2754,Radha Misra,customer2754@example.com,6161178493,Kolkata,2024-08-25
2755,Hardik Nanda,customer2755@example.com,9213900182,Kochi,2025-08-07
2756,Qasim Ravi,customer2756@example.com,8288993114,Nagpur,2023-06-25
2757,Meera Yadav,customer2757@example.com,8817836425,Kochi,2025-02-09
2758,Devansh Venkataraman,customer2758@example.com,6333092963,Kochi,2024-04-14
2759,Sarthak Dalal,customer2759@example.com,6966353461,Indore,2026-06-07
2760,Pranit Ahluwalia,customer2760@example.com,6574139625,Kochi,2025-11-09
2761,Dipta Das,customer2761@example.com,7161865999,Delhi,2023-09-26
2762,Kabir Jhaveri,customer2762@example.com,7174994476,Chennai,2024-08-28
2763,Gagan Kunda,customer2763@example.com,7456475774,Kolkata,2026-03-02
2764,Frado Dash,customer2764@example.com,7355603987,Chandigarh,2023-09-26
2765,Januja Garg,customer2765@example.com,8963894584,Kolkata,2024-01-24
2766,Aadi Kothari,customer2766@example.com,7303979472,Nashik,2024-11-27
2767,Chakradhar Venkataraman,customer2767@example.com,7943693907,Surat,2024-01-03
2768,Sai Dey,customer2768@example.com,9835232877,Chandigarh,2023-10-31
2769,Dhriti Virk,customer2769@example.com,8398537903,Pune,2025-10-26
2770,Yashvi Kadakia,customer2770@example.com,8535152427,Surat,2023-10-06
2771,Chaitanya Khalsa,customer2771@example.com,9283298424,Lucknow,2023-06-09
2772,Raghav Dhar,customer2772@example.com,7728667541,Ahmedabad,2025-02-14
2773,Tanveer Desai,customer2773@example.com,6422951198,Nagpur,2023-01-16
2774,Jagrati Mall,customer2774@example.com,6493899550,Kochi,2025-11-10
2775,Pahal Borde,customer2775@example.com,7184538772,Nagpur,2024-05-12
2776,Abha Raj,customer2776@example.com,9991831129,Mumbai,2024-07-01
2777,Mugdha Shan,customer2777@example.com,6855006066,Kochi,2026-03-01
2778,Aachal Sandal,customer2778@example.com,6466388460,Hyderabad,2023-01-04
2779,Samar Bobal,customer2779@example.com,9619690031,Hyderabad,2023-01-16
2780,Reyansh Pradhan,customer2780@example.com,8379946959,Chennai,2025-08-13
2781,Oni Dube,customer2781@example.com,6631006801,Mumbai,2023-09-20
2782,Radha Raghavan,customer2782@example.com,8277052823,Bhopal,2024-01-13
2783,Yug Brahmbhatt,customer2783@example.com,6333304012,Nagpur,2024-04-20
2784,Jeet Wali,customer2784@example.com,6111601645,Bhopal,2026-04-01
2785,Niharika Bhatti,customer2785@example.com,6586724903,Chandigarh,2026-05-07
2786,Gaurav Patil,customer2786@example.com,6827274796,Bhopal,2025-05-17
2787,Anjali Dhingra,customer2787@example.com,6863180417,Hyderabad,2023-01-06
2788,Anusha Anne,customer2788@example.com,7596549543,Kolkata,2024-09-10
2789,Krishna Kapadia,customer2789@example.com,7868888843,Chandigarh,2025-09-23
2790,Henry Dasgupta,customer2790@example.com,7870711438,Hyderabad,2026-05-17
2791,Damini Suri,customer2791@example.com,7475863234,Mumbai,2023-03-19
2792,Ikshita Manda,customer2792@example.com,8995696554,Indore,2025-05-18
2793,Hardik Bava,customer2793@example.com,8335032657,Chandigarh,2026-01-05
2794,Eesha Ramachandran,customer2794@example.com,9711212316,Nashik,2023-07-28
2795,Hemani Wali,customer2795@example.com,7724870845,Kochi,2025-09-20
2796,Vansha Datta,customer2796@example.com,6574138027,Nagpur,2024-09-19
2797,Aditya Varghese,customer2797@example.com,9837638490,Kolkata,2024-07-12
2798,Jonathan Dhar,customer2798@example.com,9505713051,Surat,2025-12-12
2799,Amara Bera,customer2799@example.com,6954996536,Hyderabad,2023-01-02
2800,Zaid Sahota,customer2800@example.com,6506772770,Surat,2025-03-12
2801,Qadim Sarna,customer2801@example.com,6919716466,Chandigarh,2023-03-16
2802,Upadhriti Thakkar,customer2802@example.com,7205129726,Jaipur,2024-08-09
2803,Anya Sangha,customer2803@example.com,9500101954,Kolkata,2025-02-15
2804,Dalaja Chahal,customer2804@example.com,9273063622,Bengaluru,2023-08-09
2805,Niharika Munshi,customer2805@example.com,7461363153,Indore,2024-01-10
2806,Fariq Bose,customer2806@example.com,8814648950,Hyderabad,2023-07-07
2807,Girik Gandhi,customer2807@example.com,9978096167,Nagpur,2026-01-14
2808,Frado Mangal,customer2808@example.com,6942949570,Bhopal,2024-06-14
2809,Advaith Samra,customer2809@example.com,6429542748,Pune,2024-04-19
2810,Varsha Tank,customer2810@example.com,6255876785,Nagpur,2024-03-01
2811,Nidra Atwal,customer2811@example.com,9410404615,Bhopal,2023-11-10
2812,Abhimanyu Sandal,customer2812@example.com,6792492125,Indore,2025-10-05
2813,Yash Wable,customer2813@example.com,7705570521,Mumbai,2025-01-17
2814,Saumya Ganguly,customer2814@example.com,8363605518,Mumbai,2024-11-10
2815,Parth Borde,customer2815@example.com,8769502518,Mumbai,2023-04-24
2816,Kiaan Varkey,customer2816@example.com,9539959029,Indore,2023-03-06
2817,Charan Sami,customer2817@example.com,6109745693,Bhopal,2023-05-26
2818,Ladli Garde,customer2818@example.com,7971493181,Delhi,2025-10-30
2819,Isaiah Nigam,customer2819@example.com,6160997802,Delhi,2026-03-03
2820,Jacob Mannan,customer2820@example.com,7835022905,Surat,2023-08-01
2821,Vasudha Memon,customer2821@example.com,7173736599,Bengaluru,2023-01-27
2822,Tanay Agate,customer2822@example.com,7649110439,Nagpur,2026-02-06
2823,Teerth Mody,customer2823@example.com,7155509228,Kochi,2025-02-24
2824,Ubika Sura,customer2824@example.com,7376617876,Lucknow,2024-12-27
2825,Ishani Ahuja,customer2825@example.com,9904663914,Nagpur,2025-04-09
2826,Falguni Misra,customer2826@example.com,6185891267,Indore,2024-10-14
2827,Hredhaan Ahluwalia,customer2827@example.com,8760130876,Pune,2025-03-17
2828,Quincy Ratti,customer2828@example.com,8374144049,Hyderabad,2025-07-25
2829,Aditya Chaudhuri,customer2829@example.com,7568963335,Kolkata,2024-07-17
2830,Vyanjana Hora,customer2830@example.com,8530645153,Nashik,2025-12-04
2831,Yoshita Dube,customer2831@example.com,7273855805,Hyderabad,2025-04-28
2832,Jatin Sura,customer2832@example.com,9925304340,Kolkata,2024-02-26
2833,Nachiket Krishna,customer2833@example.com,8699824047,Bhopal,2024-08-28
2834,Upma Rana,customer2834@example.com,6686019714,Surat,2026-02-18
2835,Chandani Patla,customer2835@example.com,9624864469,Lucknow,2023-06-12
2836,Qabil Yadav,customer2836@example.com,6987215079,Bengaluru,2024-01-14
2837,Ikbal Sarna,customer2837@example.com,7554083534,Hyderabad,2023-03-05
2838,Neel Dey,customer2838@example.com,6255395670,Nashik,2023-03-07
2839,Radha Ahluwalia,customer2839@example.com,6900378114,Delhi,2024-04-02
2840,Rushil Choudhry,customer2840@example.com,7279079074,Ahmedabad,2025-09-05
2841,Bhavani Baria,customer2841@example.com,9407787977,Kochi,2023-10-07
2842,Megha Sama,customer2842@example.com,8642830341,Indore,2025-08-19
2843,Azad Dyal,customer2843@example.com,6485835782,Delhi,2026-05-02
2844,Varenya Lata,customer2844@example.com,8148524640,Hyderabad,2023-08-09
2845,Oviya Suresh,customer2845@example.com,9955154638,Lucknow,2023-03-17
2846,Joshua Nair,customer2846@example.com,7753360052,Bhopal,2023-04-27
2847,Yachana Ramachandran,customer2847@example.com,7875939522,Kolkata,2025-02-02
2848,Imaran Chokshi,customer2848@example.com,7617096483,Jaipur,2025-11-10
2849,Jonathan Dugal,customer2849@example.com,7341699241,Kochi,2026-06-10
2850,Xiti Arya,customer2850@example.com,9712888021,Mumbai,2023-02-13
2851,Charles Oommen,customer2851@example.com,6897606482,Chennai,2024-08-27
2852,Abhiram Saraf,customer2852@example.com,9704638337,Bengaluru,2024-05-21
2853,Bimala Manda,customer2853@example.com,9438957873,Kolkata,2024-09-11
2854,Fitan Sanghvi,customer2854@example.com,6806265997,Bengaluru,2023-12-03
2855,Michael Vaidya,customer2855@example.com,8961495257,Surat,2023-10-03
2856,Zaid Mand,customer2856@example.com,8671666306,Lucknow,2025-09-04
2857,Adya Kota,customer2857@example.com,7786425282,Delhi,2023-08-29
2858,Rushil Som,customer2858@example.com,8198704835,Delhi,2024-12-25
2859,Yadavi Golla,customer2859@example.com,9988029678,Mumbai,2025-01-16
2860,Manthan Karnik,customer2860@example.com,6127357811,Kolkata,2024-02-21
2861,Kevin Rattan,customer2861@example.com,8512777468,Nashik,2025-12-11
2862,Anusha Handa,customer2862@example.com,7923065419,Chandigarh,2023-05-22
2863,Pooja Badami,customer2863@example.com,7335835964,Lucknow,2025-10-05
2864,Gavin Behl,customer2864@example.com,7837682047,Kochi,2024-10-10
2865,Nikita Vohra,customer2865@example.com,7174863621,Surat,2024-09-07
2866,Vihaan Kapadia,customer2866@example.com,8828878435,Bengaluru,2025-05-02
2867,Pooja Srinivas,customer2867@example.com,7669701100,Indore,2024-01-30
2868,Yashvi Sane,customer2868@example.com,7224844015,Nagpur,2023-10-12
2869,Daksha Choudhary,customer2869@example.com,7799721412,Ahmedabad,2025-02-11
2870,Januja Mand,customer2870@example.com,6423323417,Ahmedabad,2024-01-13
2871,Omya Koshy,customer2871@example.com,9991501411,Chandigarh,2025-02-12
2872,Champak Gopal,customer2872@example.com,8373053119,Delhi,2026-01-03
2873,Aadi Ben,customer2873@example.com,8143208362,Chandigarh,2023-10-02
2874,Simon Mangal,customer2874@example.com,7178197502,Delhi,2023-11-25
2875,Ati Chaudhuri,customer2875@example.com,8890380760,Indore,2026-05-12
2876,Qasim Krishnan,customer2876@example.com,8907294249,Chandigarh,2026-06-22
2877,Januja Natt,customer2877@example.com,8711717502,Lucknow,2025-04-11
2878,Isaac Chatterjee,customer2878@example.com,6733279729,Indore,2026-05-07
2879,Kalpit Narula,customer2879@example.com,8227029881,Pune,2025-06-18
2880,Janaki Wadhwa,customer2880@example.com,7183709131,Bengaluru,2024-03-26
2881,Wazir Majumdar,customer2881@example.com,6947842575,Mumbai,2024-04-02
2882,Leena Chahal,customer2882@example.com,8730915958,Jaipur,2023-01-09
2883,Kalpit Dara,customer2883@example.com,8948158248,Indore,2024-01-28
2884,Rayaan Hans,customer2884@example.com,8402779911,Pune,2024-02-03
2885,Hardik Borde,customer2885@example.com,6173323430,Chennai,2024-04-24
2886,Charvi Som,customer2886@example.com,7411970416,Ahmedabad,2023-12-21
2887,Mitesh Bassi,customer2887@example.com,6895460212,Pune,2026-02-04
2888,Rehaan Sahota,customer2888@example.com,8161864145,Kolkata,2025-10-15
2889,Idika Pau,customer2889@example.com,6769968292,Bengaluru,2026-01-31
2890,Jacob Sarin,customer2890@example.com,7880184467,Jaipur,2024-03-03
2891,Vasudha Saini,customer2891@example.com,9731838068,Jaipur,2026-02-06
2892,Ojas Mahal,customer2892@example.com,9104859648,Ahmedabad,2025-11-16
2893,Bimala Bath,customer2893@example.com,9174737964,Jaipur,2025-10-13
2894,Ranveer Rao,customer2894@example.com,9724254712,Mumbai,2023-06-15
2895,Yochana Borde,customer2895@example.com,9249821261,Delhi,2023-03-04
2896,Raksha Upadhyay,customer2896@example.com,7855105229,Bengaluru,2026-05-09
2897,Madhavi Rattan,customer2897@example.com,6270396873,Bengaluru,2023-08-05
2898,Samuel Gour,customer2898@example.com,7502656396,Kolkata,2025-09-21
2899,Nathaniel Kamdar,customer2899@example.com,6585785507,Nashik,2024-12-08
2900,Yochana Shah,customer2900@example.com,9217261850,Ahmedabad,2026-03-11
2901,Chavvi Kannan,customer2901@example.com,6945230294,Nagpur,2024-10-01
2902,Amrita Dani,customer2902@example.com,6107356505,Indore,2025-12-30
2903,Udarsh Bath,customer2903@example.com,8685716319,Bengaluru,2025-05-23
2904,Bishakha Baral,customer2904@example.com,6866724989,Nagpur,2023-12-15
2905,Arunima Deol,customer2905@example.com,8278842739,Chandigarh,2023-09-03
2906,Charan Kothari,customer2906@example.com,6792629231,Chandigarh,2026-04-10
2907,Jack Agarwal,customer2907@example.com,8798220224,Bhopal,2025-06-16
2908,Jyoti Nair,customer2908@example.com,7610467956,Nagpur,2024-05-31
2909,Aishani Deol,customer2909@example.com,6701376576,Lucknow,2024-09-03
2910,Chaitaly Nair,customer2910@example.com,7608289343,Jaipur,2024-02-04
2911,Advaith Parekh,customer2911@example.com,8259988814,Chandigarh,2025-11-21
2912,Ati Goda,customer2912@example.com,6875687742,Nagpur,2023-06-23
2913,Amol Yogi,customer2913@example.com,6520785232,Mumbai,2023-03-17
2914,Lavanya Kurian,customer2914@example.com,6218385305,Kolkata,2024-11-27
2915,Riya Kannan,customer2915@example.com,7585454894,Kolkata,2024-10-13
2916,Amruta Jani,customer2916@example.com,7360014535,Lucknow,2023-05-29
2917,Nachiket Sehgal,customer2917@example.com,6525349988,Chennai,2025-05-26
2918,Radha Pillay,customer2918@example.com,7340589043,Jaipur,2025-07-17
2919,Varenya Chander,customer2919@example.com,6717395236,Kolkata,2024-04-18
2920,Pratyush Sharaf,customer2920@example.com,8254876763,Ahmedabad,2024-02-01
2921,Patrick Gulati,customer2921@example.com,9838119637,Chennai,2025-08-11
2922,Pranit Manda,customer2922@example.com,8349828632,Surat,2024-12-06
2923,Dayita Gaba,customer2923@example.com,6335393217,Nashik,2025-01-01
2924,Meera Guha,customer2924@example.com,9382400801,Kochi,2023-06-07
2925,Luke Bora,customer2925@example.com,9335814695,Hyderabad,2026-01-30
2926,Yatan Sha,customer2926@example.com,6706804441,Chandigarh,2024-11-21
2927,Harish Vyas,customer2927@example.com,8325500719,Kolkata,2025-11-20
2928,Advik Chaudhry,customer2928@example.com,6960500363,Chandigarh,2026-01-15
2929,Leena Bail,customer2929@example.com,9530533391,Chandigarh,2023-11-30
2930,Agastya Bassi,customer2930@example.com,7447559451,Jaipur,2026-01-05
2931,Yuvraj Chacko,customer2931@example.com,6628311470,Bengaluru,2023-03-18
2932,Luke Arya,customer2932@example.com,6872845689,Indore,2024-04-06
2933,Hitesh Nigam,customer2933@example.com,8507808761,Chennai,2023-07-04
2934,Samaksh Dewan,customer2934@example.com,7230668115,Chandigarh,2024-07-22
2935,Sachi Gade,customer2935@example.com,9516406181,Kochi,2025-09-18
2936,Garima Srinivas,customer2936@example.com,7626215701,Pune,2025-09-05
2937,Yagnesh Bhalla,customer2937@example.com,9226881786,Kochi,2023-04-18
2938,Jatin Bail,customer2938@example.com,9285628876,Chandigarh,2023-01-15
2939,Harshil Minhas,customer2939@example.com,6590015996,Ahmedabad,2026-02-10
2940,Yasti Sagar,customer2940@example.com,9937598875,Delhi,2024-03-16
2941,Aarav Kapur,customer2941@example.com,6466057000,Bhopal,2023-12-20
2942,Utkarsh Sane,customer2942@example.com,9391099808,Bengaluru,2025-07-15
2943,Manan Pandit,customer2943@example.com,9736274385,Kolkata,2023-06-10
2944,Upkaar Rajagopalan,customer2944@example.com,7614957784,Bhopal,2026-03-20
2945,Vyanjana Gara,customer2945@example.com,8417743343,Chandigarh,2024-07-10
2946,Udarsh Chaudry,customer2946@example.com,6954343563,Lucknow,2024-07-10
2947,Ishanvi Bose,customer2947@example.com,9492361875,Surat,2026-02-13
2948,Jagat Patel,customer2948@example.com,7802955553,Bengaluru,2023-12-01
2949,Caleb Dora,customer2949@example.com,7841799321,Bhopal,2024-01-21
2950,Priya Wali,customer2950@example.com,7105616467,Bhopal,2026-04-17
2951,Pratyush Sandal,customer2951@example.com,7128797372,Nashik,2025-05-23
2952,Charvi Mangat,customer2952@example.com,7403609776,Surat,2023-10-24
2953,Hemang Madan,customer2953@example.com,7314658113,Chennai,2025-07-11
2954,Jyoti Lanka,customer2954@example.com,9381132955,Chennai,2025-03-02
2955,Aarnav Dixit,customer2955@example.com,6472771441,Lucknow,2025-08-19
2956,Ekaja Divan,customer2956@example.com,8450462010,Nagpur,2023-03-16
2957,Sanya Sridhar,customer2957@example.com,8100396904,Bhopal,2024-01-21
2958,Isaiah Sane,customer2958@example.com,8700330401,Pune,2023-07-18
2959,Maanav Chana,customer2959@example.com,9543779923,Bengaluru,2025-09-08
2960,Joshua Gopal,customer2960@example.com,6617116050,Kolkata,2023-12-14
2961,Ira Nagar,customer2961@example.com,7853356334,Bhopal,2024-11-05
2962,Panini Srivastava,customer2962@example.com,8960639352,Lucknow,2025-08-17
2963,Gauri Devi,customer2963@example.com,7395227420,Kochi,2024-02-23
2964,Leela Sahota,customer2964@example.com,6733133069,Kochi,2025-08-23
2965,Waida Walia,customer2965@example.com,6902894118,Hyderabad,2025-07-08
2966,Leena Chacko,customer2966@example.com,7856575268,Bengaluru,2026-04-21
2967,Theodore Chahal,customer2967@example.com,8887591762,Lucknow,2025-10-04
2968,Janaki Agate,customer2968@example.com,6913187685,Lucknow,2026-03-28
2969,Anay Patil,customer2969@example.com,9140744495,Indore,2026-01-11
2970,Kiaan Choudhary,customer2970@example.com,6863688391,Bengaluru,2025-11-11
2971,Ikshita Patel,customer2971@example.com,8635141150,Pune,2025-08-12
2972,Chaitaly Sharma,customer2972@example.com,6532963604,Chennai,2024-01-30
2973,Oviya Kibe,customer2973@example.com,7222492551,Nagpur,2026-02-07
2974,Udarsh Bhalla,customer2974@example.com,8247281658,Ahmedabad,2023-01-08
2975,Jacob Dhar,customer2975@example.com,6224919692,Chandigarh,2024-05-25
2976,Atharv Samra,customer2976@example.com,8649036863,Kochi,2024-12-16
2977,Chatura Cherian,customer2977@example.com,6278313824,Nashik,2025-03-04
2978,Vansha Dugar,customer2978@example.com,6704604523,Chennai,2023-01-08
2979,Manan Pau,customer2979@example.com,8612609978,Ahmedabad,2024-11-16
2980,Farhan Konda,customer2980@example.com,6104050338,Ahmedabad,2023-10-29
2981,Advik Saha,customer2981@example.com,6357324879,Bengaluru,2025-11-28
2982,Qabil Singhal,customer2982@example.com,8786540516,Hyderabad,2026-01-05
2983,Chandani Singhal,customer2983@example.com,7490915449,Bengaluru,2023-10-03
2984,Geetika Sawhney,customer2984@example.com,7214971553,Chandigarh,2024-09-12
2985,Bhavini Choudhry,customer2985@example.com,8736230350,Ahmedabad,2023-07-02
2986,Darpan Balay,customer2986@example.com,9878287829,Surat,2026-04-11
2987,Yahvi Dyal,customer2987@example.com,8718709806,Pune,2023-09-26
2988,Meghana Sampath,customer2988@example.com,6925375609,Surat,2023-05-27
2989,Aarna Thaker,customer2989@example.com,7473674115,Chennai,2023-11-06
2990,Utkarsh Sampath,customer2990@example.com,9671354785,Kolkata,2025-01-24
2991,Anita Chanda,customer2991@example.com,8139686062,Kolkata,2025-03-05
2992,Jeremiah Kakar,customer2992@example.com,7190934607,Pune,2026-06-02
2993,Daksh Kanda,customer2993@example.com,9172709214,Bhopal,2024-02-13
2994,Qarin Brahmbhatt,customer2994@example.com,7606993744,Lucknow,2023-05-22
2995,Vansha Munshi,customer2995@example.com,9368385318,Kochi,2023-10-01
2996,Lajita Gala,customer2996@example.com,6434629741,Indore,2023-10-15
2997,Kamya Samra,customer2997@example.com,8482762057,Mumbai,2023-06-29
2998,Anamika Chopra,customer2998@example.com,6180665059,Kochi,2024-03-22
2999,Faras Patil,customer2999@example.com,9778580630,Pune,2025-04-28
3000,Ayaan Khatri,customer3000@example.com,9278651158,Bhopal,2024-11-24
3001,Nicholas Chhabra,customer3001@example.com,8672571425,Delhi,2026-02-02
3002,Siddharth Apte,customer3002@example.com,6253538194,Kochi,2024-07-11
3003,Raghav Jaggi,customer3003@example.com,8636954488,Bhopal,2026-05-30
3004,Wridesh Luthra,customer3004@example.com,8825650672,Pune,2023-03-19
3005,Chaitanya Sule,customer3005@example.com,8504630431,Chennai,2025-11-07
3006,Chanakya Murty,customer3006@example.com,9188093722,Ahmedabad,2023-10-04
3007,Dayamai Anand,customer3007@example.com,9704158758,Mumbai,2024-05-28
3008,Barkha Rao,customer3008@example.com,8577743854,Nashik,2025-04-03
3009,Divya Raman,customer3009@example.com,7166840631,Pune,2024-06-08
3010,Kai Chatterjee,customer3010@example.com,9893716543,Jaipur,2026-06-07
3011,Nikita Thakur,customer3011@example.com,8629594408,Jaipur,2024-12-22
3012,Yadavi Doctor,customer3012@example.com,6612082845,Bengaluru,2025-09-30
3013,Lavanya Sood,customer3013@example.com,9380030878,Lucknow,2025-05-05
3014,Bina Edwin,customer3014@example.com,7808808839,Surat,2025-09-12
3015,Ubika Brar,customer3015@example.com,9616031372,Hyderabad,2026-04-21
3016,Vincent Kale,customer3016@example.com,9245707963,Lucknow,2025-05-10
3017,Naveen Thaker,customer3017@example.com,6695682833,Bengaluru,2024-11-20
3018,Sara Deep,customer3018@example.com,6229778469,Bhopal,2023-10-22
3019,Bina Parsa,customer3019@example.com,9817496788,Ahmedabad,2023-02-21
3020,Balveer Ram,customer3020@example.com,8750257808,Chandigarh,2025-02-02
3021,Sathvik Borde,customer3021@example.com,9359715036,Delhi,2023-07-20
3022,Widisha Chatterjee,customer3022@example.com,9764027214,Kochi,2024-07-13
3023,Luke More,customer3023@example.com,7181129921,Ahmedabad,2025-04-13
3024,Wishi Chandra,customer3024@example.com,6849026397,Jaipur,2025-02-06
3025,Dipta Gara,customer3025@example.com,7914479302,Bhopal,2024-03-12
3026,Neel Bir,customer3026@example.com,7943044801,Ahmedabad,2024-08-09
3027,Januja Pandit,customer3027@example.com,8265714377,Chandigarh,2024-09-18
3028,Ekavir Gola,customer3028@example.com,8705827445,Kochi,2023-12-30
3029,Aarna Solanki,customer3029@example.com,9733610018,Kolkata,2026-06-09
3030,Riya Dey,customer3030@example.com,9157651007,Bhopal,2025-03-29
3031,Vinaya Baral,customer3031@example.com,6660067729,Jaipur,2023-04-05
3032,Bhavini Rattan,customer3032@example.com,9873001969,Mumbai,2024-01-03
3033,Kai Sastry,customer3033@example.com,9154346324,Nashik,2025-03-26
3034,Yauvani Murthy,customer3034@example.com,8338077299,Nashik,2026-03-24
3035,Fiyaz Sachdev,customer3035@example.com,9981253544,Hyderabad,2023-04-22
3036,Adya Basak,customer3036@example.com,9818100710,Nashik,2024-08-06
3037,Yash Anand,customer3037@example.com,7877082158,Kochi,2026-06-16
3038,Henry Mannan,customer3038@example.com,7704846301,Kolkata,2023-03-13
3039,Nathan Rastogi,customer3039@example.com,6379415524,Chennai,2026-01-05
3040,Udant Rama,customer3040@example.com,8241508713,Bhopal,2023-06-10
3041,Girik Palla,customer3041@example.com,9637395164,Hyderabad,2026-02-28
3042,Upadhriti Warrior,customer3042@example.com,6839225968,Pune,2025-02-14
3043,Ikbal Chada,customer3043@example.com,6150478187,Surat,2026-06-28
3044,Hritik Ranganathan,customer3044@example.com,9574643226,Hyderabad,2023-06-29
3045,Ryan Ratti,customer3045@example.com,7446259244,Delhi,2023-06-24
3046,Dhruv Nadig,customer3046@example.com,6205537306,Mumbai,2024-03-03
3047,Vedika Kala,customer3047@example.com,6125925598,Nagpur,2024-03-03
3048,Ishwar Mallick,customer3048@example.com,9171740677,Nashik,2025-03-22
3049,Balvan Dugal,customer3049@example.com,9100263369,Jaipur,2026-03-28
3050,Madhav Kala,customer3050@example.com,6185476223,Surat,2023-06-04
3051,Azad Rai,customer3051@example.com,7840605281,Indore,2025-09-19
3052,Janaki Sani,customer3052@example.com,8460784618,Lucknow,2024-01-21
3053,Tanay Bhagat,customer3053@example.com,6873565254,Bengaluru,2024-08-15
3054,Arin Sampath,customer3054@example.com,6926070336,Mumbai,2023-01-16
3055,Zayyan Goda,customer3055@example.com,9280271458,Chennai,2024-10-12
3056,Lucky Biswas,customer3056@example.com,6331925209,Hyderabad,2026-06-13
3057,Nidhi Bumb,customer3057@example.com,8480675716,Nagpur,2024-01-31
3058,Siya Saini,customer3058@example.com,7545502868,Kochi,2025-05-22
3059,Aashi Gour,customer3059@example.com,7635715662,Chandigarh,2024-05-16
3060,George Sangha,customer3060@example.com,7439001299,Kochi,2024-11-25
3061,Chameli Gala,customer3061@example.com,6863943748,Mumbai,2026-01-05
3062,Ikshita Saini,customer3062@example.com,7354855766,Lucknow,2025-02-12
3063,Vaishnavi Wason,customer3063@example.com,8386029132,Chennai,2023-09-24
3064,Rajeshri Pant,customer3064@example.com,7404554548,Indore,2025-10-19
3065,Advaith Issac,customer3065@example.com,6568455451,Bengaluru,2026-06-24
3066,Maanav Naik,customer3066@example.com,8792496095,Chennai,2023-08-08
3067,Akshay Dora,customer3067@example.com,7433426425,Delhi,2025-03-02
3068,Manbir Tata,customer3068@example.com,6778754641,Lucknow,2025-04-13
3069,Ishaan Ray,customer3069@example.com,7818922219,Surat,2023-12-17
3070,Aarush Seshadri,customer3070@example.com,6928081711,Kochi,2023-01-09
3071,Shivani Chatterjee,customer3071@example.com,8860666903,Ahmedabad,2024-07-14
3072,Tejas Guha,customer3072@example.com,8841993292,Mumbai,2026-02-05
3073,Ojas Purohit,customer3073@example.com,7983137101,Kochi,2024-07-19
3074,Ijaya Kadakia,customer3074@example.com,7957826425,Kochi,2023-12-02
3075,Akshay Prabhakar,customer3075@example.com,9317707896,Mumbai,2023-12-25
3076,Amol Mittal,customer3076@example.com,9459123229,Surat,2025-01-25
3077,Yadavi Dash,customer3077@example.com,9256196718,Bhopal,2025-04-30
3078,Tamanna Sachdev,customer3078@example.com,7231084875,Lucknow,2025-03-03
3079,Indira Pandey,customer3079@example.com,7381942621,Chennai,2024-08-18
3080,Gautami Comar,customer3080@example.com,9892883809,Bengaluru,2023-10-24
3081,Tara Sangha,customer3081@example.com,7134496583,Lucknow,2023-01-16
3082,Peter Gaba,customer3082@example.com,9436420931,Pune,2023-09-27
3083,Lakshmi Mane,customer3083@example.com,9896738043,Lucknow,2026-05-01
3084,Bhanumati Chaudhary,customer3084@example.com,7645245977,Chennai,2025-04-16
3085,Hemang Chakraborty,customer3085@example.com,8658909917,Bengaluru,2024-02-26
3086,Nisha Chawla,customer3086@example.com,8605541095,Kolkata,2025-07-14
3087,Harish Sawhney,customer3087@example.com,7659381541,Mumbai,2026-03-30
3088,Bimala Salvi,customer3088@example.com,9536147493,Lucknow,2024-03-16
3089,Udant Sha,customer3089@example.com,7113865640,Mumbai,2025-07-05
3090,Ishwar Hayre,customer3090@example.com,9493030442,Bhopal,2025-06-13
3091,Jeet Panchal,customer3091@example.com,7327743937,Delhi,2024-07-12
3092,Nitara Randhawa,customer3092@example.com,7295257458,Bengaluru,2026-03-26
3093,Kavya Kapur,customer3093@example.com,6551352354,Pune,2024-01-31
3094,Amrita Lalla,customer3094@example.com,9892091861,Nagpur,2025-10-20
3095,Oeshi Khurana,customer3095@example.com,6182673678,Nashik,2025-01-14
3096,Oeshi Bali,customer3096@example.com,9685732100,Indore,2024-01-03
3097,Atharv Dube,customer3097@example.com,6728790673,Jaipur,2023-08-19
3098,Zilmil Nadkarni,customer3098@example.com,9319929587,Ahmedabad,2026-03-18
3099,Onkar Sani,customer3099@example.com,8122900904,Nagpur,2026-06-03
3100,Mahika Hans,customer3100@example.com,9641936631,Ahmedabad,2025-01-30
3101,Charan Sanghvi,customer3101@example.com,7223324459,Mumbai,2023-08-12
3102,Madhavi Ghose,customer3102@example.com,7724509770,Kochi,2024-11-27
3103,Eesha Varughese,customer3103@example.com,7859164967,Nashik,2023-12-17
3104,Rajeshri Kashyap,customer3104@example.com,8370152678,Jaipur,2023-10-30
3105,Jonathan Thaman,customer3105@example.com,9294392899,Mumbai,2024-09-12
3106,Manya Lad,customer3106@example.com,9331242284,Bengaluru,2023-10-07
3107,Ekantika Jani,customer3107@example.com,9354699610,Bhopal,2025-06-16
3108,Girik Bal,customer3108@example.com,8951376677,Delhi,2024-01-25
3109,Advay Dua,customer3109@example.com,7432330333,Bengaluru,2025-07-19
3110,Farhan Raja,customer3110@example.com,8544857969,Nashik,2025-11-27
3111,Kalpit Setty,customer3111@example.com,9698919290,Bengaluru,2024-05-31
3112,Rachit Khatri,customer3112@example.com,8778134945,Lucknow,2023-12-02
3113,Chameli Hari,customer3113@example.com,9259567767,Lucknow,2026-05-22
3114,Kritika Lad,customer3114@example.com,9505565350,Nashik,2024-02-27
3115,Anvi Butala,customer3115@example.com,8542312799,Chennai,2024-09-25
3116,Arin Chauhan,customer3116@example.com,7123237574,Ahmedabad,2023-12-20
3117,Tripti Das,customer3117@example.com,6307326158,Lucknow,2025-07-11
3118,Lucky Mandal,customer3118@example.com,8246288562,Indore,2024-06-20
3119,Pranit Chander,customer3119@example.com,6431787529,Kolkata,2023-04-19
3120,Warda Pathak,customer3120@example.com,6722138165,Lucknow,2025-09-20
3121,Mahika Chaudhuri,customer3121@example.com,6850035134,Surat,2025-07-25
3122,Anthony Sachdev,customer3122@example.com,6172186695,Lucknow,2025-07-21
3123,Vidhi Bose,customer3123@example.com,7941962754,Ahmedabad,2026-04-05
3124,Oni Prashad,customer3124@example.com,6543493215,Ahmedabad,2026-02-08
3125,Shravya Dyal,customer3125@example.com,7409666353,Pune,2025-04-18
3126,Chanchal Anne,customer3126@example.com,9884453816,Lucknow,2023-06-24
3127,Azad Dalal,customer3127@example.com,7314829211,Kochi,2024-05-24
3128,Idika Sule,customer3128@example.com,9106498450,Chandigarh,2025-02-25
3129,Nathan Vig,customer3129@example.com,6807373046,Kolkata,2024-04-25
3130,Jairaj Hans,customer3130@example.com,8545517687,Kochi,2023-03-10
3131,Arin Vasa,customer3131@example.com,7377256395,Ahmedabad,2023-07-05
3132,Tarak Patla,customer3132@example.com,7706303505,Surat,2024-07-07
3133,Teerth Balan,customer3133@example.com,9530100111,Kochi,2023-02-20
3134,Lakshit Kannan,customer3134@example.com,7331099866,Delhi,2023-12-23
3135,Jonathan Loyal,customer3135@example.com,6306337511,Pune,2025-04-26
3136,Vasatika Iyengar,customer3136@example.com,9213160946,Kochi,2023-10-06
3137,Ijaya Menon,customer3137@example.com,9971870184,Jaipur,2024-01-02
3138,Warhi Sarin,customer3138@example.com,8200944055,Chandigarh,2025-10-02
3139,Reyansh Krishna,customer3139@example.com,8952467116,Kochi,2025-10-19
3140,Rudra Mand,customer3140@example.com,8444077536,Bhopal,2026-01-01
3141,Harshil Muni,customer3141@example.com,7984491033,Indore,2023-01-09
3142,Samesh Sura,customer3142@example.com,8868382597,Ahmedabad,2025-11-17
3143,Sanaya Sampath,customer3143@example.com,9882849226,Chennai,2023-01-27
3144,Eiravati Chokshi,customer3144@example.com,8939488701,Delhi,2023-03-26
3145,Pushti Iyengar,customer3145@example.com,6417614651,Chennai,2023-01-12
3146,Kashvi Bhatt,customer3146@example.com,7863819451,Chandigarh,2025-07-02
3147,Oliver Bandi,customer3147@example.com,6487915250,Kochi,2025-11-10
3148,Nimrat Memon,customer3148@example.com,9549057957,Hyderabad,2026-03-15
3149,Mitali Balan,customer3149@example.com,9833838960,Chandigarh,2026-05-11
3150,Pranit Naidu,customer3150@example.com,6403651129,Jaipur,2024-04-12
3151,Quincy Parmar,customer3151@example.com,7784115436,Jaipur,2025-02-09
3152,Elijah Kale,customer3152@example.com,9425211965,Lucknow,2025-04-02
3153,Kamya Dhillon,customer3153@example.com,9142477003,Kolkata,2026-05-27
3154,Jason Andra,customer3154@example.com,7186000416,Lucknow,2023-01-27
3155,Advay Narasimhan,customer3155@example.com,8917689950,Ahmedabad,2025-05-09
3156,Udyati Nagy,customer3156@example.com,7300059308,Chennai,2026-04-24
3157,Dominic Rajan,customer3157@example.com,9530779784,Jaipur,2023-02-10
3158,Simon Vyas,customer3158@example.com,6866746495,Bhopal,2024-12-03
3159,Harshil Mall,customer3159@example.com,7509822349,Pune,2024-06-27
3160,Oviya Saran,customer3160@example.com,7547817863,Chennai,2026-06-28
3161,Ekaja Hora,customer3161@example.com,8756328411,Lucknow,2024-04-28
3162,Chandran Tak,customer3162@example.com,9259480005,Indore,2023-02-15
3163,Chakradhar Maharaj,customer3163@example.com,9720120583,Mumbai,2023-03-25
3164,Jagdish Dash,customer3164@example.com,9227882284,Kochi,2025-06-16
3165,Onveer Narain,customer3165@example.com,9422217424,Nagpur,2023-10-20
3166,Warjas Bail,customer3166@example.com,8214968837,Bhopal,2025-05-16
3167,Andrew Agrawal,customer3167@example.com,8699651001,Hyderabad,2024-08-02
3168,Bhavani Deep,customer3168@example.com,6959802042,Chennai,2026-05-09
3169,Balhaar Walla,customer3169@example.com,7343544633,Bengaluru,2024-12-26
3170,Geetika Babu,customer3170@example.com,7995001073,Surat,2025-04-19
3171,Upma Chandran,customer3171@example.com,7760379598,Surat,2024-12-05
3172,Charvi Maharaj,customer3172@example.com,8738863228,Pune,2023-02-01
3173,Hiral Ratta,customer3173@example.com,9813793334,Lucknow,2024-07-12
3174,Dhriti Tak,customer3174@example.com,6504248612,Jaipur,2025-07-31
3175,Maya Misra,customer3175@example.com,9677782591,Bengaluru,2023-04-02
3176,Wakeeta Dara,customer3176@example.com,9127895885,Delhi,2023-12-11
3177,Harshil Balakrishnan,customer3177@example.com,9756168143,Ahmedabad,2023-06-16
3178,Champak Anne,customer3178@example.com,8759719673,Bhopal,2024-12-24
3179,Henry Naidu,customer3179@example.com,7439793207,Indore,2024-05-26
3180,Upkaar Garde,customer3180@example.com,9766397134,Bhopal,2026-04-12
3181,Rayaan Pillay,customer3181@example.com,6883801601,Chandigarh,2023-04-11
3182,Charles Lad,customer3182@example.com,7121878426,Jaipur,2023-09-01
3183,Indrajit Bava,customer3183@example.com,8821138730,Bengaluru,2026-04-07
3184,Falan Lalla,customer3184@example.com,9127028920,Mumbai,2025-03-28
3185,Ladli Madan,customer3185@example.com,9519537554,Jaipur,2023-05-24
3186,Lakshit Sharma,customer3186@example.com,8430493562,Pune,2025-04-16
3187,Jonathan Nagar,customer3187@example.com,9668501604,Kolkata,2025-01-20
3188,Odika Sekhon,customer3188@example.com,7205863191,Bhopal,2026-02-08
3189,Wridesh Sridhar,customer3189@example.com,7306019081,Lucknow,2025-11-15
3190,Avni Nagy,customer3190@example.com,7482010060,Lucknow,2023-01-17
3191,Upkaar Chanda,customer3191@example.com,7526037270,Jaipur,2026-05-10
3192,Chaman Butala,customer3192@example.com,8978722908,Jaipur,2023-08-28
3193,Xavier Jha,customer3193@example.com,8193653766,Kolkata,2026-01-09
3194,Falan Talwar,customer3194@example.com,8962054695,Indore,2023-04-02
3195,Simon Arya,customer3195@example.com,6163861736,Chennai,2024-10-08
3196,Upadhriti Rajan,customer3196@example.com,8714440935,Surat,2025-12-18
3197,Vinaya Cheema,customer3197@example.com,9305502805,Kochi,2025-01-22
3198,Sathvik Wable,customer3198@example.com,6515417772,Ahmedabad,2023-03-03
3199,Devika Setty,customer3199@example.com,7980891585,Nagpur,2023-09-13
3200,Yamini Cherian,customer3200@example.com,9672742509,Indore,2024-09-06
3201,Theodore Patla,customer3201@example.com,7196063523,Bengaluru,2026-05-25
3202,Sneha Varghese,customer3202@example.com,6158735632,Delhi,2026-04-16
3203,Mugdha Guha,customer3203@example.com,7483161412,Chandigarh,2025-04-09
3204,Arunima Sampath,customer3204@example.com,8796583088,Pune,2024-01-01
3205,Damyanti Chaudry,customer3205@example.com,7336302766,Ahmedabad,2025-09-02
3206,Triya Chhabra,customer3206@example.com,7685197937,Jaipur,2025-05-08
3207,Wridesh Babu,customer3207@example.com,7250895821,Lucknow,2023-06-27
3208,Rachit Loke,customer3208@example.com,9147908590,Bengaluru,2025-03-03
3209,Vamakshi Wali,customer3209@example.com,7507466601,Lucknow,2025-09-01
3210,Indira Lanka,customer3210@example.com,7932183930,Nagpur,2026-04-27
3211,Frado Pandya,customer3211@example.com,6626000091,Pune,2023-08-04
3212,Simon Dora,customer3212@example.com,6860387198,Ahmedabad,2025-07-11
3213,Yadavi Sankar,customer3213@example.com,8590282632,Bengaluru,2023-10-16
3214,Chatresh Sastry,customer3214@example.com,7128143483,Hyderabad,2026-03-13
3215,Kala Chaudhari,customer3215@example.com,9242685079,Surat,2025-05-06
3216,Lavanya Sami,customer3216@example.com,6718235916,Kochi,2024-07-17
3217,Chaitaly Gulati,customer3217@example.com,7109117535,Mumbai,2025-09-13
3218,Patrick Majumdar,customer3218@example.com,8179273157,Ahmedabad,2023-11-08
3219,Zilmil Sant,customer3219@example.com,9963615144,Kolkata,2023-10-27
3220,Chandresh Kothari,customer3220@example.com,9406450633,Nagpur,2026-03-18
3221,Theodore Contractor,customer3221@example.com,6110621840,Chandigarh,2025-08-27
3222,Balendra Lata,customer3222@example.com,8482628404,Lucknow,2025-03-08
3223,Dominic Wali,customer3223@example.com,9109449136,Jaipur,2025-05-21
3224,Anya Kara,customer3224@example.com,6544738936,Mumbai,2026-01-09
3225,Manya Ramaswamy,customer3225@example.com,8951749237,Pune,2023-06-03
3226,Thomas Loyal,customer3226@example.com,8185908143,Indore,2025-03-15
3227,Samesh Garg,customer3227@example.com,8342044092,Bhopal,2025-02-12
3228,Idika Mani,customer3228@example.com,9969591465,Surat,2023-09-29
3229,Aarush Chandra,customer3229@example.com,9817168258,Pune,2023-02-15
3230,Yahvi Sood,customer3230@example.com,8827271893,Nashik,2025-10-29
3231,William Garde,customer3231@example.com,6137859411,Lucknow,2025-03-20
3232,Ekaraj Ganesan,customer3232@example.com,7139012508,Nagpur,2023-02-28
3233,Gaurangi Shah,customer3233@example.com,9661344714,Hyderabad,2024-07-29
3234,Agastya Som,customer3234@example.com,7780698173,Mumbai,2026-02-03
3235,Gaurika Bail,customer3235@example.com,9158613549,Kolkata,2026-04-20
3236,Aishani Bose,customer3236@example.com,9386891247,Chennai,2024-02-10
3237,Aditya Pandey,customer3237@example.com,8778106358,Bhopal,2026-03-07
3238,Aarav Suresh,customer3238@example.com,9213350053,Indore,2026-06-20
3239,Urmi Choudhary,customer3239@example.com,9720045956,Pune,2025-04-14
3240,Anay Mannan,customer3240@example.com,8457381909,Delhi,2024-05-20
3241,Yahvi Ganesh,customer3241@example.com,9700158690,Nashik,2025-07-21
3242,Girindra Chaudhry,customer3242@example.com,6966294727,Surat,2026-05-31
3243,Gautami Sethi,customer3243@example.com,7678619907,Nagpur,2023-07-11
3244,Indali Kurian,customer3244@example.com,9652235129,Bengaluru,2023-11-03
3245,Zehaan Patla,customer3245@example.com,7126762085,Chandigarh,2024-10-10
3246,Agastya Pandit,customer3246@example.com,6557188901,Surat,2026-04-07
3247,Gauri Vasa,customer3247@example.com,8622366356,Lucknow,2026-02-14
3248,Isaiah Madan,customer3248@example.com,6123314292,Delhi,2024-02-03
3249,Manbir Roy,customer3249@example.com,9287972872,Lucknow,2024-05-12
3250,Lucky Parikh,customer3250@example.com,7751506023,Ahmedabad,2024-03-11
3251,Azaan Konda,customer3251@example.com,8314914756,Kochi,2026-02-26
3252,Jagvi Jhaveri,customer3252@example.com,8860207494,Chandigarh,2026-05-30
3253,Rishi Purohit,customer3253@example.com,8330332173,Pune,2025-01-23
3254,Anusha Sengupta,customer3254@example.com,7640557700,Jaipur,2026-04-27
3255,Alka Palla,customer3255@example.com,9259382428,Hyderabad,2025-01-13
3256,Mahika Sahni,customer3256@example.com,7677377119,Kochi,2025-02-11
3257,Dayamai Halder,customer3257@example.com,8555737279,Bhopal,2025-11-25
3258,Zinal Oza,customer3258@example.com,9564483288,Kochi,2024-11-04
3259,Rachita Sha,customer3259@example.com,9386764542,Nagpur,2023-01-17
3260,Bhavya Choudhary,customer3260@example.com,9207813965,Surat,2025-10-13
3261,Wishi Din,customer3261@example.com,8466018512,Chandigarh,2026-01-08
3262,Mason Virk,customer3262@example.com,7788146953,Indore,2026-03-04
3263,Nicholas Mitter,customer3263@example.com,8458799980,Delhi,2024-08-03
3264,Bhavya Bhattacharyya,customer3264@example.com,7882378627,Delhi,2025-12-03
3265,Alexander Setty,customer3265@example.com,9766390821,Delhi,2024-05-07
3266,Teerth Mandal,customer3266@example.com,9125417266,Delhi,2026-03-17
3267,Chatresh Suresh,customer3267@example.com,6397343041,Bengaluru,2024-06-14
3268,Abdul Sani,customer3268@example.com,7918912865,Surat,2023-05-21
3269,Aadi Bedi,customer3269@example.com,9756645152,Chandigarh,2024-10-31
3270,Lakshit Palla,customer3270@example.com,6316297362,Kolkata,2023-11-26
3271,Yadavi Dubey,customer3271@example.com,7271232214,Jaipur,2023-03-20
3272,Anika Dhar,customer3272@example.com,7314636291,Bengaluru,2023-06-29
3273,Rachana Buch,customer3273@example.com,9733875286,Jaipur,2025-10-25
3274,Theodore Balay,customer3274@example.com,6873171638,Hyderabad,2023-12-26
3275,Isha Kothari,customer3275@example.com,6701789950,Ahmedabad,2026-04-26
3276,Pahal Rastogi,customer3276@example.com,9556934737,Indore,2026-02-12
3277,Advika Mittal,customer3277@example.com,9569107761,Kolkata,2024-06-05
3278,Oscar Sarin,customer3278@example.com,9507661213,Bhopal,2026-03-11
3279,Liam Iyengar,customer3279@example.com,9100645452,Indore,2025-11-19
3280,Krishna Saha,customer3280@example.com,7462811938,Kochi,2024-10-21
3281,Charvi Mody,customer3281@example.com,6431045093,Nagpur,2024-06-18
3282,Chameli Shenoy,customer3282@example.com,6237516499,Bengaluru,2023-08-15
3283,Keya Sarkar,customer3283@example.com,9463448743,Delhi,2023-02-24
3284,Lakshit Vyas,customer3284@example.com,7763251796,Kolkata,2023-11-11
3285,Dhriti Thakur,customer3285@example.com,7187101855,Chandigarh,2026-05-28
3286,Upadhriti Pandya,customer3286@example.com,6794389101,Nagpur,2024-07-10
3287,Unnati Salvi,customer3287@example.com,6955430785,Nashik,2024-08-21
3288,Triya Bala,customer3288@example.com,7529803038,Delhi,2023-01-11
3289,Oviya Chakrabarti,customer3289@example.com,8567083099,Nashik,2023-12-14
3290,Chasmum Kibe,customer3290@example.com,7777489193,Hyderabad,2025-08-12
3291,Joshua Memon,customer3291@example.com,7379413265,Bengaluru,2025-07-18
3292,Maya Dass,customer3292@example.com,9731563713,Hyderabad,2025-04-24
3293,Abeer Shere,customer3293@example.com,7653404893,Nashik,2024-09-30
3294,Chatura Chad,customer3294@example.com,8935883337,Chennai,2024-04-24
3295,Anamika Chhabra,customer3295@example.com,7793876650,Kochi,2024-04-14
3296,Gunbir Mannan,customer3296@example.com,9841661091,Kochi,2024-04-11
3297,Garima Bhat,customer3297@example.com,8387606691,Lucknow,2026-02-19
3298,Yasti Bera,customer3298@example.com,7112064163,Lucknow,2025-07-12
3299,Zaitra Dhawan,customer3299@example.com,6652751935,Jaipur,2025-10-18
3300,Laban Kapoor,customer3300@example.com,9262276611,Ahmedabad,2025-04-23
3301,Charvi Mukhopadhyay,customer3301@example.com,7789481476,Hyderabad,2025-03-09
3302,Vedhika Iyer,customer3302@example.com,6851387406,Ahmedabad,2024-09-18
3303,Ekalinga Acharya,customer3303@example.com,8112639602,Ahmedabad,2025-02-13
3304,Jai Venkatesh,customer3304@example.com,7478408954,Kolkata,2024-11-07
3305,Yug Jayaraman,customer3305@example.com,7125621906,Kochi,2023-07-30
3306,Urvi Bakshi,customer3306@example.com,8703807241,Nashik,2024-09-30
3307,Mahika Bhakta,customer3307@example.com,7856154754,Delhi,2026-01-15
3308,Charita Ravel,customer3308@example.com,9854826588,Nashik,2026-03-15
3309,Qarin Keer,customer3309@example.com,8636772361,Bhopal,2023-06-27
3310,Reva Dasgupta,customer3310@example.com,6971947822,Nagpur,2026-06-24
3311,Madhav Bains,customer3311@example.com,9407860592,Bengaluru,2023-05-31
3312,Lucky Khosla,customer3312@example.com,6245905716,Delhi,2023-09-09
3313,Yasti Iyer,customer3313@example.com,6501381472,Bengaluru,2026-02-27
3314,Varsha Mann,customer3314@example.com,8198428478,Kolkata,2023-07-17
3315,Harish Tailor,customer3315@example.com,7467774731,Surat,2024-12-23
3316,Anvi Raman,customer3316@example.com,7660314141,Lucknow,2023-11-29
3317,Hredhaan Shetty,customer3317@example.com,9396298219,Indore,2024-05-26
3318,Pavani Divan,customer3318@example.com,9139623167,Nagpur,2026-04-04
3319,Bhanumati Shankar,customer3319@example.com,7362710136,Jaipur,2026-04-27
3320,Lopa Apte,customer3320@example.com,6197685365,Hyderabad,2025-05-25
3321,Bahadurjit Saxena,customer3321@example.com,6199151377,Ahmedabad,2023-12-01
3322,Isha Dewan,customer3322@example.com,6324578769,Mumbai,2023-12-18
3323,Tara Malhotra,customer3323@example.com,8110999719,Mumbai,2024-11-06
3324,Nathan Parmar,customer3324@example.com,9564503952,Pune,2023-01-05
3325,Ikshita Vohra,customer3325@example.com,6194339419,Kolkata,2023-12-17
3326,Yochana Bhatnagar,customer3326@example.com,6749366030,Bhopal,2023-05-05
3327,Max Pandey,customer3327@example.com,7238932442,Chennai,2024-05-12
3328,Tripti Dey,customer3328@example.com,8295636441,Indore,2024-03-27
3329,Chavvi Ramesh,customer3329@example.com,8233613971,Lucknow,2025-01-07
3330,Veda Puri,customer3330@example.com,8202402824,Bengaluru,2023-10-17
3331,Pranit Tripathi,customer3331@example.com,8362730686,Surat,2024-12-11
3332,Kai Naik,customer3332@example.com,9606967304,Lucknow,2026-05-15
3333,Netra Bir,customer3333@example.com,8357715169,Ahmedabad,2025-11-25
3334,Ayushman Dutt,customer3334@example.com,6971035884,Ahmedabad,2024-06-14
3335,Gopal Cherian,customer3335@example.com,9271855100,Jaipur,2025-06-21
3336,Vamakshi Naik,customer3336@example.com,8257319950,Lucknow,2026-03-11
3337,Warjas Cheema,customer3337@example.com,9147447108,Lucknow,2023-11-03
3338,Leena Salvi,customer3338@example.com,7409007247,Bengaluru,2024-07-28
3339,David Krishna,customer3339@example.com,8547002830,Chennai,2024-06-01
3340,Baljiwan Bora,customer3340@example.com,8238858882,Delhi,2024-10-30
3341,Kavya Balan,customer3341@example.com,7769058400,Nagpur,2024-02-16
3342,Ekani Chokshi,customer3342@example.com,6230555875,Nagpur,2025-06-09
3343,Krishna Deol,customer3343@example.com,9398551224,Hyderabad,2025-08-20
3344,Rohan Krishnan,customer3344@example.com,9865435307,Surat,2023-10-27
3345,Raksha Mangal,customer3345@example.com,9958559596,Chandigarh,2025-04-04
3346,Saksham Edwin,customer3346@example.com,9619969074,Bhopal,2023-05-29
3347,Rehaan Chadha,customer3347@example.com,7708155892,Nashik,2025-12-19
3348,Gopal Jani,customer3348@example.com,9950156217,Mumbai,2026-01-01
3349,Logan Ahluwalia,customer3349@example.com,6210185813,Chennai,2024-08-12
3350,Nikita Bora,customer3350@example.com,8954593961,Nashik,2024-07-21
3351,Qasim Wable,customer3351@example.com,8796770707,Chennai,2025-10-26
3352,Ranveer Johal,customer3352@example.com,7744173278,Pune,2024-02-09
3353,Xiti Pandey,customer3353@example.com,8173068281,Nagpur,2023-03-31
3354,Lakshit Bhavsar,customer3354@example.com,7192276863,Kochi,2025-04-17
3355,Prisha Puri,customer3355@example.com,8833408735,Hyderabad,2026-01-06
3356,Farhan Datta,customer3356@example.com,6515581355,Pune,2023-11-01
3357,Harrison Dalal,customer3357@example.com,6195785108,Kolkata,2023-01-22
3358,Vihaan Behl,customer3358@example.com,8811508593,Indore,2023-10-26
3359,Arin Kapur,customer3359@example.com,8129564878,Hyderabad,2023-07-26
3360,Zayan Ramakrishnan,customer3360@example.com,9839185648,Surat,2025-07-13
3361,Ekansh Dugar,customer3361@example.com,8421051406,Chandigarh,2024-11-06
3362,Falan Warrior,customer3362@example.com,8150703199,Indore,2026-02-07
3363,Zarna Tella,customer3363@example.com,7245842261,Ahmedabad,2026-05-10
3364,Mohini Bhandari,customer3364@example.com,8469254399,Chandigarh,2025-04-28
3365,Urishilla Lall,customer3365@example.com,6931650294,Bhopal,2024-03-17
3366,Bachittar Nigam,customer3366@example.com,7499916329,Lucknow,2025-10-30
3367,Advika Iyer,customer3367@example.com,7201793423,Nashik,2023-09-01
3368,Daniel Dewan,customer3368@example.com,8423861837,Jaipur,2025-06-11
3369,Forum Bhatia,customer3369@example.com,9295765684,Jaipur,2025-07-03
3370,Wakeeta Bora,customer3370@example.com,9489390702,Ahmedabad,2023-09-03
3371,Hiral Bobal,customer3371@example.com,7562239737,Jaipur,2025-08-01
3372,Faris Srinivas,customer3372@example.com,8987970095,Indore,2024-03-21
3373,Anika Barman,customer3373@example.com,9650743424,Hyderabad,2023-05-12
3374,Balendra Taneja,customer3374@example.com,8466126819,Chennai,2025-09-14
3375,Inaya Sankar,customer3375@example.com,6322647319,Nashik,2025-01-26
3376,Chavvi Kari,customer3376@example.com,6557232669,Surat,2024-11-17
3377,Christopher Bal,customer3377@example.com,6810701086,Lucknow,2026-01-14
3378,Ladli Badami,customer3378@example.com,7707947700,Chandigarh,2024-08-25
3379,Charles Ram,customer3379@example.com,8344390000,Surat,2024-11-04
3380,Jeremiah Sani,customer3380@example.com,7921574878,Ahmedabad,2023-06-25
3381,Lakshit D’Alia,customer3381@example.com,9802214855,Chennai,2026-04-27
3382,Jacob Pillai,customer3382@example.com,9927949458,Surat,2025-12-14
3383,Rishi Oza,customer3383@example.com,9297453577,Bhopal,2024-09-05
3384,Dalbir Khanna,customer3384@example.com,6574964710,Kochi,2024-08-25
3385,George Anne,customer3385@example.com,8143877102,Delhi,2023-10-28
3386,Nitara Yadav,customer3386@example.com,7834262911,Nashik,2025-05-18
3387,Alexander Krish,customer3387@example.com,8108644157,Chennai,2024-04-27
3388,Faraj Bhandari,customer3388@example.com,9500949759,Jaipur,2023-05-13
3389,Reva Gole,customer3389@example.com,6389361957,Surat,2023-07-30
3390,Caleb Murthy,customer3390@example.com,7510945189,Lucknow,2025-12-02
3391,Yash Master,customer3391@example.com,8731525620,Nashik,2023-11-01
3392,Mitali Srinivas,customer3392@example.com,8747064958,Kolkata,2025-01-29
3393,Faraj Bose,customer3393@example.com,6644754591,Mumbai,2023-06-07
3394,Samesh Talwar,customer3394@example.com,6246220061,Ahmedabad,2024-05-21
3395,Thomas Sawhney,customer3395@example.com,6296964626,Ahmedabad,2024-09-18
3396,Jeevika Master,customer3396@example.com,9722386486,Bhopal,2024-05-06
3397,Amara Nagar,customer3397@example.com,7686393188,Surat,2025-12-03
3398,Chatura Pal,customer3398@example.com,6486406521,Bhopal,2023-02-08
3399,Vedika Mammen,customer3399@example.com,8588606063,Indore,2023-05-24
3400,Samar Devan,customer3400@example.com,6235948662,Surat,2025-01-28
3401,Dalaja Kade,customer3401@example.com,8148746429,Delhi,2023-07-26
3402,Kashish Dhar,customer3402@example.com,7934197805,Lucknow,2023-08-30
3403,Wahab Sarraf,customer3403@example.com,6657145447,Chennai,2026-01-24
3404,Ishaan Bail,customer3404@example.com,9496456785,Kolkata,2023-10-15
3405,Bahadurjit Madan,customer3405@example.com,9989576277,Bhopal,2023-02-19
3406,Leena Mital,customer3406@example.com,9543005777,Pune,2025-06-01
3407,Darpan Mallick,customer3407@example.com,8805853352,Kochi,2026-03-06
3408,Warhi Bahl,customer3408@example.com,9599935565,Pune,2025-12-24
3409,Leena Sawhney,customer3409@example.com,7598445809,Bengaluru,2023-02-01
3410,Udarsh Jha,customer3410@example.com,9295846744,Lucknow,2026-06-20
3411,Qarin Sankar,customer3411@example.com,6325278550,Lucknow,2025-09-14
3412,Dalaja Balay,customer3412@example.com,9351524903,Hyderabad,2024-06-03
3413,Atharv Nayar,customer3413@example.com,6227168145,Ahmedabad,2026-02-03
3414,Tarak Bala,customer3414@example.com,9980297870,Kochi,2025-11-24
3415,Radha Sane,customer3415@example.com,9541989953,Kochi,2025-08-16
3416,Ikbal Rama,customer3416@example.com,6938328552,Hyderabad,2023-08-30
3417,Ubika Samra,customer3417@example.com,6473337165,Delhi,2025-11-23
3418,Nicholas Raj,customer3418@example.com,7460737570,Lucknow,2024-12-18
3419,Wazir Deo,customer3419@example.com,6845990019,Chandigarh,2025-06-15
3420,Avni Mahal,customer3420@example.com,6112429979,Mumbai,2023-11-13
3421,Zaid Merchant,customer3421@example.com,7865505338,Ahmedabad,2024-11-20
3422,Megha Barad,customer3422@example.com,7532943881,Chandigarh,2023-01-18
3423,Janaki Luthra,customer3423@example.com,7622340363,Indore,2023-12-26
3424,Advik Dash,customer3424@example.com,8943140290,Mumbai,2026-01-03
3425,Ekani Lalla,customer3425@example.com,6515071676,Jaipur,2025-02-18
3426,Sachi Shere,customer3426@example.com,7118786096,Mumbai,2024-11-07
3427,Ria Andra,customer3427@example.com,9672899771,Ahmedabad,2024-08-13
3428,Balhaar Parmer,customer3428@example.com,8400885447,Kolkata,2023-03-20
3429,Tejas Rege,customer3429@example.com,7175025027,Nagpur,2025-09-16
3430,Fariq Malhotra,customer3430@example.com,8903538530,Delhi,2026-06-12
3431,Devansh Sastry,customer3431@example.com,7116668096,Mumbai,2023-02-07
3432,Aarna Majumdar,customer3432@example.com,7885818161,Kochi,2026-02-14
3433,Warda Datta,customer3433@example.com,7891212836,Nagpur,2025-03-16
3434,Owen Din,customer3434@example.com,9959527216,Indore,2023-06-03
3435,Viraj Contractor,customer3435@example.com,6993401867,Delhi,2023-02-15
3436,Qarin Toor,customer3436@example.com,7853471233,Indore,2023-03-23
3437,Edhitha Barman,customer3437@example.com,7551278609,Kochi,2025-08-12
3438,Darsh Lad,customer3438@example.com,9371973692,Mumbai,2025-02-28
3439,Amol Pandit,customer3439@example.com,7773790462,Bengaluru,2026-06-05
3440,Wahab Palla,customer3440@example.com,7755097950,Indore,2025-07-03
3441,Faras Tripathi,customer3441@example.com,7907385218,Bhopal,2024-05-07
3442,Isaiah Vaidya,customer3442@example.com,9732536184,Surat,2025-05-04
3443,Warjas Jani,customer3443@example.com,7464224680,Ahmedabad,2023-10-22
3444,Kamya Sagar,customer3444@example.com,8487635236,Bengaluru,2024-12-10
3445,Pooja Mandal,customer3445@example.com,8509470248,Jaipur,2023-08-19
3446,Aryan Narain,customer3446@example.com,7278191257,Nagpur,2025-09-06
3447,Gautami Reddy,customer3447@example.com,9412518733,Chennai,2025-04-15
3448,Upma Menon,customer3448@example.com,6337861655,Kochi,2023-07-12
3449,Naveen Pillay,customer3449@example.com,8506089570,Jaipur,2023-09-20
3450,Bina Doctor,customer3450@example.com,6143447817,Bhopal,2023-09-16
3451,Hitesh Kakar,customer3451@example.com,7441949212,Chennai,2023-11-04
3452,Yasti Trivedi,customer3452@example.com,6483868604,Ahmedabad,2024-09-22
3453,Tanveer Radhakrishnan,customer3453@example.com,6954611645,Bengaluru,2026-06-28
3454,Mason Raj,customer3454@example.com,7389902808,Surat,2024-12-27
3455,Faras Kapur,customer3455@example.com,8874912993,Bhopal,2026-06-23
3456,Jairaj Wable,customer3456@example.com,7932865858,Hyderabad,2023-02-06
3457,Urmi Vohra,customer3457@example.com,6819297734,Delhi,2023-07-28
3458,Edhitha Luthra,customer3458@example.com,8580064988,Delhi,2024-08-23
3459,Chaaya Kohli,customer3459@example.com,9218312022,Nagpur,2024-03-09
3460,Xavier Pathak,customer3460@example.com,9736152717,Hyderabad,2024-01-28
3461,Tamanna Murty,customer3461@example.com,9766098401,Lucknow,2023-07-11
3462,Wridesh Saxena,customer3462@example.com,9343604646,Mumbai,2023-03-18
3463,Janaki Buch,customer3463@example.com,9839096825,Jaipur,2023-10-11
3464,Yashasvi Bose,customer3464@example.com,6672945366,Kochi,2023-04-05
3465,Veda Karpe,customer3465@example.com,9523365253,Nagpur,2023-11-29
3466,Omya Karpe,customer3466@example.com,9412593576,Delhi,2026-05-11
3467,Yash Reddy,customer3467@example.com,7884531827,Surat,2025-04-26
3468,Abha Mangat,customer3468@example.com,6244122011,Surat,2025-01-29
3469,Dipta Dalal,customer3469@example.com,9594625232,Surat,2024-09-05
3470,Nilima Sama,customer3470@example.com,9156055822,Bengaluru,2025-02-21
3471,Warda Hora,customer3471@example.com,9810968670,Nashik,2023-04-27
3472,Sudiksha Aurora,customer3472@example.com,7501281331,Delhi,2026-03-01
3473,Jai Sahota,customer3473@example.com,9917401652,Surat,2023-08-10
3474,Upma Chaudhuri,customer3474@example.com,8297674121,Chandigarh,2026-03-26
3475,Bahadurjit Sankar,customer3475@example.com,7329094268,Indore,2026-06-10
3476,Ojas Bora,customer3476@example.com,7946079508,Lucknow,2023-06-10
3477,Yutika Wagle,customer3477@example.com,8417420915,Kochi,2025-06-15
3478,Pahal Pandya,customer3478@example.com,8286978741,Bengaluru,2024-10-16
3479,Neelima Khurana,customer3479@example.com,7788886432,Lucknow,2024-12-26
3480,Jagat Nayar,customer3480@example.com,8466030758,Jaipur,2026-06-27
3481,Hritik Bath,customer3481@example.com,8521927937,Nashik,2023-10-06
3482,Isha Sen,customer3482@example.com,8665107698,Chennai,2026-05-02
3483,Shivani Sarin,customer3483@example.com,9650406978,Lucknow,2025-07-13
3484,Vansha Desai,customer3484@example.com,9314712604,Kolkata,2025-09-25
3485,Yashodhara Chacko,customer3485@example.com,7898238947,Kochi,2024-02-25
3486,Abhimanyu Pingle,customer3486@example.com,8398414241,Chandigarh,2024-06-11
3487,Ladli Nagi,customer3487@example.com,8479408055,Ahmedabad,2024-12-05
3488,Patrick Trivedi,customer3488@example.com,9915910704,Bhopal,2024-05-18
3489,Gunbir Kata,customer3489@example.com,7459407123,Indore,2024-12-21
3490,Wakeeta Om,customer3490@example.com,6641606945,Ahmedabad,2024-08-04
3491,Zarna Vohra,customer3491@example.com,9724191083,Nagpur,2025-01-05
3492,Bhavika Naidu,customer3492@example.com,9993986007,Kolkata,2025-01-23
3493,Eiravati Gokhale,customer3493@example.com,8357995721,Bengaluru,2023-02-24
3494,Benjamin Kade,customer3494@example.com,9961671040,Bhopal,2023-07-05
3495,Zilmil Mall,customer3495@example.com,6937735762,Chandigarh,2024-03-09
3496,Hardik Palan,customer3496@example.com,7972640880,Chennai,2026-05-04
3497,Noah Dani,customer3497@example.com,6367316780,Kolkata,2026-01-31
3498,Anusha Sur,customer3498@example.com,9559227702,Lucknow,2023-09-01
3499,Udarsh Gara,customer3499@example.com,7476480382,Hyderabad,2024-06-10
3500,Aashi Cherian,customer3500@example.com,9523430766,Ahmedabad,2025-05-01
3501,Arya Dhaliwal,customer3501@example.com,8627593692,Jaipur,2026-03-18
3502,Samuel Trivedi,customer3502@example.com,9576553514,Chennai,2025-05-12
3503,Ayaan Baral,customer3503@example.com,8503176320,Nagpur,2025-05-10
3504,Abeer Suresh,customer3504@example.com,8118794580,Bhopal,2024-05-06
3505,Kala Jani,customer3505@example.com,6473806327,Kolkata,2025-12-17
3506,Pooja Saxena,customer3506@example.com,9235249538,Kolkata,2026-05-19
3507,Sudiksha Merchant,customer3507@example.com,7732045496,Delhi,2025-07-14
3508,Jagdish Saxena,customer3508@example.com,8568029595,Lucknow,2025-08-03
3509,Wakeeta Lall,customer3509@example.com,8699379106,Kolkata,2026-01-18
3510,Laksh Mallick,customer3510@example.com,8805236019,Bhopal,2026-06-19
3511,Irya Brar,customer3511@example.com,8867567511,Bengaluru,2024-10-15
3512,Falan Narain,customer3512@example.com,7470052935,Surat,2025-03-31
3513,Yashica Nayak,customer3513@example.com,9138277823,Hyderabad,2025-05-30
3514,Sudiksha Varghese,customer3514@example.com,7748931113,Nashik,2024-05-30
3515,Divya Barad,customer3515@example.com,7770994102,Bhopal,2026-06-18
3516,Harish Verma,customer3516@example.com,8471399527,Chandigarh,2025-08-06
3517,Ranveer Banik,customer3517@example.com,8338958753,Nashik,2024-12-13
3518,Yatan Devan,customer3518@example.com,9266156954,Surat,2023-10-10
3519,Thomas Hayre,customer3519@example.com,8817689429,Hyderabad,2026-01-01
3520,Upma Doshi,customer3520@example.com,7682898836,Delhi,2025-03-09
3521,Rachit Taneja,customer3521@example.com,6310302653,Nagpur,2024-01-25
3522,Karan Issac,customer3522@example.com,7253683159,Delhi,2026-05-25
3523,Zaitra Kala,customer3523@example.com,6203312062,Ahmedabad,2024-02-27
3524,Radha Bhavsar,customer3524@example.com,9314415454,Bengaluru,2024-06-20
3525,Sathvik Gokhale,customer3525@example.com,8216159953,Nagpur,2025-08-30
3526,Omya Lall,customer3526@example.com,9959115931,Mumbai,2023-10-15
3527,Wahab Palla,customer3527@example.com,7235610503,Chandigarh,2024-02-04
3528,Pranit Mital,customer3528@example.com,7399136000,Nashik,2025-01-28
3529,Brinda Sundaram,customer3529@example.com,6630969381,Indore,2024-01-16
3530,Manya Parikh,customer3530@example.com,7747070544,Surat,2024-04-20
3531,Chakrika Char,customer3531@example.com,7119939111,Ahmedabad,2025-06-15
3532,Isaiah Mani,customer3532@example.com,7184016855,Nashik,2026-04-22
3533,Sanya Nanda,customer3533@example.com,8539937894,Bhopal,2023-03-15
3534,Pavani D’Alia,customer3534@example.com,6171026427,Bengaluru,2024-08-08
3535,Ucchal Nagar,customer3535@example.com,8445393389,Nagpur,2023-04-24
3536,Idika Rao,customer3536@example.com,9851605633,Bhopal,2026-04-11
3537,Veda Suresh,customer3537@example.com,6566809393,Bengaluru,2024-08-27
3538,Wahab Balakrishnan,customer3538@example.com,7984438682,Kochi,2023-10-12
3539,Amrita Tripathi,customer3539@example.com,8661333051,Jaipur,2024-01-08
3540,Nilima Bhat,customer3540@example.com,7236347436,Jaipur,2023-08-24
3541,Advika Nadkarni,customer3541@example.com,8940964515,Chennai,2024-01-15
3542,Mahika Sathe,customer3542@example.com,8430849922,Kochi,2023-02-21
3543,Mohini Lad,customer3543@example.com,8767822224,Jaipur,2023-07-24
3544,Amrita Sunder,customer3544@example.com,8246465633,Kochi,2025-11-03
3545,Harinakshi Bath,customer3545@example.com,7951934558,Pune,2023-02-09
3546,Sara Rout,customer3546@example.com,7126077355,Chennai,2023-01-09
3547,Ojas Wason,customer3547@example.com,8945746877,Jaipur,2025-11-14
3548,Imaran Narayan,customer3548@example.com,9253179940,Hyderabad,2026-06-13
3549,Anmol Bail,customer3549@example.com,8464457830,Jaipur,2023-11-28
3550,Gautam Nath,customer3550@example.com,8486024285,Nashik,2025-11-18
3551,Dev Bawa,customer3551@example.com,7344624713,Kolkata,2023-04-23
3552,Janaki Wason,customer3552@example.com,6956826363,Pune,2025-05-11
3553,Naksh Wason,customer3553@example.com,7945300001,Mumbai,2024-04-10
3554,Veer Mannan,customer3554@example.com,6258489755,Delhi,2025-05-17
3555,Kashvi Narula,customer3555@example.com,9675264586,Pune,2025-02-20
3556,Tanveer Kothari,customer3556@example.com,6426246966,Mumbai,2024-12-17
3557,Balendra Bahri,customer3557@example.com,9805654475,Hyderabad,2025-09-20
3558,Yachana Rao,customer3558@example.com,9409868489,Delhi,2026-04-27
3559,Brijesh Dugar,customer3559@example.com,6546134533,Nagpur,2026-04-18
3560,Charvi Bajwa,customer3560@example.com,9775833790,Kolkata,2023-06-11
3561,Yug Bandi,customer3561@example.com,6630135505,Bengaluru,2023-06-30
3562,Jatin Purohit,customer3562@example.com,7996191422,Surat,2026-02-13
3563,Karan Madan,customer3563@example.com,9807186512,Mumbai,2025-07-22
3564,Faraj Borah,customer3564@example.com,7360115430,Bhopal,2024-06-16
3565,Anmol Aurora,customer3565@example.com,9243186115,Kolkata,2023-10-31
3566,Girish Raman,customer3566@example.com,6456912992,Bengaluru,2025-03-23
3567,Devika Naik,customer3567@example.com,6605277263,Jaipur,2024-03-30
3568,Yauvani Bajaj,customer3568@example.com,7934327617,Bhopal,2026-02-24
3569,Anusha Shanker,customer3569@example.com,6608981418,Nashik,2023-10-06
3570,Harish Lalla,customer3570@example.com,8948294552,Ahmedabad,2025-12-10
3571,Krisha Manne,customer3571@example.com,6987699729,Delhi,2024-08-14
3572,Girik Kapadia,customer3572@example.com,9195174480,Bhopal,2026-03-24
3573,Arya Subramanian,customer3573@example.com,9573971342,Hyderabad,2023-12-29
3574,Yashawini Konda,customer3574@example.com,7178460370,Lucknow,2023-10-25
3575,Anay Taneja,customer3575@example.com,7938692605,Bhopal,2025-06-22
3576,Kashish Chokshi,customer3576@example.com,6563673753,Chandigarh,2025-06-02
3577,Udarsh Bakshi,customer3577@example.com,8297921085,Indore,2024-12-26
3578,Vincent Sekhon,customer3578@example.com,6977915135,Jaipur,2024-06-08
3579,Vansha Chopra,customer3579@example.com,9615848992,Hyderabad,2024-09-11
3580,Gaurangi Dhawan,customer3580@example.com,9708039787,Chandigarh,2025-07-04
3581,Girish Gara,customer3581@example.com,6124275600,Surat,2023-11-25
3582,Vrishti Krish,customer3582@example.com,8957217888,Kolkata,2025-11-03
3583,Lohit Rau,customer3583@example.com,8843719681,Bhopal,2025-07-16
3584,Viraj Bhargava,customer3584@example.com,6860790992,Bengaluru,2025-06-11
3585,Zayyan Sabharwal,customer3585@example.com,9726439260,Lucknow,2024-04-15
3586,Geetika Dora,customer3586@example.com,8217691932,Chennai,2023-09-17
3587,Ekanta Ray,customer3587@example.com,8552405619,Bengaluru,2023-10-12
3588,Amrita Kadakia,customer3588@example.com,7932913662,Kolkata,2023-03-11
3589,Xalak Munshi,customer3589@example.com,8166773825,Ahmedabad,2025-08-01
3590,Ekanta Shenoy,customer3590@example.com,6200109982,Ahmedabad,2024-12-17
3591,Yoshita Bumb,customer3591@example.com,9773118885,Chandigarh,2023-04-10
3592,Pavani Brahmbhatt,customer3592@example.com,9271420758,Bengaluru,2024-04-19
3593,Joshua Arya,customer3593@example.com,6661027886,Surat,2023-07-02
3594,Zinal Dara,customer3594@example.com,8807557350,Ahmedabad,2023-03-31
3595,Rudra Sarma,customer3595@example.com,8976410937,Kolkata,2024-06-17
3596,Balvan Samra,customer3596@example.com,7828128493,Nagpur,2024-06-25
3597,Onkar Vohra,customer3597@example.com,7529774489,Kolkata,2025-04-21
3598,Logan Sahota,customer3598@example.com,6221958208,Kolkata,2025-04-18
3599,Aditya Minhas,customer3599@example.com,6519632103,Surat,2023-02-15
3600,Radhika Menon,customer3600@example.com,9893239184,Nagpur,2025-02-14
3601,Ekantika Prabhu,customer3601@example.com,6578384702,Bhopal,2023-12-01
3602,Lohit Mannan,customer3602@example.com,8375915229,Bhopal,2023-10-23
3603,Kamya Venkataraman,customer3603@example.com,8593936255,Ahmedabad,2024-09-24
3604,Urmi Shere,customer3604@example.com,9976734252,Bhopal,2024-01-03
3605,Ganga Deshmukh,customer3605@example.com,7615407884,Bhopal,2024-01-13
3606,Urvi Anne,customer3606@example.com,7558686427,Ahmedabad,2024-06-19
3607,Omaja Gola,customer3607@example.com,6991011521,Mumbai,2025-12-29
3608,Upma Bhavsar,customer3608@example.com,6268794143,Surat,2025-06-12
3609,Devika Guha,customer3609@example.com,9189529622,Bengaluru,2026-03-21
3610,Girindra Yogi,customer3610@example.com,8451784804,Chandigarh,2024-09-01
3611,Ganga Chandra,customer3611@example.com,9424736792,Ahmedabad,2024-07-23
3612,Upadhriti Dugar,customer3612@example.com,6858808974,Mumbai,2025-01-17
3613,Inaya Kara,customer3613@example.com,7556552144,Kochi,2026-02-25
3614,Akshay Hans,customer3614@example.com,9126127619,Jaipur,2025-08-05
3615,Bhavani Sandhu,customer3615@example.com,8995287456,Jaipur,2024-05-21
3616,Jhalak Rau,customer3616@example.com,6359329525,Bengaluru,2023-12-06
3617,Samaksh Brahmbhatt,customer3617@example.com,8850219092,Pune,2026-02-03
3618,Harshil Kalita,customer3618@example.com,6296766907,Jaipur,2024-12-04
3619,Pranav Lall,customer3619@example.com,9360754922,Bengaluru,2023-05-11
3620,Jonathan Vig,customer3620@example.com,7214871012,Nashik,2024-06-19
3621,Ganga Malhotra,customer3621@example.com,7966428198,Indore,2025-02-19
3622,Shaurya Ganguly,customer3622@example.com,6537617015,Bhopal,2024-08-10
3623,Vincent Kalita,customer3623@example.com,9557722844,Lucknow,2026-03-27
3624,Manan Dhar,customer3624@example.com,9675062756,Nashik,2024-10-22
3625,Vaishnavi Acharya,customer3625@example.com,8632818906,Indore,2023-10-31
3626,Faras Ben,customer3626@example.com,8496208929,Chandigarh,2023-08-17
3627,Yasti Sarraf,customer3627@example.com,8392533428,Chennai,2023-09-11
3628,Urmi Narain,customer3628@example.com,7297673949,Bengaluru,2025-11-14
3629,Xiti Dalal,customer3629@example.com,8117726000,Nagpur,2024-02-01
3630,Maya Purohit,customer3630@example.com,9502065718,Bhopal,2025-04-25
3631,Urvi Pant,customer3631@example.com,9432798967,Kochi,2023-02-04
3632,Edhitha Wali,customer3632@example.com,7655334106,Surat,2024-06-02
3633,Tanish Ganesan,customer3633@example.com,6501286814,Nagpur,2023-03-31
3634,Luke Sarkar,customer3634@example.com,7490147029,Lucknow,2026-05-10
3635,Vrishti Krishna,customer3635@example.com,6570417908,Mumbai,2023-10-15
3636,Radhika Pall,customer3636@example.com,6461108903,Kolkata,2023-02-21
3637,Aryan Pau,customer3637@example.com,7311122091,Surat,2024-11-29
3638,Hiral Samra,customer3638@example.com,6184748714,Chandigarh,2024-04-14
3639,Rayaan Raja,customer3639@example.com,6453157025,Delhi,2023-04-20
3640,Praneel Anne,customer3640@example.com,7866495108,Bengaluru,2024-05-29
3641,Riya Patel,customer3641@example.com,9777861700,Pune,2023-11-04
3642,Abdul Mukherjee,customer3642@example.com,9736160186,Mumbai,2024-10-28
3643,Girindra Pillay,customer3643@example.com,8839400811,Indore,2023-07-11
3644,Yadavi Arya,customer3644@example.com,6107726409,Kochi,2026-06-17
3645,Bahadurjit Maharaj,customer3645@example.com,7403930817,Kochi,2024-07-14
3646,Mitali Bassi,customer3646@example.com,8779174538,Bengaluru,2024-08-29
3647,Anusha Bhandari,customer3647@example.com,7948437445,Indore,2026-03-14
3648,Urishilla Sha,customer3648@example.com,9346971476,Hyderabad,2025-08-26
3649,Oscar Solanki,customer3649@example.com,8238115347,Ahmedabad,2024-04-01
3650,Balvan Pingle,customer3650@example.com,8852582596,Chennai,2026-06-23
3651,Michael Goel,customer3651@example.com,9945211651,Kolkata,2025-08-26
3652,Fitan Saini,customer3652@example.com,9992076001,Bhopal,2025-06-25
3653,Daksh Sawhney,customer3653@example.com,8119947879,Chandigarh,2024-06-08
3654,Dipta Chatterjee,customer3654@example.com,7909983005,Kolkata,2024-06-01
3655,Rishi Badal,customer3655@example.com,8201702030,Kolkata,2025-07-09
3656,Edhitha Gara,customer3656@example.com,6646958824,Ahmedabad,2026-05-03
3657,Zaitra Atwal,customer3657@example.com,8595172172,Hyderabad,2026-06-21
3658,Omaja Bhat,customer3658@example.com,7405552957,Mumbai,2026-04-09
3659,Reyansh Thaker,customer3659@example.com,6157736192,Chandigarh,2026-05-15
3660,Amara Chacko,customer3660@example.com,7811212161,Surat,2026-02-04
3661,Sachi Basu,customer3661@example.com,9982333118,Chennai,2024-02-02
3662,Rushil Tiwari,customer3662@example.com,8342934644,Chandigarh,2025-04-29
3663,Oscar Aggarwal,customer3663@example.com,7359617538,Nashik,2025-09-30
3664,Anusha Panchal,customer3664@example.com,9644338782,Pune,2024-05-22
3665,Harita Shukla,customer3665@example.com,7110301598,Delhi,2024-04-03
3666,Ubika Chakrabarti,customer3666@example.com,9288521998,Mumbai,2023-06-10
3667,Gautam Gopal,customer3667@example.com,9282424602,Chennai,2023-06-04
3668,Quincy Nadkarni,customer3668@example.com,8110488349,Indore,2025-09-30
3669,Omkaar Anne,customer3669@example.com,8630461985,Pune,2023-04-06
3670,Kavya Sharma,customer3670@example.com,9281633962,Kolkata,2025-06-03
3671,Yatin Morar,customer3671@example.com,8574215341,Lucknow,2025-07-27
3672,Kevin Mukherjee,customer3672@example.com,6867861506,Bengaluru,2024-07-08
3673,Ladli Mangat,customer3673@example.com,6564656190,Nagpur,2023-09-06
3674,Arya Dey,customer3674@example.com,7199570498,Ahmedabad,2025-05-28
3675,Odika Kara,customer3675@example.com,9141843501,Nagpur,2025-05-20
3676,Anjali Iyengar,customer3676@example.com,8763034299,Lucknow,2025-04-02
3677,Chakrika Lad,customer3677@example.com,7174414490,Bengaluru,2023-12-19
3678,Aishani Chanda,customer3678@example.com,8438016705,Hyderabad,2024-11-08
3679,Isha Patla,customer3679@example.com,8875508018,Jaipur,2025-09-21
3680,Shivani Garde,customer3680@example.com,8413719776,Chennai,2023-07-29
3681,Lekha Dugal,customer3681@example.com,8821200981,Surat,2025-04-29
3682,Radha Palan,customer3682@example.com,8762766818,Kolkata,2024-09-18
3683,Sarthak Oommen,customer3683@example.com,9913278807,Indore,2024-10-24
3684,Gautam Varghese,customer3684@example.com,6834922572,Ahmedabad,2025-01-23
3685,Aarna Kamdar,customer3685@example.com,6639403142,Nagpur,2025-11-29
3686,Advika Balay,customer3686@example.com,8267135740,Pune,2026-02-16
3687,Zansi Grewal,customer3687@example.com,6918284660,Mumbai,2023-04-02
3688,Logan Sibal,customer3688@example.com,6198907912,Lucknow,2024-04-02
3689,Kashish Purohit,customer3689@example.com,8600275025,Nagpur,2025-02-12
3690,Ekantika Cheema,customer3690@example.com,7744036368,Nashik,2023-07-16
3691,Abhiram Dutt,customer3691@example.com,7302892423,Mumbai,2025-11-25
3692,Vaishnavi Natt,customer3692@example.com,9528102205,Pune,2024-08-13
3693,Harish Grover,customer3693@example.com,6976841951,Nagpur,2023-05-09
3694,Damini Gaba,customer3694@example.com,7400902662,Kolkata,2023-04-10
3695,Quincy Bains,customer3695@example.com,7112584519,Surat,2023-05-30
3696,Tanmayi Saran,customer3696@example.com,7475068461,Nagpur,2023-08-07
3697,Urvashi Kohli,customer3697@example.com,7415468820,Nashik,2026-02-20
3698,Kashvi Nazareth,customer3698@example.com,8461622118,Mumbai,2023-07-09
3699,Nandini Mital,customer3699@example.com,9183137341,Delhi,2025-05-05
3700,Vivaan Tripathi,customer3700@example.com,7196770627,Pune,2025-09-23
3701,Oviya Sandhu,customer3701@example.com,7587713031,Nagpur,2023-07-04
3702,Nandini Balakrishnan,customer3702@example.com,8155213885,Chennai,2026-06-02
3703,Yauvani Ganesan,customer3703@example.com,6540597312,Nagpur,2026-03-25
3704,Rushil Dewan,customer3704@example.com,6475200617,Jaipur,2025-12-26
3705,Gauri Bhagat,customer3705@example.com,7205442873,Indore,2024-01-29
3706,Dayamai Dhaliwal,customer3706@example.com,8737792324,Mumbai,2024-10-22
3707,Tara Randhawa,customer3707@example.com,9655781648,Kochi,2025-01-31
3708,Triveni Acharya,customer3708@example.com,6844474343,Chennai,2026-03-29
3709,Sai Gera,customer3709@example.com,8844711142,Kolkata,2026-03-04
3710,Damyanti Buch,customer3710@example.com,6417947675,Ahmedabad,2025-01-27
3711,Warinder Jani,customer3711@example.com,8708574417,Kolkata,2023-07-13
3712,Gautam Konda,customer3712@example.com,7757282417,Nagpur,2023-12-08
3713,Kavya Ahluwalia,customer3713@example.com,8328039469,Kolkata,2025-03-11
3714,Nathaniel Padmanabhan,customer3714@example.com,6645009935,Bengaluru,2023-03-02
3715,Urishilla Ramesh,customer3715@example.com,7548165297,Chennai,2023-05-13
3716,Urmi Puri,customer3716@example.com,9519009854,Kolkata,2023-02-07
3717,Xavier Char,customer3717@example.com,9263199474,Surat,2024-09-08
3718,Kabir Nadkarni,customer3718@example.com,9330404478,Mumbai,2026-05-26
3719,Mugdha Narain,customer3719@example.com,6413943106,Hyderabad,2023-03-26
3720,Panini Ramesh,customer3720@example.com,6697622102,Mumbai,2025-02-25
3721,Idika Suresh,customer3721@example.com,8770494852,Jaipur,2026-02-16
3722,Tristan Gokhale,customer3722@example.com,6329050901,Chennai,2026-04-23
3723,Jyoti Pathak,customer3723@example.com,9538133251,Surat,2026-06-18
3724,Yachana Agarwal,customer3724@example.com,8283977599,Hyderabad,2025-08-17
3725,Faras Karpe,customer3725@example.com,9111025063,Nashik,2024-07-10
3726,Xalak Guha,customer3726@example.com,6781278468,Surat,2025-09-19
3727,Siddharth Mittal,customer3727@example.com,6154084854,Ahmedabad,2025-01-26
3728,Girik Nori,customer3728@example.com,6449349249,Surat,2025-05-04
3729,Pranit Sandal,customer3729@example.com,8163424518,Kochi,2025-09-18
3730,Bhavani Mukhopadhyay,customer3730@example.com,8580796215,Delhi,2025-08-11
3731,Vasana Banerjee,customer3731@example.com,6648650989,Nagpur,2023-03-14
3732,Oviya Gola,customer3732@example.com,7536259328,Bhopal,2024-07-15
3733,Mitali Varughese,customer3733@example.com,7825729870,Chennai,2025-09-16
3734,Udyati Butala,customer3734@example.com,6467119239,Delhi,2026-04-22
3735,Harrison Ravel,customer3735@example.com,9855097714,Jaipur,2024-12-21
3736,Naveen Nagar,customer3736@example.com,9551582275,Nashik,2023-04-10
3737,Yashica Rajagopalan,customer3737@example.com,7227080380,Lucknow,2025-04-25
3738,Advay Sunder,customer3738@example.com,7898748422,Bengaluru,2025-08-25
3739,Pahal Bhagat,customer3739@example.com,7847423055,Chandigarh,2024-04-28
3740,Pavani Kuruvilla,customer3740@example.com,9657939612,Jaipur,2025-03-03
3741,Shravya Thakkar,customer3741@example.com,6548856574,Chennai,2026-02-24
3742,Urvashi Nayak,customer3742@example.com,8211764414,Mumbai,2024-02-27
3743,Isaac Gola,customer3743@example.com,6212267878,Delhi,2025-04-04
3744,Leela Buch,customer3744@example.com,9412107285,Mumbai,2026-06-01
3745,Abhimanyu Nazareth,customer3745@example.com,8312457910,Bengaluru,2024-01-01
3746,Rudra Varma,customer3746@example.com,6791672564,Indore,2024-03-03
3747,Radhika Bava,customer3747@example.com,8215239859,Delhi,2024-08-08
3748,Baghyawati Baral,customer3748@example.com,6269179456,Indore,2023-04-03
3749,Vrishti Sharma,customer3749@example.com,7737257520,Bhopal,2025-10-30
3750,Chandresh Pingle,customer3750@example.com,7704518135,Nashik,2025-07-05
3751,Pavani Nazareth,customer3751@example.com,8937369207,Jaipur,2023-03-12
3752,Arjun Loke,customer3752@example.com,8725821171,Chandigarh,2024-12-27
3753,Chaaya Parikh,customer3753@example.com,9164903427,Kolkata,2025-09-14
3754,Anay Sekhon,customer3754@example.com,7282301880,Nagpur,2026-04-30
3755,Chameli Banik,customer3755@example.com,8692283888,Lucknow,2023-06-07
3756,Ishanvi Bansal,customer3756@example.com,7127566658,Nagpur,2023-07-21
3757,Yuvraj Gill,customer3757@example.com,6525956113,Bhopal,2026-05-26
3758,Girindra Date,customer3758@example.com,7505882382,Chandigarh,2024-03-28
3759,Wakeeta Sankar,customer3759@example.com,8203038817,Chennai,2024-03-06
3760,Hemani Shanker,customer3760@example.com,9840435779,Jaipur,2026-01-12
3761,Tara Baria,customer3761@example.com,8534734997,Nagpur,2023-05-16
3762,Eta Pradhan,customer3762@example.com,9153207428,Hyderabad,2025-03-24
3763,Manan Chaudhuri,customer3763@example.com,8718422353,Hyderabad,2023-03-15
3764,Yauvani Brar,customer3764@example.com,7475237447,Pune,2025-02-14
3765,Chasmum Sami,customer3765@example.com,9197041727,Ahmedabad,2023-08-12
3766,Anthony Gour,customer3766@example.com,9652276142,Mumbai,2024-08-28
3767,Fariq Sant,customer3767@example.com,8782100471,Mumbai,2026-02-12
3768,Rehaan Lal,customer3768@example.com,8744904990,Kolkata,2023-08-14
3769,Yoshita Zacharia,customer3769@example.com,8491709906,Hyderabad,2025-04-24
3770,Chandran Prasad,customer3770@example.com,9615785658,Mumbai,2023-06-10
3771,Tanveer Sarkar,customer3771@example.com,6322408203,Hyderabad,2026-05-28
3772,Quincy Malhotra,customer3772@example.com,6111508917,Nashik,2025-08-26
3773,Mohini Golla,customer3773@example.com,7259432390,Nagpur,2025-12-16
3774,Anjali Ahluwalia,customer3774@example.com,8201518623,Pune,2024-06-26
3775,Sarthak Bahl,customer3775@example.com,9242926553,Jaipur,2026-03-07
3776,Kai Maharaj,customer3776@example.com,6108614291,Nashik,2026-05-30
3777,Turvi Nadkarni,customer3777@example.com,9755639566,Jaipur,2024-05-22
3778,Timothy Kar,customer3778@example.com,6832680936,Mumbai,2023-08-14
3779,Ekta Kant,customer3779@example.com,8315366932,Ahmedabad,2024-05-07
3780,Bhavna Sharma,customer3780@example.com,6391785155,Delhi,2025-02-11
3781,Falguni Ramachandran,customer3781@example.com,6103987422,Chandigarh,2025-08-01
3782,Advik Oza,customer3782@example.com,7217248864,Delhi,2026-04-28
3783,Ekaja Pal,customer3783@example.com,8370349350,Chandigarh,2025-02-27
3784,Max Shere,customer3784@example.com,6103243899,Nagpur,2023-06-11
3785,Shivansh Walia,customer3785@example.com,7985215959,Chennai,2024-02-03
3786,Madhavi Kumer,customer3786@example.com,6964731675,Mumbai,2024-07-14
3787,Bachittar Brar,customer3787@example.com,9276385088,Chandigarh,2023-12-22
3788,Hemani Chacko,customer3788@example.com,6802048152,Nashik,2026-05-26
3789,Kala Modi,customer3789@example.com,6432778182,Indore,2026-01-02
3790,Divya Seth,customer3790@example.com,8771137360,Indore,2026-04-30
3791,Ayushman Dugal,customer3791@example.com,7264069423,Lucknow,2024-03-28
3792,Indira Sankar,customer3792@example.com,8691101046,Kochi,2023-11-13
3793,Arin Mander,customer3793@example.com,8407994363,Bengaluru,2024-07-30
3794,Wahab Prashad,customer3794@example.com,6896598674,Nagpur,2025-07-03
3795,Kritika Dasgupta,customer3795@example.com,6627378611,Kolkata,2026-02-04
3796,Meghana Kamdar,customer3796@example.com,9711599485,Bhopal,2023-01-12
3797,Indrajit Mann,customer3797@example.com,7866878704,Indore,2023-03-04
3798,Nathan Rattan,customer3798@example.com,6233034032,Chandigarh,2023-02-03
3799,Indira Kalla,customer3799@example.com,6746171608,Surat,2024-10-19
3800,Arya Nagarajan,customer3800@example.com,6926027017,Chennai,2023-01-24
3801,Hitesh Nadkarni,customer3801@example.com,8174494969,Mumbai,2025-10-16
3802,Umang Raval,customer3802@example.com,9910711494,Nashik,2024-09-29
3803,Ucchal Mangat,customer3803@example.com,6109013678,Nagpur,2026-03-17
3804,Naksh Goel,customer3804@example.com,9879526385,Indore,2025-06-29
3805,Bhavya Aggarwal,customer3805@example.com,6455833921,Chennai,2024-12-02
3806,Ucchal Gera,customer3806@example.com,8760026124,Bengaluru,2025-08-29
3807,Leela Sahota,customer3807@example.com,6126145753,Chandigarh,2023-07-28
3808,Nirja Gulati,customer3808@example.com,8282641892,Mumbai,2026-05-28
3809,Udarsh Devi,customer3809@example.com,9236246094,Pune,2024-03-15
3810,Nilima Bajaj,customer3810@example.com,6276970929,Indore,2024-02-26
3811,Zaid Ganesan,customer3811@example.com,7468689760,Bengaluru,2024-08-30
3812,Gavin Prabhakar,customer3812@example.com,8839672046,Lucknow,2023-05-23
3813,Lopa Vaidya,customer3813@example.com,7882043590,Delhi,2026-02-20
3814,Neel Shankar,customer3814@example.com,8429463558,Mumbai,2026-05-06
3815,Wriddhish Gill,customer3815@example.com,8297766389,Jaipur,2026-05-20
3816,Ryan Naidu,customer3816@example.com,8634019726,Jaipur,2025-08-18
3817,Chaaya Bhattacharyya,customer3817@example.com,8295227342,Ahmedabad,2024-11-24
3818,Samuel Shenoy,customer3818@example.com,7673727121,Kolkata,2025-08-03
3819,Yash Sawhney,customer3819@example.com,9208824386,Bengaluru,2023-05-10
3820,Peter Shenoy,customer3820@example.com,8486583577,Pune,2025-07-14
3821,Garima Dutta,customer3821@example.com,7333630962,Hyderabad,2025-02-03
3822,Turvi Boase,customer3822@example.com,7676549621,Pune,2024-12-24
3823,Bachittar Ray,customer3823@example.com,9150708078,Lucknow,2024-07-20
3824,Lekha Bobal,customer3824@example.com,8362037437,Nashik,2025-09-30
3825,Abha Yogi,customer3825@example.com,6765313214,Chandigarh,2023-07-23
3826,Arjun Sarna,customer3826@example.com,8810408174,Chandigarh,2025-08-07
3827,Darpan Master,customer3827@example.com,6443993213,Chennai,2025-07-27
3828,Balveer Patla,customer3828@example.com,9632922738,Nagpur,2024-03-10
3829,Yasti Sarraf,customer3829@example.com,8884443469,Kolkata,2025-07-21
3830,Jeet Chawla,customer3830@example.com,7625760596,Chandigarh,2025-07-07
3831,Adweta Choudhury,customer3831@example.com,6334246069,Bengaluru,2024-11-25
3832,Jeevika Sachar,customer3832@example.com,7736376914,Bhopal,2023-11-13
3833,Lucky Kibe,customer3833@example.com,9169447646,Hyderabad,2025-02-01
3834,Shivansh Lalla,customer3834@example.com,8105169501,Indore,2025-10-01
3835,Forum Borah,customer3835@example.com,7911822134,Bhopal,2025-07-05
3836,Vyanjana Konda,customer3836@example.com,6758296360,Bengaluru,2023-12-27
3837,Hema Merchant,customer3837@example.com,8372324815,Nagpur,2024-11-15
3838,Ganga Seshadri,customer3838@example.com,6930554796,Bengaluru,2025-04-24
3839,Anvi Banik,customer3839@example.com,8526938028,Ahmedabad,2023-09-02
3840,Manbir Vig,customer3840@example.com,8810700986,Surat,2026-05-20
3841,Atharv Kant,customer3841@example.com,7809290265,Chennai,2026-03-02
3842,Janani Manne,customer3842@example.com,6342154692,Surat,2023-10-20
3843,Nathan Mody,customer3843@example.com,9677488584,Ahmedabad,2025-09-10
3844,Ria Menon,customer3844@example.com,7233157429,Bhopal,2024-02-09
3845,Kabir Din,customer3845@example.com,6250719868,Hyderabad,2024-01-30
3846,Leena Kurian,customer3846@example.com,7792181078,Pune,2024-06-06
3847,Ayaan Kakar,customer3847@example.com,8682965915,Delhi,2025-04-12
3848,Manbir Arora,customer3848@example.com,6450075534,Hyderabad,2023-10-13
3849,Januja Trivedi,customer3849@example.com,9571260159,Kochi,2024-10-15
3850,Vansha Garde,customer3850@example.com,8249919532,Jaipur,2025-07-03
3851,Nachiket Thaker,customer3851@example.com,9808999304,Hyderabad,2026-03-24
3852,Kavya Radhakrishnan,customer3852@example.com,8158295391,Delhi,2025-02-05
3853,Omkaar Vohra,customer3853@example.com,7164696951,Ahmedabad,2023-07-16
3854,Parth Sule,customer3854@example.com,8664645447,Surat,2024-02-12
3855,Akshay Bhattacharyya,customer3855@example.com,8691244796,Nagpur,2024-11-21
3856,Umang More,customer3856@example.com,9909295919,Kolkata,2024-03-22
3857,Udarsh Doctor,customer3857@example.com,9425342210,Mumbai,2024-01-11
3858,Jagdish Hegde,customer3858@example.com,9230278194,Jaipur,2023-02-11
3859,Wishi Sharaf,customer3859@example.com,6898009107,Kochi,2024-10-18
3860,Vedant Jain,customer3860@example.com,8250248663,Nashik,2026-03-11
3861,Bachittar Rastogi,customer3861@example.com,6740992668,Nagpur,2024-08-20
3862,Forum Tripathi,customer3862@example.com,9428306708,Mumbai,2025-07-24
3863,Anika Warrior,customer3863@example.com,9713682165,Jaipur,2025-09-25
3864,Daksh Sekhon,customer3864@example.com,9356720873,Delhi,2023-09-22
3865,Yash Kunda,customer3865@example.com,7807231232,Jaipur,2026-06-23
3866,Yash Kari,customer3866@example.com,6258499538,Jaipur,2025-12-28
3867,Peter Baria,customer3867@example.com,8369704799,Nagpur,2025-12-31
3868,Arunima Chand,customer3868@example.com,8808054308,Bengaluru,2023-03-25
3869,Devansh Deo,customer3869@example.com,6391365192,Kolkata,2023-08-11
3870,Darsh Johal,customer3870@example.com,7198022595,Nagpur,2024-03-01
3871,Yagnesh Sood,customer3871@example.com,6791664894,Lucknow,2024-08-30
3872,Guneet Yadav,customer3872@example.com,9552295999,Surat,2025-07-08
3873,Eiravati Bora,customer3873@example.com,6304797558,Indore,2026-03-29
3874,Vanya Dada,customer3874@example.com,9848255320,Delhi,2026-03-30
3875,Fiyaz Soni,customer3875@example.com,8287977011,Nagpur,2025-01-04
3876,Harish Kale,customer3876@example.com,7641307046,Delhi,2024-01-06
3877,Charita Andra,customer3877@example.com,6880752021,Nashik,2024-01-27
3878,Isaac Savant,customer3878@example.com,6406038633,Kochi,2025-12-02
3879,Tanmayi Acharya,customer3879@example.com,9351570942,Pune,2025-11-20
3880,Niharika Madan,customer3880@example.com,9473348093,Hyderabad,2024-03-16
3881,Patrick Narasimhan,customer3881@example.com,7747078647,Delhi,2024-06-07
3882,Yoshita Mander,customer3882@example.com,6817432052,Ahmedabad,2023-04-20
3883,Aishani Wali,customer3883@example.com,8733309766,Chandigarh,2023-06-12
3884,Harita Maharaj,customer3884@example.com,7191357422,Surat,2024-02-03
3885,Ria Choudhury,customer3885@example.com,8861081211,Lucknow,2025-11-21
3886,Vinaya Ahuja,customer3886@example.com,7357209083,Nagpur,2023-10-27
3887,Yashodhara Singhal,customer3887@example.com,7608530915,Jaipur,2023-09-06
3888,Nihal Gola,customer3888@example.com,7700181548,Bhopal,2024-08-07
3889,Rachana Modi,customer3889@example.com,7246612443,Ahmedabad,2024-12-24
3890,Saanvi Oommen,customer3890@example.com,8108844905,Chandigarh,2025-02-25
3891,Rishi Chopra,customer3891@example.com,7967660029,Mumbai,2023-05-16
3892,Tanay Mohanty,customer3892@example.com,7877273393,Delhi,2025-11-07
3893,Ekaja Wali,customer3893@example.com,8988973882,Ahmedabad,2024-05-29
3894,Harshil Mital,customer3894@example.com,8819897741,Chennai,2024-07-29
3895,Mohammed Naik,customer3895@example.com,8316596894,Nagpur,2025-06-21
3896,Rehaan Randhawa,customer3896@example.com,7584033616,Nagpur,2023-08-09
3897,Nakul Dugar,customer3897@example.com,9458103935,Kochi,2025-02-01
3898,Zaitra Som,customer3898@example.com,6760333059,Jaipur,2023-07-23
3899,Amruta Karnik,customer3899@example.com,6131634462,Jaipur,2023-08-28
3900,Urmi Mitter,customer3900@example.com,9431828937,Kochi,2024-12-07
3901,Maanav Mohan,customer3901@example.com,9431571554,Nashik,2023-12-10
3902,Irya Murty,customer3902@example.com,6137109522,Pune,2025-07-16
3903,Darika Sandal,customer3903@example.com,9962739540,Bhopal,2025-08-19
3904,Omisha Ahluwalia,customer3904@example.com,8124201114,Hyderabad,2025-07-19
3905,Christopher Rege,customer3905@example.com,6155119136,Lucknow,2025-10-26
3906,Logan Shan,customer3906@example.com,7492168647,Nagpur,2025-05-27
3907,Anirudh Jain,customer3907@example.com,9623539328,Chennai,2025-08-24
3908,Aahana Menon,customer3908@example.com,6843903923,Bhopal,2023-08-05
3909,Arjun Nagy,customer3909@example.com,6286027235,Hyderabad,2024-11-05
3910,Lavanya Nanda,customer3910@example.com,7818813468,Lucknow,2026-03-14
3911,Tanveer Thakur,customer3911@example.com,9586822656,Pune,2024-01-27
3912,Anusha Chhabra,customer3912@example.com,8308933028,Bengaluru,2025-03-07
3913,Xavier Dyal,customer3913@example.com,6887506399,Hyderabad,2025-01-02
3914,Varsha Singhal,customer3914@example.com,9895644032,Indore,2023-05-04
3915,Madhavi Sur,customer3915@example.com,8568855521,Kochi,2026-03-04
3916,Ati Prashad,customer3916@example.com,6578053562,Kolkata,2025-07-27
3917,Harrison Bhalla,customer3917@example.com,7931649244,Chennai,2025-10-23
3918,Anya Yogi,customer3918@example.com,6590120861,Nagpur,2024-05-12
3919,Raksha Mane,customer3919@example.com,6684863507,Bhopal,2024-10-24
3920,Urmi Desai,customer3920@example.com,8921841424,Mumbai,2024-12-08
3921,Ekta Sachdev,customer3921@example.com,8980067154,Lucknow,2023-02-20
3922,Matthew Mistry,customer3922@example.com,7848856368,Pune,2025-03-28
3923,Gaurang Sarma,customer3923@example.com,8802848864,Hyderabad,2026-02-15
3924,Falak Lad,customer3924@example.com,6665689370,Mumbai,2025-08-30
3925,Anthony Dey,customer3925@example.com,7352215128,Delhi,2024-12-11
3926,Dipta Patel,customer3926@example.com,6942945196,Ahmedabad,2026-01-25
3927,Tanish Gour,customer3927@example.com,8515164005,Chennai,2024-09-04
3928,Upadhriti Kari,customer3928@example.com,6497226097,Ahmedabad,2026-02-14
3929,Janaki Nath,customer3929@example.com,6131093436,Bengaluru,2025-05-04
3930,Aashi Kumer,customer3930@example.com,8281465348,Bengaluru,2026-05-03
3931,Logan Dar,customer3931@example.com,7154477178,Kochi,2026-05-15
3932,Prisha Randhawa,customer3932@example.com,6277979501,Chandigarh,2023-08-12
3933,Chanakya Wadhwa,customer3933@example.com,6940518827,Indore,2024-12-24
3934,Yauvani Prakash,customer3934@example.com,9575661246,Chennai,2025-10-02
3935,Rajeshri Balay,customer3935@example.com,6435220178,Indore,2025-08-11
3936,Vyanjana Mandal,customer3936@example.com,8847054847,Surat,2024-09-21
3937,Ekalinga Borra,customer3937@example.com,9825214018,Delhi,2024-07-09
3938,Isaiah Wali,customer3938@example.com,6407690254,Nagpur,2023-07-25
3939,Yochana Chahal,customer3939@example.com,8255893938,Bengaluru,2024-08-07
3940,Rayaan Bora,customer3940@example.com,6988185588,Ahmedabad,2025-12-07
3941,Aradhana Shroff,customer3941@example.com,6460358673,Kolkata,2025-06-15
3942,Max Narayanan,customer3942@example.com,8790532334,Mumbai,2025-11-19
3943,Qabil Nori,customer3943@example.com,8514255210,Kochi,2026-01-20
3944,Rachana Bail,customer3944@example.com,8381888101,Chennai,2024-07-28
3945,Chaaya Ahuja,customer3945@example.com,7760062032,Nashik,2026-05-07
3946,Anirudh Anand,customer3946@example.com,9224504691,Ahmedabad,2025-07-06
3947,Ekantika Sane,customer3947@example.com,6464797826,Nashik,2023-05-16
3948,Aashi Kapoor,customer3948@example.com,8666882376,Lucknow,2023-01-31
3949,Tanvi Iyer,customer3949@example.com,7994850347,Mumbai,2026-01-25
3950,Michael Gulati,customer3950@example.com,9814275915,Mumbai,2023-10-14
3951,Samuel Morar,customer3951@example.com,7981574385,Bhopal,2024-02-05
3952,Harrison Bal,customer3952@example.com,9330862945,Bengaluru,2025-04-27
3953,Joshua Zachariah,customer3953@example.com,9589360769,Bhopal,2024-01-01
3954,Ekapad Narang,customer3954@example.com,6361332254,Nagpur,2023-09-30
3955,Victor Joshi,customer3955@example.com,8364880112,Kochi,2024-03-25
3956,Chavvi Gade,customer3956@example.com,9637045723,Chennai,2023-11-07
3957,Anika Kaul,customer3957@example.com,9723739394,Mumbai,2024-09-26
3958,Isha Bala,customer3958@example.com,6685385764,Nagpur,2023-07-26
3959,Ria Dasgupta,customer3959@example.com,7520006007,Bhopal,2024-12-18
3960,Atharv Sawhney,customer3960@example.com,6452133721,Nagpur,2024-01-24
3961,Lajita Bawa,customer3961@example.com,9282119048,Chandigarh,2024-12-12
3962,Reva Rastogi,customer3962@example.com,7162975176,Chandigarh,2024-10-11
3963,Samesh Rai,customer3963@example.com,8690842939,Delhi,2025-04-09
3964,Girik Gill,customer3964@example.com,7924464005,Nashik,2025-09-17
3965,Nicholas Kadakia,customer3965@example.com,6857588813,Bhopal,2026-05-29
3966,Vrinda Parmar,customer3966@example.com,7866925846,Pune,2023-02-22
3967,Ojasvi Halder,customer3967@example.com,8150918103,Lucknow,2023-02-13
3968,Gautam Tripathi,customer3968@example.com,8422087731,Bhopal,2025-05-01
3969,Vanya Kumer,customer3969@example.com,6664679853,Kochi,2025-11-13
3970,Tanmayi Babu,customer3970@example.com,7378844843,Hyderabad,2026-02-16
3971,Lajita Salvi,customer3971@example.com,6750535397,Ahmedabad,2024-03-01
3972,Harish Pant,customer3972@example.com,9178806904,Bhopal,2026-04-23
3973,Dayita Bhattacharyya,customer3973@example.com,9165895438,Chennai,2025-07-09
3974,Charita Karnik,customer3974@example.com,8219871796,Jaipur,2025-01-17
3975,Madhavi Sinha,customer3975@example.com,6912963719,Surat,2025-11-23
3976,Anvi Naik,customer3976@example.com,9234526021,Surat,2024-09-26
3977,Lohit Kothari,customer3977@example.com,9932099568,Indore,2026-06-07
3978,Aditya Dave,customer3978@example.com,7615139150,Kolkata,2023-09-08
3979,Logan Singhal,customer3979@example.com,8496995891,Nagpur,2024-11-19
3980,Darsh Kadakia,customer3980@example.com,8115052399,Jaipur,2023-04-12
3981,Kamya Sachdeva,customer3981@example.com,9417142623,Ahmedabad,2024-11-23
3982,Oni Gera,customer3982@example.com,7483888214,Lucknow,2026-03-15
3983,Zilmil Doshi,customer3983@example.com,7634017020,Delhi,2026-04-29
3984,Janya Choudhary,customer3984@example.com,6856833813,Mumbai,2023-06-26
3985,Ayushman Tank,customer3985@example.com,9414347739,Lucknow,2024-04-21
3986,Damini Raval,customer3986@example.com,7368217920,Chennai,2023-06-22
3987,Alka Nagi,customer3987@example.com,8285826416,Bengaluru,2025-01-30
3988,Atharv Narula,customer3988@example.com,8149335315,Pune,2025-03-08
3989,Upma Banerjee,customer3989@example.com,7503557784,Ahmedabad,2023-08-03
3990,Nikita Batra,customer3990@example.com,9205896939,Bhopal,2026-05-02
3991,Omkaar Dugar,customer3991@example.com,7179059802,Nagpur,2024-11-05
3992,Alexander Palla,customer3992@example.com,8832524576,Lucknow,2023-09-03
3993,George Saini,customer3993@example.com,8928538519,Pune,2023-09-14
3994,Isaiah Soni,customer3994@example.com,8597807055,Jaipur,2024-08-11
3995,Ojasvi Yadav,customer3995@example.com,9366236307,Delhi,2025-01-23
3996,Krish Acharya,customer3996@example.com,8605171416,Chandigarh,2026-05-10
3997,Vamakshi Singh,customer3997@example.com,9381487502,Chandigarh,2025-01-15
3998,Kabir Naidu,customer3998@example.com,9807521309,Delhi,2025-11-21
3999,Gopal Sridhar,customer3999@example.com,6406752040,Indore,2023-09-26
4000,Rohan Dass,customer4000@example.com,8272080943,Lucknow,2024-09-24
4001,Yutika Dayal,customer4001@example.com,7364930334,Hyderabad,2023-03-27
4002,Umang Butala,customer4002@example.com,7664314387,Kolkata,2023-04-17
4003,Netra Mandal,customer4003@example.com,7962649407,Indore,2024-10-12
4004,Zaid Kara,customer4004@example.com,6572727680,Nagpur,2024-07-20
4005,Qasim Mitra,customer4005@example.com,8524627696,Chennai,2023-09-13
4006,Turvi Venkatesh,customer4006@example.com,6111995490,Kolkata,2026-03-06
4007,Karan Narang,customer4007@example.com,9863185238,Mumbai,2023-05-26
4008,Kavya Dhillon,customer4008@example.com,9602779421,Jaipur,2025-04-22
4009,Lekha Bava,customer4009@example.com,6794891083,Ahmedabad,2024-01-27
4010,Qabil Atwal,customer4010@example.com,8462593368,Mumbai,2024-03-22
4011,Bahadurjit Khanna,customer4011@example.com,7781715839,Chennai,2024-04-10
4012,Mekhala Naidu,customer4012@example.com,8440478530,Ahmedabad,2026-04-12
4013,Vasana Sule,customer4013@example.com,9205538926,Indore,2025-08-07
4014,Raghav Ravi,customer4014@example.com,8404312611,Kolkata,2025-12-19
4015,Tanish Setty,customer4015@example.com,7299924527,Jaipur,2025-02-27
4016,Ria Dalal,customer4016@example.com,9991042455,Surat,2023-07-10
4017,Yoshita Nazareth,customer4017@example.com,8476267909,Bhopal,2023-08-21
4018,Quincy Kumer,customer4018@example.com,6180517524,Ahmedabad,2023-06-20
4019,Vinaya Shan,customer4019@example.com,9935104697,Kochi,2025-09-03
4020,Hema Venkataraman,customer4020@example.com,6638578718,Bengaluru,2024-03-19
4021,Dev Pau,customer4021@example.com,7927671746,Pune,2023-02-03
4022,Atharv Date,customer4022@example.com,9556836742,Ahmedabad,2024-08-28
4023,Utkarsh Shankar,customer4023@example.com,7416065916,Bhopal,2024-12-16
4024,Jai Merchant,customer4024@example.com,8525285169,Lucknow,2025-02-01
4025,Idika Mohanty,customer4025@example.com,6204721814,Chennai,2024-08-27
4026,Rajata Butala,customer4026@example.com,7829454796,Lucknow,2025-01-01
4027,Mitali Vaidya,customer4027@example.com,6649831868,Delhi,2025-08-13
4028,Lucky Kapadia,customer4028@example.com,6334172583,Pune,2025-04-03
4029,Rushil Pandya,customer4029@example.com,6979700547,Delhi,2024-01-03
4030,Champak Walia,customer4030@example.com,6381579324,Bhopal,2025-08-07
4031,Victor Wali,customer4031@example.com,8324103218,Chennai,2023-05-09
4032,Kavya Dutt,customer4032@example.com,6237716080,Surat,2023-07-18
4033,Noah Kara,customer4033@example.com,6505934585,Lucknow,2025-04-12
4034,Panini Jain,customer4034@example.com,9451290799,Lucknow,2024-10-04
4035,Chandran Rattan,customer4035@example.com,9447499720,Surat,2023-05-18
4036,Madhavi Vig,customer4036@example.com,7996793255,Bengaluru,2026-03-11
4037,Vamakshi Sidhu,customer4037@example.com,8385256257,Nagpur,2025-04-18
4038,Laban Mital,customer4038@example.com,8550710352,Jaipur,2025-04-26
4039,Falan Krishnamurthy,customer4039@example.com,7719533463,Bhopal,2026-06-08
4040,Sathvik Bhavsar,customer4040@example.com,7216711585,Ahmedabad,2023-05-20
4041,Nirja Dey,customer4041@example.com,8864121667,Hyderabad,2023-05-10
4042,Vasana Dyal,customer4042@example.com,8681705087,Surat,2025-09-09
4043,Mahika Dutta,customer4043@example.com,9972078438,Surat,2023-04-17
4044,Mahika Hari,customer4044@example.com,7667085254,Mumbai,2026-03-10
4045,Inaya Bobal,customer4045@example.com,9145161953,Bhopal,2024-05-24
4046,Anya Dey,customer4046@example.com,6849773399,Chandigarh,2024-05-26
4047,Jatin Doshi,customer4047@example.com,9316422571,Delhi,2025-09-01
4048,Sachi Dhar,customer4048@example.com,8456128037,Kochi,2025-05-18
4049,Falak Apte,customer4049@example.com,7634718711,Nagpur,2024-01-29
4050,Deepa Viswanathan,customer4050@example.com,9973513400,Bhopal,2023-02-21
4051,Urishilla Kata,customer4051@example.com,8983066418,Ahmedabad,2026-02-09
4052,Chanchal Dash,customer4052@example.com,6333135551,Kochi,2025-04-05
4053,Mitesh Bobal,customer4053@example.com,7237953757,Surat,2026-02-03
4054,Anita Baria,customer4054@example.com,6689842546,Nashik,2024-09-22
4055,Aadhya Chowdhury,customer4055@example.com,8826708498,Hyderabad,2024-05-23
4056,Pooja Ganguly,customer4056@example.com,9902448077,Hyderabad,2026-01-05
4057,Bishakha Kar,customer4057@example.com,6606650535,Jaipur,2023-11-14
4058,Gaurang Patil,customer4058@example.com,6469523204,Surat,2026-03-23
4059,Warda Sankaran,customer4059@example.com,8719953371,Kochi,2026-05-29
4060,Dakshesh Cheema,customer4060@example.com,8877652109,Lucknow,2023-02-07
4061,Anya Krishnamurthy,customer4061@example.com,6595542053,Nashik,2025-01-16
4062,Oni Krishnamurthy,customer4062@example.com,9407263612,Bhopal,2024-03-23
4063,Fiyaz Arya,customer4063@example.com,9135035361,Chandigarh,2025-12-24
4064,Vedika Kibe,customer4064@example.com,8898441764,Delhi,2024-04-09
4065,Timothy Saraf,customer4065@example.com,9338450853,Kochi,2024-12-21
4066,Hemang Sura,customer4066@example.com,7814976102,Kolkata,2025-02-07
4067,Zilmil Raja,customer4067@example.com,8762946829,Nashik,2025-12-11
4068,Hritik Chaudhari,customer4068@example.com,6665017903,Jaipur,2024-08-24
4069,Jacob Khare,customer4069@example.com,7372624307,Chennai,2026-03-07
4070,Oviya Ramesh,customer4070@example.com,7149570574,Chennai,2025-03-19
4071,Idika Sarraf,customer4071@example.com,7245670281,Ahmedabad,2025-02-22
4072,Baljiwan Rastogi,customer4072@example.com,6910727579,Nagpur,2025-01-23
4073,Atharv Kalita,customer4073@example.com,9402263479,Mumbai,2024-02-12
4074,Arjun Narasimhan,customer4074@example.com,9362875025,Nagpur,2026-05-03
4075,Brinda Sachar,customer4075@example.com,7432626881,Pune,2026-03-03
4076,Tanmayi Kulkarni,customer4076@example.com,8853008809,Jaipur,2024-06-25
4077,Hemangini Pandey,customer4077@example.com,9194186640,Ahmedabad,2023-10-17
4078,Aradhana Sehgal,customer4078@example.com,8907071408,Indore,2025-01-09
4079,Ekta Shanker,customer4079@example.com,7479948925,Lucknow,2024-04-01
4080,Naveen Kadakia,customer4080@example.com,9482997764,Pune,2025-11-06
4081,Nandini Pall,customer4081@example.com,7669797244,Kolkata,2026-02-20
4082,Xalak Chakraborty,customer4082@example.com,6197197301,Chandigarh,2023-04-22
4083,Indira Yohannan,customer4083@example.com,9381635207,Kolkata,2025-05-08
4084,Edhitha Mohan,customer4084@example.com,8614533457,Nashik,2023-11-24
4085,Gautam Ravi,customer4085@example.com,8507293659,Indore,2025-03-16
4086,Widisha Grewal,customer4086@example.com,9805962093,Jaipur,2025-08-09
4087,Samaksh Lanka,customer4087@example.com,7262433987,Ahmedabad,2023-11-03
4088,Indali Nazareth,customer4088@example.com,8893690210,Chennai,2023-01-31
4089,Janaki Dutta,customer4089@example.com,9582203421,Nagpur,2025-03-21
4090,Ekantika Babu,customer4090@example.com,8535116119,Jaipur,2025-10-16
4091,Ranveer Mukherjee,customer4091@example.com,8882996938,Delhi,2025-12-22
4092,Pranav Rao,customer4092@example.com,9835898892,Bengaluru,2024-08-08
4093,Rushil Chander,customer4093@example.com,8541857012,Chennai,2025-03-07
4094,Nidhi Lall,customer4094@example.com,9347039053,Hyderabad,2025-08-30
4095,Harini Walia,customer4095@example.com,9195041932,Ahmedabad,2025-11-03
4096,Mekhala Deol,customer4096@example.com,8935909025,Bhopal,2025-03-02
4097,Hemang Memon,customer4097@example.com,8311634559,Ahmedabad,2026-06-19
4098,Ekiya Kar,customer4098@example.com,7754322152,Lucknow,2024-01-10
4099,Banjeet Korpal,customer4099@example.com,7498766612,Chandigarh,2025-05-30
4100,Anusha Bal,customer4100@example.com,7669294960,Chennai,2024-06-05
4101,Udarsh Kanda,customer4101@example.com,7674616877,Bhopal,2026-02-09
4102,Upkaar Sarraf,customer4102@example.com,6881266090,Pune,2025-01-03
4103,Maanav Arora,customer4103@example.com,6339485180,Bengaluru,2023-11-14
4104,Yagnesh Bail,customer4104@example.com,6685594371,Chandigarh,2023-05-04
4105,Reva Sachdeva,customer4105@example.com,6904430264,Pune,2025-12-24
4106,Nitara Grewal,customer4106@example.com,9879686904,Chandigarh,2023-02-14
4107,Lila Lal,customer4107@example.com,8406709592,Jaipur,2024-07-07
4108,Adya Sankar,customer4108@example.com,7317220386,Bengaluru,2024-12-30
4109,Janya Keer,customer4109@example.com,8427212337,Jaipur,2025-12-26
4110,Ishanvi Bose,customer4110@example.com,8870978092,Ahmedabad,2025-05-21
4111,Ekanta Koshy,customer4111@example.com,7585447056,Ahmedabad,2026-05-07
4112,Gopal Tripathi,customer4112@example.com,9230737263,Surat,2025-10-01
4113,Dipta Cheema,customer4113@example.com,7341156613,Jaipur,2025-05-10
4114,Ijaya Kapur,customer4114@example.com,8676814920,Pune,2026-05-05
4115,Amruta Bera,customer4115@example.com,6357146632,Ahmedabad,2023-08-18
4116,Raksha Tank,customer4116@example.com,7417953383,Indore,2023-01-08
4117,Dhruv Garg,customer4117@example.com,8294484577,Surat,2023-07-14
4118,Saumya Bhandari,customer4118@example.com,9107314257,Chandigarh,2025-12-08
4119,Vansha Divan,customer4119@example.com,6890530906,Pune,2025-08-31
4120,Irya Bhattacharyya,customer4120@example.com,8664896526,Kochi,2024-07-24
4121,Zayyan Bala,customer4121@example.com,8276221969,Hyderabad,2023-05-01
4122,Raagini Deol,customer4122@example.com,6555983643,Hyderabad,2023-04-06
4123,Tanveer Seth,customer4123@example.com,9620264012,Bengaluru,2023-01-02
4124,Daksha Narayanan,customer4124@example.com,7111198969,Chandigarh,2025-11-13
4125,Yashoda Ray,customer4125@example.com,6480045174,Chandigarh,2025-09-26
4126,Divya Ahuja,customer4126@example.com,7175443070,Bengaluru,2025-01-02
4127,Ishita Dar,customer4127@example.com,9388469518,Kochi,2023-12-27
4128,Devansh Wagle,customer4128@example.com,7677471836,Pune,2025-07-01
4129,Neel Hayer,customer4129@example.com,7780017983,Pune,2023-03-05
4130,Praneel Golla,customer4130@example.com,8941664427,Chennai,2023-11-26
4131,Warda Dar,customer4131@example.com,9644084411,Surat,2025-11-06
4132,Gaurav Chandra,customer4132@example.com,8768831551,Nagpur,2024-05-10
4133,Lila Reddy,customer4133@example.com,7598159966,Pune,2026-06-22
4134,Urvi Devi,customer4134@example.com,7330660031,Kolkata,2024-08-21
4135,Qadim Char,customer4135@example.com,6858550034,Indore,2026-03-30
4136,Isha Goel,customer4136@example.com,6619219943,Nagpur,2024-01-28
4137,Zayyan Tata,customer4137@example.com,8227394782,Indore,2025-06-24
4138,Qarin Lad,customer4138@example.com,9998908992,Bengaluru,2025-11-04
4139,Sai Karan,customer4139@example.com,6933507425,Indore,2023-09-07
4140,Finn Nori,customer4140@example.com,9549013938,Chennai,2025-11-28
4141,Girindra Viswanathan,customer4141@example.com,9259666628,Lucknow,2025-06-10
4142,Anmol Bhat,customer4142@example.com,6818561541,Mumbai,2023-04-07
4143,Kashvi Chandran,customer4143@example.com,6433572340,Pune,2023-10-20
4144,Aarav Wadhwa,customer4144@example.com,7120111282,Hyderabad,2023-09-08
4145,Aayush Narain,customer4145@example.com,6470953281,Bhopal,2024-05-15
4146,Damini Bala,customer4146@example.com,6713363947,Nagpur,2025-04-15
4147,Ekaraj Gera,customer4147@example.com,7437550776,Bhopal,2025-06-16
4148,Wishi Gopal,customer4148@example.com,9188572820,Surat,2025-09-01
4149,Hemani Chatterjee,customer4149@example.com,6692824108,Lucknow,2025-07-06
4150,Kavya Goel,customer4150@example.com,7294334613,Ahmedabad,2023-04-01
4151,Peter Tripathi,customer4151@example.com,6650493730,Jaipur,2024-12-02
4152,Sai Balasubramanian,customer4152@example.com,6799632922,Nagpur,2024-12-22
4153,Jai Muni,customer4153@example.com,9640679014,Ahmedabad,2026-05-06
4154,Hritik Palla,customer4154@example.com,7909149364,Nagpur,2023-05-23
4155,Zarna Ganesh,customer4155@example.com,9115866875,Kolkata,2023-02-13
4156,Widisha Hans,customer4156@example.com,9609758284,Nashik,2024-02-27
4157,Geetika Sha,customer4157@example.com,7182599542,Kolkata,2026-05-15
4158,Sara Dada,customer4158@example.com,9280584288,Ahmedabad,2024-11-02
4159,Hamsini Koshy,customer4159@example.com,8218081058,Ahmedabad,2024-02-28
4160,Lohit Khatri,customer4160@example.com,8112324173,Delhi,2025-04-16
4161,Raghav Raval,customer4161@example.com,9448418064,Bhopal,2023-05-29
4162,Ishita Bhargava,customer4162@example.com,9501323663,Pune,2025-07-02
4163,Hardik Venkatesh,customer4163@example.com,9216496383,Pune,2023-09-17
4164,Ekani Vyas,customer4164@example.com,6102338299,Nashik,2023-06-23
4165,Sai Mandal,customer4165@example.com,7115383616,Kolkata,2026-03-22
4166,Krishna Sem,customer4166@example.com,7868670213,Bengaluru,2026-02-14
4167,Brinda Sandhu,customer4167@example.com,9247455582,Lucknow,2025-12-26
4168,Radhika Purohit,customer4168@example.com,7442048834,Chennai,2025-09-05
4169,Vritti Bajwa,customer4169@example.com,9233997822,Mumbai,2026-04-14
4170,Hemang Nagy,customer4170@example.com,8905726162,Lucknow,2023-03-04
4171,Lopa Mohan,customer4171@example.com,6793914545,Lucknow,2023-03-12
4172,Bhavna Bhakta,customer4172@example.com,6622185222,Jaipur,2025-12-22
4173,Raghav Chakraborty,customer4173@example.com,6762842544,Bengaluru,2024-01-28
4174,Oscar Murthy,customer4174@example.com,7378601703,Chennai,2026-05-12
4175,Ayaan Batta,customer4175@example.com,7771789302,Delhi,2025-06-29
4176,Lekha Guha,customer4176@example.com,7873028764,Pune,2023-11-20
4177,Charles Saraf,customer4177@example.com,7299053594,Pune,2023-03-07
4178,Yashoda Prabhakar,customer4178@example.com,9953567461,Kolkata,2025-12-19
4179,Tanish Chaudhary,customer4179@example.com,9987392150,Surat,2023-02-05
4180,Quincy Kant,customer4180@example.com,9863826706,Pune,2026-05-25
4181,Elijah Jani,customer4181@example.com,8942661967,Bengaluru,2024-06-21
4182,Samuel Aurora,customer4182@example.com,7926476719,Nagpur,2024-07-16
4183,Lakshmi Jha,customer4183@example.com,6964276902,Surat,2024-06-05
4184,Bina Agrawal,customer4184@example.com,8356150079,Bengaluru,2026-01-28
4185,Ganga Goel,customer4185@example.com,7809751436,Indore,2024-06-14
4186,Vedant Prabhu,customer4186@example.com,6903342237,Nagpur,2025-01-09
4187,Chaitanya Dugal,customer4187@example.com,8664223252,Nashik,2023-03-22
4188,Yatin Kuruvilla,customer4188@example.com,7292029177,Kolkata,2026-05-22
4189,Dayita Jayaraman,customer4189@example.com,7330970063,Chennai,2026-02-18
4190,Nimrat Anne,customer4190@example.com,9454556836,Nashik,2023-09-14
4191,Odika Purohit,customer4191@example.com,8743785773,Mumbai,2025-12-07
4192,Ranveer Sura,customer4192@example.com,9579032036,Pune,2024-03-26
4193,Advaith Rana,customer4193@example.com,8730625941,Mumbai,2026-01-20
4194,Saumya Dave,customer4194@example.com,9521975355,Hyderabad,2023-10-10
4195,Ekavir Contractor,customer4195@example.com,9461471896,Nagpur,2026-03-25
4196,Nathan Suresh,customer4196@example.com,7384115060,Lucknow,2025-05-02
4197,Qadim Yadav,customer4197@example.com,8869005254,Nashik,2023-12-30
4198,Oliver Kunda,customer4198@example.com,9113066175,Kolkata,2024-04-10
4199,Bhavani Yadav,customer4199@example.com,8726683627,Chennai,2024-10-21
4200,Bhavani Lal,customer4200@example.com,8582175478,Chandigarh,2025-04-05
4201,Jagdish Rana,customer4201@example.com,9262512214,Nashik,2025-03-05
4202,Gabriel Tank,customer4202@example.com,8528039975,Indore,2024-11-30
4203,Joshua Vasa,customer4203@example.com,9746033765,Pune,2025-04-14
4204,Upasna Srinivas,customer4204@example.com,7977310433,Bhopal,2024-11-22
4205,Isaac Karnik,customer4205@example.com,7567871233,Lucknow,2025-09-06
4206,Lipika Gour,customer4206@example.com,6785660911,Jaipur,2023-10-17
4207,Ekansh Khurana,customer4207@example.com,9407483458,Chennai,2023-01-23
4208,Kamala Sarma,customer4208@example.com,7350129374,Indore,2023-11-14
4209,Riya Barman,customer4209@example.com,6552314003,Mumbai,2025-05-04
4210,Shivansh Nadkarni,customer4210@example.com,8555309794,Chennai,2026-02-15
4211,Akshay Dua,customer4211@example.com,8699843676,Nagpur,2023-05-12
4212,Zashil Gill,customer4212@example.com,9584915591,Mumbai,2023-10-21
4213,Turvi Iyer,customer4213@example.com,6954482514,Chennai,2023-09-06
4214,Mahika Rai,customer4214@example.com,8680146412,Mumbai,2024-12-03
4215,Bishakha Tiwari,customer4215@example.com,7354470434,Delhi,2023-10-14
4216,Umang Gour,customer4216@example.com,9695250220,Chandigarh,2026-04-07
4217,Gautami Sarna,customer4217@example.com,9243794428,Indore,2025-04-06
4218,Ridhi Boase,customer4218@example.com,6635466004,Ahmedabad,2023-10-16
4219,Bhavna Dyal,customer4219@example.com,6705159344,Kolkata,2023-11-12
4220,Eesha Bhandari,customer4220@example.com,9481062755,Nagpur,2023-05-03
4221,Dhruv Rout,customer4221@example.com,8778327239,Kolkata,2023-08-02
4222,Omkaar Nagy,customer4222@example.com,9625167947,Ahmedabad,2024-12-30
4223,Balvan Dhar,customer4223@example.com,7356782600,Ahmedabad,2025-07-31
4224,Vivaan Ahuja,customer4224@example.com,8793383127,Chandigarh,2025-02-09
4225,Aarush Bhardwaj,customer4225@example.com,7163114090,Chandigarh,2026-05-04
4226,Jagdish Kapur,customer4226@example.com,6548490988,Nashik,2026-03-02
4227,Ethan Bahri,customer4227@example.com,9346851306,Chennai,2025-04-26
4228,Libni Mandal,customer4228@example.com,9584707579,Pune,2026-05-20
4229,Shivani Khanna,customer4229@example.com,9713336399,Pune,2024-03-21
4230,Zashil Pai,customer4230@example.com,6880811341,Pune,2023-01-19
4231,Varenya Dua,customer4231@example.com,9628354468,Chandigarh,2024-04-16
4232,Jagvi Kapur,customer4232@example.com,6492443055,Kochi,2024-04-02
4233,Bhavini Ghosh,customer4233@example.com,9578795804,Bengaluru,2025-09-10
4234,Aarini Dyal,customer4234@example.com,8402942490,Chandigarh,2024-10-30
4235,Ansh Sankaran,customer4235@example.com,6874150837,Kolkata,2025-09-29
4236,Maanas Basak,customer4236@example.com,7179591881,Bengaluru,2023-04-19
4237,Nirja Karan,customer4237@example.com,7118985881,Indore,2026-04-25
4238,Jeremiah Pandit,customer4238@example.com,8211501702,Lucknow,2024-06-03
4239,Nidra Sama,customer4239@example.com,6307033841,Lucknow,2025-02-09
4240,Triveni Sethi,customer4240@example.com,7629405113,Lucknow,2026-04-10
4241,Lipika Sheth,customer4241@example.com,7972463880,Surat,2026-03-25
4242,Geetika Nanda,customer4242@example.com,8948139344,Pune,2024-10-27
4243,Kiaan Wagle,customer4243@example.com,6250187569,Surat,2023-10-22
4244,Yatan Kalla,customer4244@example.com,8290491801,Chandigarh,2024-06-18
4245,Robert Patla,customer4245@example.com,7823998957,Kochi,2025-02-07
4246,Nilima Prasad,customer4246@example.com,7467924922,Nagpur,2023-11-30
4247,Tanay Ramaswamy,customer4247@example.com,6697689636,Kochi,2024-01-17
4248,Upma Chopra,customer4248@example.com,6594647771,Nashik,2024-10-16
4249,Charita Sachar,customer4249@example.com,8449150661,Nashik,2026-06-02
4250,Ryan Kalla,customer4250@example.com,8168942465,Ahmedabad,2024-10-24
4251,Naksh Rajagopalan,customer4251@example.com,8300063591,Jaipur,2024-04-07
4252,Pranit Savant,customer4252@example.com,8750005741,Chandigarh,2023-06-07
4253,Samuel Raju,customer4253@example.com,6913182272,Surat,2024-10-31
4254,Anjali Dugal,customer4254@example.com,9344343431,Chennai,2023-02-28
4255,Rudra Dora,customer4255@example.com,9581116404,Kochi,2026-06-28
4256,Edhitha Sidhu,customer4256@example.com,9145824724,Bengaluru,2023-10-28
4257,Kalpit Sur,customer4257@example.com,9908244861,Hyderabad,2025-03-24
4258,Balendra Chatterjee,customer4258@example.com,8100878269,Lucknow,2025-08-31
4259,Frederick Bail,customer4259@example.com,7683892137,Kochi,2023-06-12
4260,Chatresh Narula,customer4260@example.com,8434450734,Bengaluru,2023-10-28
4261,Dhriti Parikh,customer4261@example.com,8195552417,Pune,2024-04-07
4262,Matthew Kala,customer4262@example.com,6760585952,Hyderabad,2023-11-13
4263,Dominic Patil,customer4263@example.com,7956760747,Nagpur,2023-09-20
4264,Sanya Soman,customer4264@example.com,7431915361,Nashik,2024-02-01
4265,Parth Mann,customer4265@example.com,8927873521,Mumbai,2026-06-07
4266,Harrison Dutta,customer4266@example.com,8890048143,Mumbai,2023-04-05
4267,Nihal Sagar,customer4267@example.com,6205244320,Bhopal,2026-04-05
4268,Nimrat Dutt,customer4268@example.com,7639994456,Jaipur,2023-03-28
4269,Avni Krish,customer4269@example.com,9497050151,Hyderabad,2024-06-01
4270,Manan Saxena,customer4270@example.com,9919124358,Hyderabad,2024-02-18
4271,Balveer Deshmukh,customer4271@example.com,9717562289,Kochi,2024-06-08
4272,Urvashi Raghavan,customer4272@example.com,9655439898,Delhi,2025-01-15
4273,Onkar Bahri,customer4273@example.com,9947051987,Ahmedabad,2025-11-06
4274,Ridhi Gopal,customer4274@example.com,7856540194,Kochi,2024-03-10
4275,Anmol Swamy,customer4275@example.com,7124232343,Chennai,2024-04-27
4276,Harinakshi Chada,customer4276@example.com,9862814054,Lucknow,2024-11-24
4277,Ekapad Goel,customer4277@example.com,8128364628,Hyderabad,2024-05-11
4278,Charita Ramesh,customer4278@example.com,7474870238,Kochi,2025-04-06
4279,Indrajit Hegde,customer4279@example.com,8643251567,Pune,2024-04-12
4280,Brinda Chacko,customer4280@example.com,7153728507,Surat,2024-06-10
4281,Warda Babu,customer4281@example.com,7351312577,Lucknow,2025-10-08
4282,Omkaar Patla,customer4282@example.com,6149935896,Delhi,2025-03-12
4283,Rehaan Varghese,customer4283@example.com,9306944381,Bhopal,2025-04-01
4284,Zinal Bajwa,customer4284@example.com,6192172852,Lucknow,2025-01-31
4285,Eiravati Ganesan,customer4285@example.com,8368458895,Chandigarh,2024-03-31
4286,William Mohan,customer4286@example.com,9366195230,Jaipur,2025-05-11
4287,Saumya Sant,customer4287@example.com,7885070770,Bengaluru,2023-07-05
4288,Banjeet Mahajan,customer4288@example.com,9853815965,Bhopal,2023-08-25
4289,Faris Natarajan,customer4289@example.com,6928800655,Bengaluru,2023-01-09
4290,Kalpit Anne,customer4290@example.com,9260924097,Bhopal,2023-12-14
4291,Chasmum Rai,customer4291@example.com,8249216373,Lucknow,2024-01-15
4292,Upma Rai,customer4292@example.com,7386989854,Bengaluru,2024-02-16
4293,Balendra Madan,customer4293@example.com,6837737773,Jaipur,2024-12-27
4294,Gautami Peri,customer4294@example.com,7596549270,Mumbai,2025-12-08
4295,Niharika Oommen,customer4295@example.com,9151985634,Delhi,2024-04-17
4296,Hiral Lal,customer4296@example.com,7792192799,Kochi,2023-03-20
4297,Vrinda Manda,customer4297@example.com,9447944132,Kolkata,2025-02-13
4298,Fiyaz Sengupta,customer4298@example.com,6681790319,Ahmedabad,2023-02-27
4299,Eiravati Upadhyay,customer4299@example.com,8275040676,Bhopal,2023-02-17
4300,Arin Dave,customer4300@example.com,6410405920,Jaipur,2023-11-26
4301,Xavier Borde,customer4301@example.com,7204307517,Delhi,2023-06-17
4302,Kashvi Bhattacharyya,customer4302@example.com,6302366654,Nashik,2025-09-22
4303,Warjas Chahal,customer4303@example.com,9116653946,Nagpur,2026-05-29
4304,Aditya Arya,customer4304@example.com,6101817820,Ahmedabad,2026-06-24
4305,Ekavir Dugal,customer4305@example.com,9411132876,Indore,2025-02-11
4306,Ganga Cherian,customer4306@example.com,8176628172,Ahmedabad,2023-03-27
4307,Daksh Dewan,customer4307@example.com,8753481322,Chennai,2024-10-02
4308,Finn Grewal,customer4308@example.com,8512198713,Mumbai,2025-12-11
4309,Gavin Aggarwal,customer4309@example.com,7799877346,Ahmedabad,2025-01-16
4310,Viraj Kade,customer4310@example.com,7763936667,Indore,2025-08-13
4311,Fariq Ram,customer4311@example.com,7825760693,Hyderabad,2025-10-28
4312,Reyansh Soni,customer4312@example.com,6157741733,Indore,2023-04-22
4313,Warhi Grewal,customer4313@example.com,9885280077,Nagpur,2023-09-22
4314,Bhavna Bhat,customer4314@example.com,7281147994,Kochi,2025-02-20
4315,Qasim Tripathi,customer4315@example.com,9327405153,Chandigarh,2023-01-25
4316,Fariq Goda,customer4316@example.com,8622366858,Delhi,2024-02-21
4317,Adya Dhawan,customer4317@example.com,6120967851,Bhopal,2026-02-09
4318,Jatin Borra,customer4318@example.com,9478597788,Hyderabad,2025-01-02
4319,Rachit Nagy,customer4319@example.com,8838070785,Ahmedabad,2024-01-15
4320,Nicholas Rana,customer4320@example.com,7524069309,Ahmedabad,2024-02-07
4321,Nitara Toor,customer4321@example.com,8310706175,Surat,2025-08-07
4322,Tejas Sandhu,customer4322@example.com,8206048488,Kochi,2024-09-19
4323,Hemani Khosla,customer4323@example.com,8843568111,Chandigarh,2024-02-05
4324,Zayan Manda,customer4324@example.com,7715028593,Nashik,2024-10-23
4325,Dhruv Bhatia,customer4325@example.com,7894334175,Nagpur,2024-05-23
4326,Wakeeta Padmanabhan,customer4326@example.com,9450338331,Hyderabad,2024-06-26
4327,Qushi Buch,customer4327@example.com,7564222841,Chennai,2024-11-01
4328,Advik Chakrabarti,customer4328@example.com,7356751272,Kolkata,2023-09-29
4329,Janaki Bhatti,customer4329@example.com,8473292071,Pune,2026-01-31
4330,Eiravati Seshadri,customer4330@example.com,9818211064,Bengaluru,2023-08-23
4331,Varsha Prabhakar,customer4331@example.com,8223856474,Surat,2026-01-10
4332,Charita Suresh,customer4332@example.com,6435478559,Lucknow,2026-05-05
4333,Ranveer Kari,customer4333@example.com,7239151302,Ahmedabad,2024-08-05
4334,Brijesh Pandit,customer4334@example.com,9971445790,Kochi,2024-01-07
4335,Udyati Shenoy,customer4335@example.com,6421191623,Mumbai,2025-03-29
4336,Neha Sheth,customer4336@example.com,8752492244,Jaipur,2024-02-21
4337,Sneha Dua,customer4337@example.com,9200433174,Nagpur,2023-10-24
4338,Lekha Saini,customer4338@example.com,9182597387,Ahmedabad,2023-02-02
4339,Liam Nadig,customer4339@example.com,7758991502,Mumbai,2023-06-09
4340,Manthan Ratta,customer4340@example.com,6215899857,Hyderabad,2026-01-19
4341,Akshay Saraf,customer4341@example.com,8478414805,Delhi,2023-08-08
4342,Matthew Gour,customer4342@example.com,7270561768,Bengaluru,2025-07-18
4343,Girish Babu,customer4343@example.com,7565506670,Nagpur,2025-07-10
4344,Urmi Doctor,customer4344@example.com,7959942398,Nashik,2024-04-25
4345,Geetika Hora,customer4345@example.com,8498225623,Nagpur,2026-01-23
4346,Widisha Ramanathan,customer4346@example.com,9249026655,Chandigarh,2024-12-25
4347,Chavvi Mall,customer4347@example.com,8493445766,Kolkata,2025-09-11
4348,Ranveer Sur,customer4348@example.com,7786027136,Ahmedabad,2025-12-06
4349,Rachita Saran,customer4349@example.com,8232702132,Surat,2024-01-16
4350,Vinaya Bhasin,customer4350@example.com,8175469198,Chennai,2024-08-26
4351,Hitesh Bhavsar,customer4351@example.com,9216833859,Delhi,2023-04-10
4352,Vansha Mann,customer4352@example.com,9789220415,Ahmedabad,2023-01-10
4353,Wahab Venkataraman,customer4353@example.com,8522890033,Delhi,2024-09-21
4354,Tarak Saha,customer4354@example.com,8694281205,Lucknow,2023-04-07
4355,Agastya Morar,customer4355@example.com,6314525643,Surat,2023-03-28
4356,Hamsini Mukhopadhyay,customer4356@example.com,8118640512,Surat,2026-03-15
4357,Jairaj Dayal,customer4357@example.com,6166457001,Chennai,2025-02-03
4358,Harita Prakash,customer4358@example.com,8182911814,Lucknow,2025-03-01
4359,Kala Solanki,customer4359@example.com,7421996389,Pune,2024-11-01
4360,Andrew Sekhon,customer4360@example.com,6495413202,Hyderabad,2025-12-28
4361,Omisha Koshy,customer4361@example.com,8804322989,Nagpur,2024-07-26
4362,Eta Kaur,customer4362@example.com,9528041376,Delhi,2024-06-25
4363,Vamakshi Mand,customer4363@example.com,6378297464,Delhi,2025-01-15
4364,Garima Hayer,customer4364@example.com,7404825400,Nagpur,2025-04-30
4365,Ekanta Karnik,customer4365@example.com,7503458248,Mumbai,2026-06-17
4366,Zaid Suresh,customer4366@example.com,8783607341,Hyderabad,2024-03-19
4367,Anirudh Munshi,customer4367@example.com,6955716960,Pune,2026-02-03
4368,Leena Divan,customer4368@example.com,7529682626,Jaipur,2025-07-26
4369,Finn Wadhwa,customer4369@example.com,7923342099,Surat,2024-05-30
4370,Turvi Lata,customer4370@example.com,7872567918,Hyderabad,2024-06-18
4371,Shivani Ramachandran,customer4371@example.com,9841520684,Hyderabad,2023-05-16
4372,Anya Dhar,customer4372@example.com,8187232789,Kolkata,2023-02-02
4373,Daniel Som,customer4373@example.com,8411539837,Lucknow,2023-05-13
4374,Udant Aggarwal,customer4374@example.com,9490519430,Kochi,2023-12-11
4375,Ishani Subramanian,customer4375@example.com,9729562028,Kolkata,2024-09-21
4376,Anjali Nagarajan,customer4376@example.com,6940746806,Nashik,2026-04-25
4377,Dipta Yadav,customer4377@example.com,6872441899,Ahmedabad,2024-03-24
4378,Raghav Dara,customer4378@example.com,6101033687,Bhopal,2023-05-10
4379,Darsh Hayer,customer4379@example.com,8444509363,Kochi,2025-03-28
4380,Yuvraj Puri,customer4380@example.com,8671500435,Jaipur,2024-05-14
4381,Advay Misra,customer4381@example.com,6317426967,Ahmedabad,2026-05-19
4382,Samarth Dhawan,customer4382@example.com,8902780777,Bhopal,2025-09-10
4383,Aryan Balakrishnan,customer4383@example.com,6422231884,Chennai,2024-11-14
4384,Farhan Pillay,customer4384@example.com,6865347837,Surat,2024-08-02
4385,Manbir Sekhon,customer4385@example.com,7386683238,Kochi,2025-06-19
4386,Naksh Sawhney,customer4386@example.com,9208496650,Ahmedabad,2024-01-03
4387,Hritik Mahal,customer4387@example.com,6430385665,Lucknow,2025-06-16
4388,Anya Hora,customer4388@example.com,7707510921,Hyderabad,2024-01-25
4389,Bhavani Gaba,customer4389@example.com,6441220731,Lucknow,2024-11-13
4390,Ekantika Badal,customer4390@example.com,9280540597,Bengaluru,2025-03-21
4391,Charles Narain,customer4391@example.com,7415539794,Kochi,2023-06-15
4392,Jyoti Dhar,customer4392@example.com,6853385765,Nagpur,2025-12-04
4393,Keya Bal,customer4393@example.com,8620668783,Nashik,2025-11-22
4394,Ekiya Randhawa,customer4394@example.com,8556332782,Hyderabad,2025-03-13
4395,Eta Banerjee,customer4395@example.com,9133354214,Bengaluru,2026-01-28
4396,Ekiya Baral,customer4396@example.com,8773851300,Kochi,2023-03-30
4397,Kevin Taneja,customer4397@example.com,7807942352,Kochi,2025-06-18
4398,Ekansh Dey,customer4398@example.com,6138372961,Lucknow,2023-07-25
4399,Harsh Virk,customer4399@example.com,7615252181,Surat,2025-05-07
4400,Wahab Chanda,customer4400@example.com,7902391029,Chandigarh,2023-12-02
4401,Ishanvi Nigam,customer4401@example.com,7981279953,Delhi,2026-06-05
4402,Nitara Oza,customer4402@example.com,7685610749,Nashik,2024-02-29
4403,Waida Rattan,customer4403@example.com,6704488153,Nashik,2024-12-20
4404,Omaja Randhawa,customer4404@example.com,9698679326,Jaipur,2024-07-21
4405,Gaurav Johal,customer4405@example.com,8128357507,Jaipur,2023-07-30
4406,Nathan D’Alia,customer4406@example.com,8820673121,Bhopal,2026-01-01
4407,Utkarsh Khatri,customer4407@example.com,8846310003,Kochi,2026-06-11
4408,Arjun Ben,customer4408@example.com,8398851472,Pune,2023-07-03
4409,Varenya Basak,customer4409@example.com,8937041984,Pune,2026-01-09
4410,Theodore Kaul,customer4410@example.com,6832005039,Nagpur,2025-12-02
4411,Laksh Tella,customer4411@example.com,9203815798,Hyderabad,2025-06-06
4412,Ekantika Ram,customer4412@example.com,8842816310,Bengaluru,2026-05-12
4413,Anirudh Uppal,customer4413@example.com,9642439950,Jaipur,2024-07-03
4414,Waida Bajwa,customer4414@example.com,6504682035,Kolkata,2023-03-18
4415,Ekansh Baria,customer4415@example.com,9637674981,Nashik,2024-05-30
4416,Balendra Joshi,customer4416@example.com,8283397027,Kolkata,2026-03-07
4417,Vyanjana Amble,customer4417@example.com,9646854448,Surat,2024-02-24
4418,Faris Pillai,customer4418@example.com,6372057514,Kolkata,2024-08-30
4419,Mekhala Kala,customer4419@example.com,8398894690,Delhi,2024-09-29
4420,Abhimanyu Manda,customer4420@example.com,9161848013,Mumbai,2026-05-12
4421,Kavya Vaidya,customer4421@example.com,6731029598,Surat,2025-01-19
4422,Nathaniel Jaggi,customer4422@example.com,7366039958,Indore,2024-06-12
4423,Gaurika Hayre,customer4423@example.com,9128231793,Lucknow,2024-05-25
4424,Abha Ramaswamy,customer4424@example.com,8855946108,Lucknow,2024-08-02
4425,Bhavika Seth,customer4425@example.com,9216653925,Nashik,2025-04-02
4426,Sanaya Vala,customer4426@example.com,8611530858,Lucknow,2025-07-28
4427,Samarth Goyal,customer4427@example.com,8772196306,Lucknow,2023-12-24
4428,Benjamin Ram,customer4428@example.com,6318593975,Nashik,2024-02-08
4429,Samesh Iyengar,customer4429@example.com,8178103714,Kochi,2023-03-02
4430,Tanish Mitter,customer4430@example.com,6524064082,Kolkata,2025-08-31
4431,Ubika Bhagat,customer4431@example.com,6979553429,Kochi,2024-06-29
4432,Zayyan Kalla,customer4432@example.com,8980107674,Jaipur,2023-08-18
4433,Dayita Arora,customer4433@example.com,7867108334,Pune,2023-06-14
4434,Pratyush Nath,customer4434@example.com,9740856995,Nagpur,2024-10-10
4435,Xalak Rama,customer4435@example.com,7853573356,Ahmedabad,2023-09-23
4436,Tanvi Raman,customer4436@example.com,8948713419,Bengaluru,2024-01-26
4437,Vyanjana Srinivasan,customer4437@example.com,9137254050,Chennai,2023-06-25
4438,Yuvraj Brahmbhatt,customer4438@example.com,9272849977,Kolkata,2026-05-08
4439,Aadi Balasubramanian,customer4439@example.com,7853403819,Kolkata,2024-08-11
4440,Advay Mahal,customer4440@example.com,8313424494,Indore,2023-08-15
4441,Chavvi Saxena,customer4441@example.com,9313009221,Indore,2025-07-24
4442,Nathaniel Chatterjee,customer4442@example.com,7451611255,Nagpur,2026-06-29
4443,Jhalak Kale,customer4443@example.com,8749928943,Ahmedabad,2024-12-11
4444,Pallavi Pradhan,customer4444@example.com,6999488086,Bengaluru,2023-05-19
4445,Ati Sahni,customer4445@example.com,8361053146,Nashik,2026-06-28
4446,Chameli Banerjee,customer4446@example.com,9220138393,Kochi,2023-06-28
4447,Chasmum Dhar,customer4447@example.com,6406124555,Surat,2026-02-18
4448,Tanmayi Jayaraman,customer4448@example.com,6925405683,Mumbai,2025-04-18
4449,Azaan Soni,customer4449@example.com,9305863671,Bhopal,2026-06-28
4450,Akshay Chowdhury,customer4450@example.com,6715067587,Jaipur,2025-08-11
4451,Wahab Shah,customer4451@example.com,6698999592,Kolkata,2026-02-12
4452,Anamika Bajaj,customer4452@example.com,9262740986,Pune,2024-04-26
4453,Dev Dua,customer4453@example.com,6219452230,Kochi,2023-12-01
4454,Dhruv Rao,customer4454@example.com,8177448802,Indore,2023-05-17
4455,Ayushman Barad,customer4455@example.com,8633310806,Bhopal,2025-08-07
4456,Rachana Shroff,customer4456@example.com,7244463936,Chandigarh,2025-06-28
4457,Parth Arya,customer4457@example.com,7979764793,Kochi,2025-12-26
4458,Dev Mand,customer4458@example.com,7759557292,Chandigarh,2023-04-25
4459,Varenya Jain,customer4459@example.com,8895528135,Ahmedabad,2026-01-08
4460,Arjun Magar,customer4460@example.com,8866516894,Nagpur,2025-04-01
4461,Wahab Sem,customer4461@example.com,6760521519,Hyderabad,2024-10-10
4462,Chaitanya Saran,customer4462@example.com,8917665469,Ahmedabad,2025-11-07
4463,Vincent Batta,customer4463@example.com,9649504857,Bengaluru,2023-12-06
4464,Januja Chakrabarti,customer4464@example.com,6355899763,Surat,2023-03-15
4465,Tanmayi Sodhi,customer4465@example.com,8588809693,Kolkata,2026-04-02
4466,Kashvi Prabhu,customer4466@example.com,9511408332,Kochi,2023-05-06
4467,Ekani Palan,customer4467@example.com,8919828094,Indore,2024-10-25
4468,Owen Ratti,customer4468@example.com,8355543746,Mumbai,2024-09-24
4469,Unni Palan,customer4469@example.com,8994413349,Lucknow,2024-06-01
4470,Manbir Talwar,customer4470@example.com,9991749593,Chennai,2025-07-17
4471,Jagvi Sankaran,customer4471@example.com,8937858770,Chandigarh,2024-02-08
4472,Zehaan Devan,customer4472@example.com,9845280289,Nagpur,2025-01-09
4473,Jagrati Shukla,customer4473@example.com,6589112547,Bhopal,2023-06-13
4474,Nitesh Basak,customer4474@example.com,7986961222,Bhopal,2024-10-17
4475,Yashawini Dhillon,customer4475@example.com,8505069735,Nashik,2026-04-13
4476,Nathaniel Dewan,customer4476@example.com,8452057649,Mumbai,2023-09-05
4477,Meghana Bumb,customer4477@example.com,8562471600,Jaipur,2023-07-23
4478,Isaac Thaker,customer4478@example.com,7424891445,Bengaluru,2026-02-25
4479,Zinal Chawla,customer4479@example.com,8765278388,Delhi,2025-12-06
4480,Aachal Gala,customer4480@example.com,9153299306,Hyderabad,2024-11-02
4481,Gaurika Suresh,customer4481@example.com,8401590181,Hyderabad,2024-09-23
4482,Eshana Prakash,customer4482@example.com,7250320306,Surat,2024-11-28
4483,Maya Kanda,customer4483@example.com,6900450405,Hyderabad,2025-02-17
4484,Nikita Cherian,customer4484@example.com,8987653508,Ahmedabad,2023-02-18
4485,Sudiksha Dugal,customer4485@example.com,6851070598,Chandigarh,2023-12-10
4486,Aadi Thaman,customer4486@example.com,6262804637,Jaipur,2023-01-11
4487,Warhi Dhawan,customer4487@example.com,8352643283,Ahmedabad,2023-01-03
4488,Damini Khurana,customer4488@example.com,9661588422,Kolkata,2024-07-13
4489,Chavvi Kadakia,customer4489@example.com,9858975895,Delhi,2023-04-19
4490,Rayaan Bajwa,customer4490@example.com,9200468847,Surat,2024-07-05
4491,Azaan Merchant,customer4491@example.com,6263868491,Bengaluru,2023-10-22
4492,Sarthak Grewal,customer4492@example.com,7268121989,Kochi,2023-03-06
4493,Ekalinga Kulkarni,customer4493@example.com,6883748778,Nashik,2025-09-30
4494,Jagat Sami,customer4494@example.com,6438157222,Ahmedabad,2023-07-29
4495,Neha Anne,customer4495@example.com,9775018814,Lucknow,2023-01-28
4496,Hemal Rama,customer4496@example.com,6650956082,Chandigarh,2024-05-14
4497,Sathvik Modi,customer4497@example.com,6619150681,Jaipur,2026-02-09
4498,Vanya Barman,customer4498@example.com,8963677896,Nagpur,2023-08-17
4499,Azad Tata,customer4499@example.com,7527184301,Surat,2024-06-10
4500,Indali Balasubramanian,customer4500@example.com,9506991932,Indore,2026-05-21
4501,Urvashi Rajagopal,customer4501@example.com,9892135895,Chennai,2025-03-29
4502,Pahal Panchal,customer4502@example.com,7980853414,Pune,2024-09-15
4503,Avi Rai,customer4503@example.com,8651765197,Kolkata,2024-12-16
4504,Vinaya Chadha,customer4504@example.com,9884909010,Nashik,2026-02-02
4505,Zayyan Chanda,customer4505@example.com,6330900419,Nashik,2025-01-16
4506,Yatan Chandra,customer4506@example.com,9725208766,Surat,2024-03-10
4507,Ladli Nazareth,customer4507@example.com,6202308789,Nagpur,2024-01-19
4508,Upasna Banerjee,customer4508@example.com,9421271257,Delhi,2025-05-18
4509,Dayita Seth,customer4509@example.com,8986902701,Kolkata,2026-06-09
4510,Nirja Chandran,customer4510@example.com,6695470400,Kochi,2023-02-01
4511,Kabir Bala,customer4511@example.com,8237496843,Bhopal,2023-01-27
4512,Ekapad Thakkar,customer4512@example.com,6591014024,Pune,2024-08-19
4513,Ubika Maharaj,customer4513@example.com,7186030204,Lucknow,2025-07-04
4514,Chanakya Kulkarni,customer4514@example.com,7364323656,Ahmedabad,2025-09-08
4515,Zansi Swaminathan,customer4515@example.com,6537581956,Chandigarh,2023-11-23
4516,Siya Memon,customer4516@example.com,6465501290,Bhopal,2023-06-06
4517,Balveer Mannan,customer4517@example.com,6833194834,Lucknow,2024-01-17
4518,Pooja Choudhary,customer4518@example.com,9582117061,Nagpur,2024-04-16
4519,Faraj Issac,customer4519@example.com,6807879217,Pune,2025-02-09
4520,Vedika Krish,customer4520@example.com,6152243598,Bhopal,2023-01-02
4521,Lila Goda,customer4521@example.com,7656588767,Kochi,2024-11-30
4522,Caleb Mittal,customer4522@example.com,9839909142,Bhopal,2025-10-06
4523,Udant Oak,customer4523@example.com,8794910248,Hyderabad,2025-05-16
4524,Veer Saxena,customer4524@example.com,6436333351,Lucknow,2026-01-25
4525,Harrison Gala,customer4525@example.com,7408805650,Chandigarh,2023-07-07
4526,Kevin Bajwa,customer4526@example.com,6704312836,Jaipur,2025-05-08
4527,Watika Peri,customer4527@example.com,9107115375,Bengaluru,2025-09-11
4528,Ansh Vohra,customer4528@example.com,7753781175,Kolkata,2024-10-17
4529,Hitesh Sahota,customer4529@example.com,8237697758,Mumbai,2024-02-09
4530,Bahadurjit Mallick,customer4530@example.com,7996781702,Mumbai,2023-01-08
4531,Pahal Bhavsar,customer4531@example.com,8411373166,Kochi,2026-03-05
4532,Gagan Lall,customer4532@example.com,7544250664,Nashik,2024-11-19
4533,Vaishnavi Rattan,customer4533@example.com,9830603505,Pune,2024-03-21
4534,Laksh Dara,customer4534@example.com,8786354343,Mumbai,2025-05-09
4535,Neel Chadha,customer4535@example.com,9645412874,Hyderabad,2024-09-19
4536,Ronith Sehgal,customer4536@example.com,6859311436,Jaipur,2023-02-13
4537,Adya Sridhar,customer4537@example.com,6427960309,Delhi,2024-01-09
4538,Qasim Sachdev,customer4538@example.com,6201766387,Nashik,2025-02-17
4539,Balveer Kata,customer4539@example.com,6357609007,Kolkata,2023-12-07
4540,Manan Mital,customer4540@example.com,8749235660,Mumbai,2024-02-02
4541,Mahika Apte,customer4541@example.com,6723358847,Pune,2024-03-24
4542,Darpan Uppal,customer4542@example.com,6439572196,Jaipur,2024-07-02
4543,Isaiah Vohra,customer4543@example.com,7249845551,Kolkata,2025-03-25
4544,Aditya Mitter,customer4544@example.com,9209266418,Pune,2024-10-07
4545,Ekaja Kohli,customer4545@example.com,7119453370,Bengaluru,2024-09-04
4546,Tanay Gulati,customer4546@example.com,9796643295,Delhi,2024-10-09
4547,Vanya Srinivas,customer4547@example.com,6770637832,Pune,2023-01-01
4548,Hardik Gera,customer4548@example.com,7774704817,Nagpur,2024-04-04
4549,Ekavir Dhingra,customer4549@example.com,8785005061,Chandigarh,2023-02-13
4550,Yashvi Dhillon,customer4550@example.com,8535623865,Nagpur,2024-12-28
4551,Vanya Varghese,customer4551@example.com,7872252578,Pune,2023-12-27
4552,Nitesh Koshy,customer4552@example.com,6793687045,Ahmedabad,2024-05-03
4553,Janaki Kar,customer4553@example.com,9674611055,Chandigarh,2025-05-27
4554,Niharika Bhasin,customer4554@example.com,8495545051,Chennai,2024-03-27
4555,Brijesh Nagi,customer4555@example.com,8193772255,Ahmedabad,2023-09-13
4556,Ayaan Hans,customer4556@example.com,8871295505,Surat,2025-09-19
4557,Mahika Sengupta,customer4557@example.com,8702415206,Lucknow,2025-04-24
4558,Joshua Srinivas,customer4558@example.com,6295862194,Bengaluru,2026-06-19
4559,Nakul Khurana,customer4559@example.com,7569485368,Lucknow,2023-08-12
4560,Widisha Borde,customer4560@example.com,8878671335,Bengaluru,2026-03-03
4561,Azaan Sahni,customer4561@example.com,8777843150,Nashik,2024-04-02
4562,Frado Dhingra,customer4562@example.com,6901355159,Mumbai,2025-07-05
4563,Kala Mall,customer4563@example.com,8324741600,Ahmedabad,2026-03-27
4564,Avni Shetty,customer4564@example.com,6193366238,Chandigarh,2025-05-01
4565,Chavvi Wason,customer4565@example.com,8662923205,Chandigarh,2023-03-05
4566,Darika Singhal,customer4566@example.com,9194964079,Kolkata,2024-10-31
4567,Libni Devan,customer4567@example.com,7861025633,Nagpur,2025-01-13
4568,Geetika Chand,customer4568@example.com,8108653210,Surat,2025-12-19
4569,Hema Walia,customer4569@example.com,6218723911,Indore,2025-10-14
4570,Zayan Loyal,customer4570@example.com,9870154396,Delhi,2024-04-08
4571,Bhavya Varghese,customer4571@example.com,9932190194,Surat,2025-11-20
4572,Dhriti Naik,customer4572@example.com,6343105735,Pune,2023-11-13
4573,Rayaan Pall,customer4573@example.com,6293994042,Jaipur,2023-07-09
4574,Rehaan Nayak,customer4574@example.com,6655221791,Kochi,2023-10-23
4575,Arya Lalla,customer4575@example.com,8420137047,Bhopal,2025-03-16
4576,Raghav Dewan,customer4576@example.com,9199658278,Indore,2024-10-14
4577,Ranveer Pathak,customer4577@example.com,6238447639,Lucknow,2024-09-10
4578,Samarth Shere,customer4578@example.com,8606201199,Pune,2023-09-02
4579,Jacob Manne,customer4579@example.com,7461908423,Nagpur,2023-08-02
4580,Samesh Nazareth,customer4580@example.com,8593535065,Hyderabad,2024-02-09
4581,Watika Prasad,customer4581@example.com,9961948687,Hyderabad,2024-08-14
4582,Manya Sule,customer4582@example.com,7514007231,Jaipur,2025-10-03
4583,Tripti Yogi,customer4583@example.com,9469851684,Indore,2025-10-11
4584,Madhav Kumar,customer4584@example.com,8892612307,Chandigarh,2023-11-30
4585,Zayyan Dash,customer4585@example.com,8928892331,Indore,2023-11-15
4586,Maya Aggarwal,customer4586@example.com,9194434835,Delhi,2023-11-17
4587,Ranbir Kumar,customer4587@example.com,7831215727,Nagpur,2024-03-29
4588,Suhani Malhotra,customer4588@example.com,9738755589,Chandigarh,2025-07-17
4589,Rushil Lata,customer4589@example.com,7639716841,Pune,2023-03-24
4590,Prisha Suri,customer4590@example.com,6279241408,Bengaluru,2024-06-23
4591,Vamakshi Sarkar,customer4591@example.com,7257659599,Nagpur,2026-06-16
4592,Dhriti Dar,customer4592@example.com,7227610035,Bhopal,2023-11-10
4593,Pratyush Das,customer4593@example.com,8206118105,Kolkata,2024-01-20
4594,Chatura Barman,customer4594@example.com,6346744138,Nagpur,2025-01-31
4595,Arunima Chokshi,customer4595@example.com,7884829133,Nagpur,2023-12-10
4596,Joshua Char,customer4596@example.com,7148410427,Nashik,2026-05-07
4597,Samarth Baral,customer4597@example.com,8441021362,Pune,2023-08-16
4598,Advaith Choudhury,customer4598@example.com,9776431810,Kolkata,2025-05-27
4599,Aradhana Mane,customer4599@example.com,9183187277,Hyderabad,2025-05-28
4600,Wridesh Kashyap,customer4600@example.com,8632588806,Bengaluru,2026-04-27
4601,Amara Pandya,customer4601@example.com,9842735175,Lucknow,2023-11-02
4602,Max Bajaj,customer4602@example.com,7462286590,Indore,2025-01-31
4603,Thomas Garg,customer4603@example.com,7540313437,Jaipur,2023-05-22
4604,Samar Badal,customer4604@example.com,6287696189,Mumbai,2025-12-24
4605,Gavin Madan,customer4605@example.com,7347656747,Nashik,2026-06-18
4606,Jeet Chandran,customer4606@example.com,7683901802,Chennai,2026-05-03
4607,Niharika Kant,customer4607@example.com,8240981703,Surat,2024-09-28
4608,Tripti Gandhi,customer4608@example.com,7676801069,Nagpur,2025-09-15
4609,Thomas Mammen,customer4609@example.com,7284948695,Nashik,2023-12-03
4610,Aarush Khare,customer4610@example.com,9549115385,Chandigarh,2025-02-11
4611,Radhika Raju,customer4611@example.com,6810888932,Chandigarh,2026-06-03
4612,Tanay Kata,customer4612@example.com,6187386857,Lucknow,2023-11-24
4613,Finn Rege,customer4613@example.com,8883521373,Pune,2025-11-12
4614,Saanvi Doctor,customer4614@example.com,9789590556,Pune,2026-06-22
4615,Lajita Bajaj,customer4615@example.com,6277959718,Pune,2024-06-04
4616,Samesh Swamy,customer4616@example.com,6366180743,Lucknow,2024-10-08
4617,Hema Nagy,customer4617@example.com,7876420177,Chennai,2023-04-06
4618,Xalak Tripathi,customer4618@example.com,6769659919,Jaipur,2026-04-15
4619,Riya Jha,customer4619@example.com,9587042091,Nagpur,2026-03-07
4620,Maanas Brahmbhatt,customer4620@example.com,8990345844,Ahmedabad,2026-02-20
4621,Om Raval,customer4621@example.com,9501519335,Bhopal,2026-02-23
4622,Tejas Murthy,customer4622@example.com,7215117648,Jaipur,2023-02-20
4623,Nidhi Mahal,customer4623@example.com,8915273870,Indore,2025-01-13
4624,Bina Kashyap,customer4624@example.com,7207482006,Chandigarh,2023-11-22
4625,Upasna Bajwa,customer4625@example.com,6676360888,Bhopal,2023-11-29
4626,Dhruv Sethi,customer4626@example.com,8543044774,Hyderabad,2023-05-06
4627,Lopa Pai,customer4627@example.com,9956089452,Lucknow,2023-05-21
4628,Lakshmi Bahri,customer4628@example.com,6608804749,Kolkata,2023-04-20
4629,Rajata Sehgal,customer4629@example.com,8161019334,Nagpur,2024-12-13
4630,Gaurav Sarkar,customer4630@example.com,6443263736,Lucknow,2025-03-06
4631,Ijaya Karnik,customer4631@example.com,6726355153,Bengaluru,2025-11-06
4632,Jeevika Lad,customer4632@example.com,6678582120,Hyderabad,2025-06-17
4633,Nakul Ganguly,customer4633@example.com,8682174209,Ahmedabad,2025-11-13
4634,Zansi Wali,customer4634@example.com,7201617488,Surat,2025-05-03
4635,Balhaar Raj,customer4635@example.com,6656487742,Jaipur,2024-12-09
4636,Chanakya Karnik,customer4636@example.com,8473399491,Nashik,2025-03-30
4637,Nathan Chanda,customer4637@example.com,8702755343,Jaipur,2023-10-26
4638,Zashil Buch,customer4638@example.com,7602086514,Hyderabad,2024-06-18
4639,Sneha Dixit,customer4639@example.com,9405702033,Chandigarh,2025-08-18
4640,Lucky Sarin,customer4640@example.com,6273076361,Surat,2025-09-10
4641,Quincy Karnik,customer4641@example.com,7854989783,Surat,2023-10-20
4642,Devika Ganesan,customer4642@example.com,8105327826,Lucknow,2024-09-19
4643,Vincent Chanda,customer4643@example.com,9486948199,Pune,2025-05-04
4644,Patrick Mani,customer4644@example.com,9287198887,Indore,2023-06-16
4645,Pallavi Ganesh,customer4645@example.com,9420472184,Bengaluru,2024-07-15
4646,Anay Hayre,customer4646@example.com,6222957749,Chandigarh,2024-10-13
4647,Ekalinga Chaudhuri,customer4647@example.com,7666299987,Bengaluru,2024-07-14
4648,Praneel Walla,customer4648@example.com,6879518928,Jaipur,2023-11-08
4649,Turvi Pillay,customer4649@example.com,7829229620,Pune,2023-06-26
4650,Michael Walla,customer4650@example.com,8788475107,Kolkata,2023-04-29
4651,Yatan Anand,customer4651@example.com,8143832825,Nashik,2025-08-30
4652,Onveer Magar,customer4652@example.com,9686992130,Pune,2023-07-14
4653,Xiti Thaman,customer4653@example.com,6732736623,Bhopal,2024-11-26
4654,Meera Deshmukh,customer4654@example.com,9722155908,Kolkata,2023-02-21
4655,Chanakya Singh,customer4655@example.com,7708990780,Mumbai,2025-09-20
4656,Kevin Khurana,customer4656@example.com,8503101434,Hyderabad,2023-01-16
4657,Arya Shere,customer4657@example.com,8972473407,Chandigarh,2023-10-30
4658,Suhani Gill,customer4658@example.com,9109367922,Jaipur,2024-07-15
4659,Yuvraj Edwin,customer4659@example.com,6887923533,Hyderabad,2026-04-20
4660,Ekalinga Purohit,customer4660@example.com,9496669406,Jaipur,2023-08-19
4661,Aadi Mani,customer4661@example.com,9424163861,Delhi,2026-05-17
4662,Vrishti Rana,customer4662@example.com,7283984875,Nagpur,2023-02-22
4663,Unnati Venkatesh,customer4663@example.com,8383904157,Kochi,2024-04-08
4664,Nidhi Krishnamurthy,customer4664@example.com,6811072788,Ahmedabad,2023-01-19
4665,Ojas Thakur,customer4665@example.com,6956161063,Kolkata,2025-01-30
4666,Jonathan Bansal,customer4666@example.com,7246868343,Nagpur,2024-12-23
4667,Ethan Pillai,customer4667@example.com,9922166670,Bengaluru,2023-04-07
4668,Jack Sachar,customer4668@example.com,7904710619,Bhopal,2025-03-04
4669,Keya Mistry,customer4669@example.com,8974466995,Indore,2025-04-18
4670,Arjun Murty,customer4670@example.com,7418070199,Jaipur,2024-09-30
4671,Rushil Babu,customer4671@example.com,6725963359,Indore,2025-06-10
4672,Radhika Din,customer4672@example.com,9260562377,Chandigarh,2025-07-14
4673,Logan Mittal,customer4673@example.com,6826941463,Surat,2024-06-13
4674,Yash Dhar,customer4674@example.com,9397009211,Indore,2023-12-24
4675,Utkarsh Sarna,customer4675@example.com,6980870954,Bengaluru,2024-04-21
4676,Vidhi Rastogi,customer4676@example.com,9353090849,Ahmedabad,2023-11-07
4677,Udyati Prabhu,customer4677@example.com,6128148419,Chandigarh,2025-11-23
4678,Ubika De,customer4678@example.com,9928093273,Lucknow,2026-03-27
4679,Charan Korpal,customer4679@example.com,9608198030,Pune,2023-11-23
4680,Harrison Merchant,customer4680@example.com,9416608723,Kochi,2024-08-31
4681,Chatresh Palla,customer4681@example.com,9481747445,Surat,2023-11-13
4682,Libni Sant,customer4682@example.com,8250782471,Hyderabad,2023-08-27
4683,Chaitaly Pant,customer4683@example.com,7993006037,Lucknow,2023-10-04
4684,Banjeet Srinivas,customer4684@example.com,8645689557,Chandigarh,2024-08-28
4685,Indira Narula,customer4685@example.com,7476908097,Lucknow,2024-10-30
4686,Dayita Toor,customer4686@example.com,7798621073,Delhi,2024-04-05
4687,Advay Chaudhuri,customer4687@example.com,6905660468,Bengaluru,2023-02-23
4688,Anamika Bhasin,customer4688@example.com,8963646990,Bengaluru,2024-02-04
4689,Yashodhara Kamdar,customer4689@example.com,9508240366,Mumbai,2024-07-29
4690,Arjun Sen,customer4690@example.com,6149633476,Mumbai,2026-03-13
4691,Gaurika Sharma,customer4691@example.com,7824795046,Hyderabad,2024-01-17
4692,Eta Mane,customer4692@example.com,8845133076,Bengaluru,2023-06-13
4693,Charan Varughese,customer4693@example.com,9454605166,Chennai,2025-04-10
4694,Raksha Sura,customer4694@example.com,7847100619,Chennai,2025-08-06
4695,Yoshita Bansal,customer4695@example.com,9752200823,Indore,2026-01-06
4696,Mitesh Purohit,customer4696@example.com,6780276676,Ahmedabad,2025-02-21
4697,Ria Loke,customer4697@example.com,8583427906,Chennai,2025-08-22
4698,Lucky Hegde,customer4698@example.com,8497078649,Mumbai,2023-08-17
4699,Leena Majumdar,customer4699@example.com,8124100496,Mumbai,2023-05-29
4700,Thomas Barman,customer4700@example.com,9514640765,Ahmedabad,2026-05-29
4701,Chavvi Arora,customer4701@example.com,6576618764,Indore,2025-06-27
4702,Robert Sahota,customer4702@example.com,7139076502,Bhopal,2025-07-22
4703,Omisha Doshi,customer4703@example.com,9146392800,Nashik,2026-01-14
4704,Aadhya Kade,customer4704@example.com,9383688138,Jaipur,2023-03-17
4705,Dominic Gade,customer4705@example.com,9550019552,Kolkata,2026-06-06
4706,Alka Subramanian,customer4706@example.com,8443525735,Mumbai,2024-04-17
4707,Theodore Sidhu,customer4707@example.com,6738356525,Nashik,2024-06-23
4708,Wakeeta Comar,customer4708@example.com,6748039642,Chennai,2023-01-01
4709,Tripti Oommen,customer4709@example.com,9299439561,Nagpur,2023-10-18
4710,Upasna Kuruvilla,customer4710@example.com,9760034046,Pune,2024-07-19
4711,Eta Vyas,customer4711@example.com,9369151756,Surat,2025-07-12
4712,Zinal Mallick,customer4712@example.com,7897061034,Bengaluru,2023-12-22
4713,Upkaar Bains,customer4713@example.com,9133776706,Lucknow,2024-08-21
4714,Vasudha Magar,customer4714@example.com,6184340144,Mumbai,2025-05-08
4715,Yashodhara Mital,customer4715@example.com,8165827525,Bengaluru,2026-02-12
4716,Nidhi Behl,customer4716@example.com,9238001015,Bhopal,2024-01-15
4717,Aarini Chhabra,customer4717@example.com,8680252400,Kochi,2025-11-13
4718,Udant Kanda,customer4718@example.com,6950300653,Mumbai,2024-06-18
4719,Ucchal Dua,customer4719@example.com,7199379857,Mumbai,2024-07-21
4720,Yashasvi Patil,customer4720@example.com,6332806638,Ahmedabad,2024-03-11
4721,Mugdha Saini,customer4721@example.com,9599518186,Bengaluru,2025-12-01
4722,Chandani Bumb,customer4722@example.com,8825217475,Delhi,2023-05-19
4723,Nicholas Srivastava,customer4723@example.com,6346163066,Kolkata,2026-01-02
4724,Dipta Bhandari,customer4724@example.com,6338223334,Ahmedabad,2026-01-30
4725,Nidra Sankaran,customer4725@example.com,8248861697,Jaipur,2023-06-10
4726,Oeshi Solanki,customer4726@example.com,8781173264,Nashik,2023-11-07
4727,Gauri Prabhakar,customer4727@example.com,7912927266,Delhi,2025-07-26
4728,Darika Keer,customer4728@example.com,7939259904,Kolkata,2024-12-29
4729,Vyanjana Randhawa,customer4729@example.com,8659565667,Chennai,2024-01-10
4730,Nidra Sani,customer4730@example.com,8840288775,Lucknow,2025-01-24
4731,Bhavini Kohli,customer4731@example.com,9833234754,Nashik,2023-03-09
4732,Gayathri Dutta,customer4732@example.com,6155222713,Pune,2026-05-07
4733,Krisha Butala,customer4733@example.com,8588162182,Chennai,2023-01-01
4734,Fitan Butala,customer4734@example.com,6605691593,Surat,2026-05-05
4735,Mason Zachariah,customer4735@example.com,6938212064,Kochi,2024-08-07
4736,Waida Chanda,customer4736@example.com,9432064052,Bengaluru,2024-03-30
4737,Charan Agate,customer4737@example.com,7880775862,Chandigarh,2024-07-09
4738,Peter Bali,customer4738@example.com,8285642019,Lucknow,2024-10-11
4739,Bishakha Peri,customer4739@example.com,6713941668,Chandigarh,2025-11-23
4740,Gagan Baria,customer4740@example.com,9611775599,Ahmedabad,2024-07-06
4741,Dayita Narayanan,customer4741@example.com,9640473059,Bengaluru,2025-05-01
4742,Balvan Butala,customer4742@example.com,7400234094,Delhi,2025-08-23
4743,Aadi Handa,customer4743@example.com,7989068149,Delhi,2023-01-18
4744,Mahika Swaminathan,customer4744@example.com,8329712927,Bhopal,2025-03-04
4745,Amara Manne,customer4745@example.com,9503161286,Hyderabad,2025-06-26
4746,Bhavani Devi,customer4746@example.com,6800599842,Surat,2026-06-08
4747,Turvi Lad,customer4747@example.com,7670396034,Surat,2023-01-26
4748,Yutika Char,customer4748@example.com,6731660421,Bengaluru,2024-03-25
4749,Udarsh Mander,customer4749@example.com,7758594626,Chennai,2024-10-12
4750,Maya Nigam,customer4750@example.com,7837023260,Lucknow,2025-05-25
4751,Urvashi Sethi,customer4751@example.com,7571002569,Hyderabad,2024-07-25
4752,Yashodhara Mohan,customer4752@example.com,7857335252,Jaipur,2025-06-03
4753,Nandini Sahota,customer4753@example.com,7579475914,Nagpur,2023-11-29
4754,Dayamai Narain,customer4754@example.com,7921597951,Lucknow,2023-02-27
4755,Wridesh Shenoy,customer4755@example.com,9702787233,Kochi,2026-05-31
4756,Mohammed Bansal,customer4756@example.com,8496776647,Kolkata,2024-06-30
4757,Daniel Dalal,customer4757@example.com,9734230701,Mumbai,2026-03-29
4758,Hritik Sen,customer4758@example.com,9582094834,Pune,2024-02-02
4759,Manthan Borah,customer4759@example.com,6796697909,Kolkata,2023-04-16
4760,Gaurangi Nagarajan,customer4760@example.com,7889175309,Nashik,2023-04-21
4761,Vasatika Saran,customer4761@example.com,6614898158,Pune,2025-02-08
4762,Jason Mittal,customer4762@example.com,8909263495,Chandigarh,2025-04-25
4763,Urvashi Bandi,customer4763@example.com,6251119883,Kochi,2026-04-22
4764,Naksh Raman,customer4764@example.com,7515062184,Hyderabad,2026-04-04
4765,Hemani Bhatti,customer4765@example.com,6630293500,Nagpur,2025-04-26
4766,Azad Krishnan,customer4766@example.com,6875477166,Indore,2024-05-13
4767,Rachit Tank,customer4767@example.com,6531527648,Mumbai,2026-03-11
4768,Mitali Naik,customer4768@example.com,8380074173,Surat,2025-12-12
4769,Kiaan Narain,customer4769@example.com,9639941420,Surat,2023-05-16
4770,Divya Gour,customer4770@example.com,6104397458,Delhi,2023-01-18
4771,Nitesh Krishna,customer4771@example.com,8451945265,Bengaluru,2023-07-24
4772,Girik Sur,customer4772@example.com,9337173286,Bengaluru,2026-04-04
4773,Manbir Basak,customer4773@example.com,7464621497,Kolkata,2025-04-10
4774,Wriddhish Varghese,customer4774@example.com,6201783790,Chandigarh,2023-07-27
4775,Arunima Jain,customer4775@example.com,9206187026,Surat,2025-03-14
4776,Omisha Barad,customer4776@example.com,6845247809,Jaipur,2025-08-11
4777,Jalsa Oza,customer4777@example.com,6322403006,Kolkata,2023-09-12
4778,Geetika Agate,customer4778@example.com,7414604654,Nashik,2024-01-22
4779,Vasudha Thaker,customer4779@example.com,9555544406,Surat,2026-03-27
4780,Siddharth Divan,customer4780@example.com,9141171637,Ahmedabad,2026-02-15
4781,Yashasvi Mahal,customer4781@example.com,8924528542,Kolkata,2025-12-27
4782,Ronith Saran,customer4782@example.com,6595321448,Bengaluru,2025-03-07
4783,Suhani Mannan,customer4783@example.com,6480186456,Delhi,2024-08-07
4784,Chaitanya Mane,customer4784@example.com,6349757180,Nashik,2025-10-20
4785,Andrew Reddy,customer4785@example.com,9999285967,Lucknow,2024-10-27
4786,Urvi Sahni,customer4786@example.com,7772326937,Bengaluru,2023-01-31
4787,Vihaan Murty,customer4787@example.com,7769498056,Indore,2025-02-26
4788,Shivani Lanka,customer4788@example.com,8125519639,Jaipur,2025-04-26
4789,Balvan Karnik,customer4789@example.com,7159365903,Lucknow,2023-05-20
4790,Megha Lanka,customer4790@example.com,8613953631,Delhi,2024-06-24
4791,Veer Baria,customer4791@example.com,9992552825,Ahmedabad,2025-12-12
4792,Shivani Khare,customer4792@example.com,6433538536,Nagpur,2024-04-27
4793,Aarnav Sani,customer4793@example.com,9174500164,Bhopal,2025-12-29
4794,Faqid Mahal,customer4794@example.com,8287003873,Surat,2023-02-22
4795,Amol Thaker,customer4795@example.com,8912769342,Lucknow,2024-06-10
4796,Charan Taneja,customer4796@example.com,6583026026,Chandigarh,2023-09-18
4797,Bhavna D’Alia,customer4797@example.com,8173077669,Chandigarh,2023-06-29
4798,Lopa Narasimhan,customer4798@example.com,6575103836,Surat,2024-12-27
4799,Sai Atwal,customer4799@example.com,7833299041,Lucknow,2023-06-30
4800,Fariq Narasimhan,customer4800@example.com,8897802929,Bhopal,2026-05-27
4801,Varsha Bail,customer4801@example.com,9825641774,Delhi,2025-06-23
4802,Kai Kuruvilla,customer4802@example.com,7900911695,Hyderabad,2023-01-05
4803,Brinda Kurian,customer4803@example.com,6884248733,Indore,2023-03-04
4804,Neel Sandhu,customer4804@example.com,9293953245,Nashik,2025-05-03
4805,Nihal Pathak,customer4805@example.com,7726744851,Chennai,2023-10-02
4806,Bhavya More,customer4806@example.com,8109925557,Bhopal,2024-04-27
4807,Faraj Dugal,customer4807@example.com,6774674843,Chennai,2023-04-08
4808,Aarush Khatri,customer4808@example.com,8862240456,Bengaluru,2025-12-09
4809,Anamika Gola,customer4809@example.com,8638011100,Pune,2024-06-05
4810,Siya Nazareth,customer4810@example.com,8270283808,Nashik,2026-02-04
4811,Xiti Warrior,customer4811@example.com,6942440320,Lucknow,2023-07-05
4812,Yasti Das,customer4812@example.com,9523079168,Jaipur,2025-04-09
4813,Arunima Chacko,customer4813@example.com,6921998514,Bengaluru,2024-03-13
4814,George Pandit,customer4814@example.com,9923541539,Bhopal,2026-05-10
4815,Lipika Gulati,customer4815@example.com,6639004828,Lucknow,2025-03-07
4816,Andrew Chadha,customer4816@example.com,8393910479,Bhopal,2024-09-14
4817,Nicholas Dhingra,customer4817@example.com,6666324160,Bengaluru,2024-02-04
4818,Naveen Vig,customer4818@example.com,9544966876,Hyderabad,2025-09-27
4819,Varenya Panchal,customer4819@example.com,7531054895,Pune,2023-08-28
4820,Harini Ramachandran,customer4820@example.com,9924479138,Mumbai,2026-05-16
4821,Hemang Vala,customer4821@example.com,7835653328,Nashik,2026-02-08
4822,Simon Ganesh,customer4822@example.com,9192940210,Kochi,2023-05-12
4823,Veda Bhavsar,customer4823@example.com,7131377303,Mumbai,2024-08-23
4824,Warda Shankar,customer4824@example.com,6614050825,Kolkata,2026-01-03
4825,Ekanta Pillay,customer4825@example.com,7185962459,Kochi,2023-08-11
4826,Benjamin Bansal,customer4826@example.com,6493858699,Chennai,2024-01-26
4827,Raghav Aggarwal,customer4827@example.com,6904284368,Pune,2024-11-11
4828,Anay Pradhan,customer4828@example.com,8955528264,Mumbai,2025-08-06
4829,Ojasvi Amble,customer4829@example.com,7166706568,Pune,2023-01-06
4830,Ubika Chada,customer4830@example.com,6429010027,Bhopal,2025-06-30
4831,Gopal Verma,customer4831@example.com,7717029669,Ahmedabad,2026-04-21
4832,Laban Solanki,customer4832@example.com,8709392105,Bengaluru,2024-04-15
4833,Harini Dar,customer4833@example.com,8817575878,Bhopal,2026-03-11
4834,Edhitha Korpal,customer4834@example.com,8152129984,Pune,2023-02-11
4835,Pavani Memon,customer4835@example.com,7822378155,Surat,2025-11-27
4836,Hredhaan Bhakta,customer4836@example.com,7519562592,Chennai,2024-10-25
4837,Laksh Kuruvilla,customer4837@example.com,6396762221,Nagpur,2023-04-18
4838,Michael Mand,customer4838@example.com,6409003006,Bengaluru,2023-12-01
4839,Nisha Borde,customer4839@example.com,6579563809,Lucknow,2023-09-16
4840,Falan Tara,customer4840@example.com,7238926770,Hyderabad,2023-11-22
4841,Charita Ray,customer4841@example.com,9229333085,Ahmedabad,2025-01-08
4842,Atharv Mane,customer4842@example.com,9770568120,Bhopal,2025-04-26
4843,Qasim Chander,customer4843@example.com,7443416642,Hyderabad,2024-10-11
4844,Harish Patil,customer4844@example.com,9840665823,Mumbai,2023-08-21
4845,Girish Lalla,customer4845@example.com,8755079301,Jaipur,2025-09-02
4846,Eesha Dasgupta,customer4846@example.com,8107492427,Kochi,2024-01-14
4847,Simon Brar,customer4847@example.com,6666461844,Chandigarh,2023-12-26
4848,Chandran Malhotra,customer4848@example.com,9397719964,Kochi,2023-02-02
4849,Fariq Mishra,customer4849@example.com,7327618577,Ahmedabad,2024-07-18
4850,Harish Raval,customer4850@example.com,8594138813,Surat,2026-04-13
4851,Devika Salvi,customer4851@example.com,6892202645,Jaipur,2023-03-15
4852,Gauri Luthra,customer4852@example.com,6507121482,Delhi,2023-06-04
4853,Laksh Biswas,customer4853@example.com,8882895862,Nagpur,2023-06-23
4854,Aayush Chhabra,customer4854@example.com,7551960974,Mumbai,2025-10-16
4855,Brijesh Singh,customer4855@example.com,8556260853,Chennai,2025-06-25
4856,Nidra Chhabra,customer4856@example.com,7189115741,Bhopal,2023-07-21
4857,Nathan Kota,customer4857@example.com,8286917774,Delhi,2025-10-28
4858,Gaurika Ganguly,customer4858@example.com,7528951663,Nagpur,2025-10-26
4859,Hemang Badal,customer4859@example.com,8642730736,Chennai,2023-05-26
4860,Tejas Date,customer4860@example.com,9611743883,Kolkata,2024-04-05
4861,Yashodhara Khare,customer4861@example.com,9396063703,Indore,2023-08-14
4862,Abdul Virk,customer4862@example.com,7252247087,Bengaluru,2026-03-01
4863,Raghav Tailor,customer4863@example.com,6659624421,Kochi,2025-06-28
4864,Daniel Sani,customer4864@example.com,6604715540,Surat,2025-09-09
4865,Lipika Hans,customer4865@example.com,9283813370,Chandigarh,2024-12-21
4866,Hemangini Deshpande,customer4866@example.com,6582347315,Chandigarh,2024-11-21
4867,Nisha Mani,customer4867@example.com,7161295595,Lucknow,2023-06-23
4868,Zaid Dash,customer4868@example.com,9248149886,Surat,2024-11-08
4869,Aadhya Tank,customer4869@example.com,7148193363,Delhi,2023-12-15
4870,Ishwar Ravi,customer4870@example.com,9412957113,Nagpur,2023-07-13
4871,Zehaan Dave,customer4871@example.com,7719916710,Mumbai,2025-06-04
4872,Jagdish Kothari,customer4872@example.com,9193659480,Jaipur,2025-10-03
4873,Banjeet Kashyap,customer4873@example.com,6306020099,Nagpur,2025-01-04
4874,Chakradhar Bora,customer4874@example.com,6645616999,Ahmedabad,2025-02-26
4875,Kiaan Kamdar,customer4875@example.com,8269255864,Indore,2023-09-04
4876,Isaiah Agate,customer4876@example.com,9736767926,Surat,2025-03-25
4877,Indrajit Atwal,customer4877@example.com,6786892815,Mumbai,2025-05-12
4878,Hredhaan Om,customer4878@example.com,9372210548,Hyderabad,2024-01-10
4879,Sanya Dhawan,customer4879@example.com,7891049072,Nagpur,2024-07-09
4880,Jatin Pillay,customer4880@example.com,9690471643,Chennai,2023-08-14
4881,Nirja Radhakrishnan,customer4881@example.com,9555410225,Jaipur,2024-06-08
4882,Sachi Jaggi,customer4882@example.com,9379490665,Pune,2026-06-26
4883,Samuel Ramachandran,customer4883@example.com,9431879543,Jaipur,2023-07-10
4884,Raghav Kibe,customer4884@example.com,8273202562,Ahmedabad,2025-04-10
4885,Vrinda Mahal,customer4885@example.com,6562469598,Surat,2024-04-01
4886,Chandran Krishnan,customer4886@example.com,7701459830,Indore,2023-02-21
4887,Rachita Sheth,customer4887@example.com,6856156140,Surat,2026-06-16
4888,Darsh Bhasin,customer4888@example.com,7684333917,Delhi,2023-02-26
4889,Bimala Jani,customer4889@example.com,7654649136,Ahmedabad,2024-01-04
4890,Indrajit Mani,customer4890@example.com,6602646901,Nashik,2025-11-12
4891,Bhanumati Mammen,customer4891@example.com,6249133579,Bhopal,2025-12-14
4892,Pooja Atwal,customer4892@example.com,9344589575,Chennai,2023-04-23
4893,Dhruv Sha,customer4893@example.com,9272016508,Bhopal,2024-12-14
4894,Chavvi Kapur,customer4894@example.com,6385057768,Nashik,2025-12-09
4895,Sai Majumdar,customer4895@example.com,8363485748,Ahmedabad,2024-11-30
4896,Madhavi Madan,customer4896@example.com,8272036240,Lucknow,2025-04-29
4897,Varsha Kannan,customer4897@example.com,8162505045,Bhopal,2025-01-09
4898,Kiaan Badal,customer4898@example.com,9266534063,Kolkata,2023-02-16
4899,Vedika Rajagopalan,customer4899@example.com,8158031233,Hyderabad,2026-05-09
4900,Yashodhara Dhillon,customer4900@example.com,9830000646,Hyderabad,2025-03-14
4901,Amrita Prabhakar,customer4901@example.com,7947459495,Nagpur,2024-09-23
4902,Hardik Magar,customer4902@example.com,9811970902,Lucknow,2024-09-13
4903,Netra Bahri,customer4903@example.com,6935305736,Mumbai,2025-03-13
4904,Hredhaan Khurana,customer4904@example.com,9352180711,Pune,2025-11-11
4905,Zayyan Konda,customer4905@example.com,8344117900,Chennai,2023-07-05
4906,Watika Wadhwa,customer4906@example.com,9335093899,Mumbai,2026-05-10
4907,Manthan Bahri,customer4907@example.com,9830148022,Kochi,2024-07-08
4908,Oni Om,customer4908@example.com,6216929412,Indore,2024-01-26
4909,Vasana Hari,customer4909@example.com,7868087480,Kolkata,2024-04-26
4910,Ikbal Mohan,customer4910@example.com,7164348931,Lucknow,2024-07-19
4911,Zayan Magar,customer4911@example.com,6632177567,Lucknow,2026-05-03
4912,Neelima Parikh,customer4912@example.com,9651197220,Bhopal,2026-03-20
4913,Lajita Sodhi,customer4913@example.com,6817147297,Delhi,2025-10-23
4914,Yash Nair,customer4914@example.com,9787936264,Mumbai,2023-12-10
4915,Gayathri Parikh,customer4915@example.com,9105614810,Lucknow,2025-07-12
4916,Wridesh Walia,customer4916@example.com,6736756421,Nagpur,2024-10-19
4917,Waida Kari,customer4917@example.com,7318668120,Hyderabad,2024-11-03
4918,Amol Bose,customer4918@example.com,6992872404,Bengaluru,2023-11-29
4919,Laksh Kashyap,customer4919@example.com,6154713353,Bengaluru,2023-12-20
4920,Caleb Jayaraman,customer4920@example.com,8659973261,Pune,2025-12-03
4921,Nitara Warrior,customer4921@example.com,6594898344,Bhopal,2025-01-30
4922,Harshil Sastry,customer4922@example.com,8656312555,Chandigarh,2024-10-03
4923,Timothy Kala,customer4923@example.com,9773078810,Pune,2024-05-27
4924,Kamala Chatterjee,customer4924@example.com,8504411369,Nagpur,2026-06-27
4925,Aahana Apte,customer4925@example.com,9162668031,Surat,2024-04-08
4926,Jai Mand,customer4926@example.com,9660585137,Ahmedabad,2025-05-31
4927,Shaurya Chander,customer4927@example.com,9373066900,Kolkata,2023-06-22
4928,Warjas Dani,customer4928@example.com,6622425925,Chennai,2024-03-14
4929,Zashil Yadav,customer4929@example.com,8981255770,Indore,2024-07-14
4930,Chaitanya Soni,customer4930@example.com,7895820210,Nagpur,2024-03-30
4931,Oliver Ahuja,customer4931@example.com,7338384049,Bengaluru,2023-02-26
4932,Tarak Sabharwal,customer4932@example.com,6417566099,Delhi,2024-05-15
4933,Harish Chakrabarti,customer4933@example.com,8674569819,Surat,2024-12-15
4934,Arunima Acharya,customer4934@example.com,9665029827,Surat,2025-12-15
4935,Ikshita Parikh,customer4935@example.com,8864495652,Hyderabad,2026-04-23
4936,Nitesh Bala,customer4936@example.com,8211917787,Lucknow,2025-10-09
4937,Ansh Maharaj,customer4937@example.com,7811089874,Indore,2026-06-05
4938,Orinder Dugar,customer4938@example.com,8741484278,Mumbai,2025-03-20
4939,Chakradev Gola,customer4939@example.com,9732816040,Chandigarh,2025-03-06
4940,Shaurya Hora,customer4940@example.com,8432028530,Kochi,2024-11-30
4941,Chakrika Sharma,customer4941@example.com,8193495860,Chennai,2025-11-28
4942,Shivani Kara,customer4942@example.com,6180560576,Delhi,2025-08-29
4943,Azad Dalal,customer4943@example.com,8955715370,Kolkata,2023-09-21
4944,Jeevika Mistry,customer4944@example.com,8280544968,Lucknow,2025-04-29
4945,Mitesh Bhatnagar,customer4945@example.com,9575466624,Bengaluru,2025-06-19
4946,Urvi Radhakrishnan,customer4946@example.com,6570835714,Surat,2025-05-11
4947,Onveer Prasad,customer4947@example.com,9652722193,Ahmedabad,2025-02-28
4948,Parth Salvi,customer4948@example.com,7625237456,Chandigarh,2023-03-25
4949,Frado Dugar,customer4949@example.com,8897454569,Kolkata,2024-06-05
4950,Elijah Dube,customer4950@example.com,7747566781,Jaipur,2023-09-01
4951,Ikbal Saran,customer4951@example.com,6634508132,Jaipur,2025-04-28
4952,Ojas Lata,customer4952@example.com,9472128920,Nashik,2025-03-17
4953,Sneha Dugar,customer4953@example.com,7403502708,Pune,2023-04-20
4954,Saumya Sandal,customer4954@example.com,9140695378,Chandigarh,2026-03-21
4955,Sai Mallick,customer4955@example.com,7149167007,Nashik,2025-08-12
4956,Abha Kala,customer4956@example.com,8788798786,Surat,2023-06-25
4957,Rohan Ravi,customer4957@example.com,9760243490,Jaipur,2025-08-09
4958,Keya Wason,customer4958@example.com,8182605857,Kochi,2024-05-19
4959,Gavin D’Alia,customer4959@example.com,7251456266,Chennai,2026-01-04
4960,Chatura Karpe,customer4960@example.com,9623294993,Chandigarh,2025-05-29
4961,Varenya Rana,customer4961@example.com,6309096122,Jaipur,2023-02-23
4962,Chatresh Vasa,customer4962@example.com,9783226336,Pune,2025-06-01
4963,Vincent Date,customer4963@example.com,7909241745,Chandigarh,2024-07-23
4964,Chandresh Trivedi,customer4964@example.com,7290247442,Mumbai,2025-02-09
4965,Wyatt Yohannan,customer4965@example.com,6929629000,Ahmedabad,2025-06-09
4966,Harinakshi Vohra,customer4966@example.com,9101330295,Lucknow,2025-03-25
4967,Aashi Lal,customer4967@example.com,7837116691,Kochi,2026-03-05
4968,Laban Gokhale,customer4968@example.com,7897691178,Nagpur,2026-05-16
4969,Prisha Swaminathan,customer4969@example.com,8559923050,Lucknow,2026-01-22
4970,Logan Kannan,customer4970@example.com,8123457875,Kolkata,2024-09-08
4971,Zarna Divan,customer4971@example.com,8307959341,Delhi,2023-07-28
4972,Ekbal Sami,customer4972@example.com,7889889417,Bengaluru,2026-06-09
4973,Ekanta Sharma,customer4973@example.com,9672740918,Lucknow,2024-02-22
4974,Anya Nazareth,customer4974@example.com,6530744177,Nagpur,2025-05-08
4975,Bachittar Apte,customer4975@example.com,7267466796,Hyderabad,2026-01-07
4976,Arjun Balasubramanian,customer4976@example.com,6523832926,Pune,2024-07-15
4977,Ekantika Gala,customer4977@example.com,7271805405,Lucknow,2023-03-03
4978,Fitan Gupta,customer4978@example.com,8581506974,Ahmedabad,2026-02-08
4979,Guneet Sarna,customer4979@example.com,9854288866,Jaipur,2026-03-26
4980,Dakshesh Bal,customer4980@example.com,9470510256,Bhopal,2023-07-05
4981,Ira Munshi,customer4981@example.com,9606690378,Chandigarh,2024-07-22
4982,Ishwar Thaman,customer4982@example.com,8784948973,Delhi,2024-01-27
4983,Brinda Lal,customer4983@example.com,8602689330,Bengaluru,2024-02-24
4984,Frederick Divan,customer4984@example.com,8559607349,Chandigarh,2024-09-29
4985,Bhavna Swaminathan,customer4985@example.com,9815607952,Nagpur,2023-01-17
4986,Matthew Gill,customer4986@example.com,8952191117,Chennai,2023-12-06
4987,Yachana Basak,customer4987@example.com,7318037124,Indore,2025-10-31
4988,Ladli Singh,customer4988@example.com,7734389118,Bhopal,2024-10-01
4989,Yashica Saran,customer4989@example.com,8816500601,Jaipur,2025-11-13
4990,Atharv Basu,customer4990@example.com,8242577813,Chandigarh,2023-12-22
4991,Aarnav Lal,customer4991@example.com,9648824545,Chandigarh,2023-02-19
4992,Krishna Pai,customer4992@example.com,9900957083,Bhopal,2024-03-30
4993,Gaurang Pathak,customer4993@example.com,7126229730,Chandigarh,2023-11-23
4994,Mason Ravel,customer4994@example.com,7995710174,Ahmedabad,2023-03-22
4995,Jason Keer,customer4995@example.com,9598273722,Delhi,2023-07-04
4996,Manthan Luthra,customer4996@example.com,9611785616,Hyderabad,2023-11-01
4997,Ekanta Pingle,customer4997@example.com,7217556254,Nashik,2023-09-19
4998,Jasmit Mukherjee,customer4998@example.com,9405280190,Indore,2024-12-02
4999,Keya Barman,customer4999@example.com,6329422865,Indore,2023-04-01
5000,Upma Bera,customer5000@example.com,9741147531,Bhopal,2023-10-28
5001,Sarthak Khosla,customer5001@example.com,7666809653,Mumbai,2024-03-08
5002,Triveni Pant,customer5002@example.com,7590588056,Chandigarh,2025-01-15
5003,Qasim Dass,customer5003@example.com,9420585269,Chennai,2024-02-22
5004,Darsh Loyal,customer5004@example.com,9200125818,Hyderabad,2024-08-21
5005,Jason Ramanathan,customer5005@example.com,6134548262,Bengaluru,2024-02-24
5006,Jeet Wadhwa,customer5006@example.com,9584472451,Surat,2025-08-23
5007,Advika Kuruvilla,customer5007@example.com,8325693220,Ahmedabad,2025-04-12
5008,Urvi Tara,customer5008@example.com,6922166988,Kochi,2024-09-14
5009,Zaitra Hari,customer5009@example.com,6413913790,Lucknow,2025-03-25
5010,Raghav Wadhwa,customer5010@example.com,8277743746,Jaipur,2023-10-27
5011,Mugdha Loyal,customer5011@example.com,7223243456,Nashik,2024-09-29
5012,Mohammed Bhatti,customer5012@example.com,7796331649,Surat,2025-12-08
5013,Mugdha Merchant,customer5013@example.com,6762127991,Kolkata,2023-07-13
5014,Damyanti Reddy,customer5014@example.com,7277821394,Bengaluru,2023-10-14
5015,Nathan Bail,customer5015@example.com,6995361559,Hyderabad,2023-09-07
5016,Oni De,customer5016@example.com,7711011250,Jaipur,2023-10-27
5017,Raagini Kala,customer5017@example.com,9502173552,Ahmedabad,2024-12-18
5018,Dayita Krishnamurthy,customer5018@example.com,6634484585,Kolkata,2023-04-18
5019,Turvi Baria,customer5019@example.com,8425421581,Chennai,2026-06-01
5020,Bishakha Ramakrishnan,customer5020@example.com,9801033533,Lucknow,2024-12-10
5021,Isha Prakash,customer5021@example.com,9826100297,Indore,2023-02-23
5022,Brijesh Grover,customer5022@example.com,6652633132,Ahmedabad,2026-03-13
5023,Veer Pillay,customer5023@example.com,8112213648,Kochi,2025-05-01
5024,Rachit Memon,customer5024@example.com,8252516211,Mumbai,2025-05-20
5025,Arin Chad,customer5025@example.com,6905757788,Lucknow,2024-10-30
5026,Krishna Morar,customer5026@example.com,6889702940,Lucknow,2024-04-26
5027,Ati Mannan,customer5027@example.com,8101136045,Kolkata,2025-11-26
5028,Upkaar Chopra,customer5028@example.com,8477846500,Lucknow,2025-03-02
5029,Wyatt Tella,customer5029@example.com,7634469214,Pune,2024-10-06
5030,Anya Narula,customer5030@example.com,8422343835,Jaipur,2023-07-07
5031,Udyati Bhatia,customer5031@example.com,9941062201,Bengaluru,2025-03-04
5032,Baljiwan Mann,customer5032@example.com,9719289041,Kochi,2026-06-30
5033,Bishakha Khare,customer5033@example.com,9988955953,Mumbai,2025-04-18
5034,Tarak Joshi,customer5034@example.com,6462888414,Bengaluru,2023-01-04
5035,Rishi Vora,customer5035@example.com,9410023228,Kolkata,2024-06-18
5036,Divya Das,customer5036@example.com,6274660274,Hyderabad,2024-10-07
5037,Tristan Dhaliwal,customer5037@example.com,6162829118,Chennai,2023-12-22
5038,Gautam Chandra,customer5038@example.com,6763882335,Hyderabad,2023-01-29
5039,Unnati Dasgupta,customer5039@example.com,8440965942,Nagpur,2024-02-13
5040,Rushil Khosla,customer5040@example.com,9264675194,Surat,2026-03-22
5041,Rudra Tailor,customer5041@example.com,7715461721,Bengaluru,2025-11-01
5042,Krish Ravel,customer5042@example.com,6234860352,Jaipur,2024-10-18
5043,Upkaar Baral,customer5043@example.com,6841485907,Jaipur,2026-01-10
5044,Bakhshi Bose,customer5044@example.com,7648030834,Jaipur,2024-03-16
5045,Yashasvi Taneja,customer5045@example.com,8202211599,Chandigarh,2023-01-28
5046,Lopa Chandran,customer5046@example.com,7236221237,Delhi,2023-11-29
5047,Xiti Ray,customer5047@example.com,7205212645,Chennai,2023-04-24
5048,Advaith Goyal,customer5048@example.com,7316539380,Surat,2023-06-15
5049,Avi Balan,customer5049@example.com,6234101498,Indore,2025-07-31
5050,Gaurika Sachdeva,customer5050@example.com,7461509273,Delhi,2025-07-12
5051,Joshua Viswanathan,customer5051@example.com,7446703939,Ahmedabad,2023-11-06
5052,Yash Purohit,customer5052@example.com,8855798401,Surat,2023-04-24
5053,Urmi Tank,customer5053@example.com,6178265771,Indore,2025-07-18
5054,Bhanumati Dar,customer5054@example.com,9361099265,Mumbai,2023-08-03
5055,Aarush Kala,customer5055@example.com,9122387603,Pune,2025-01-21
5056,Jhalak Pal,customer5056@example.com,7149457132,Chandigarh,2024-10-27
5057,Dalbir Bose,customer5057@example.com,6285164103,Nagpur,2024-06-18
5058,Ekavir Dasgupta,customer5058@example.com,9383213973,Hyderabad,2025-06-20
5059,Ikbal Zacharia,customer5059@example.com,7542050448,Kochi,2025-11-21
5060,Upkaar Kashyap,customer5060@example.com,6717360560,Kochi,2023-10-20
5061,Vansha Oza,customer5061@example.com,9449580670,Surat,2025-12-20
5062,Liam Reddy,customer5062@example.com,7193582268,Kolkata,2024-08-20
5063,Onkar Dugar,customer5063@example.com,7132604895,Nagpur,2025-12-06
5064,Yashasvi Divan,customer5064@example.com,6702637560,Delhi,2025-03-01
5065,Wriddhish Seth,customer5065@example.com,8118904752,Kolkata,2025-01-10
5066,Gautami Nazareth,customer5066@example.com,8225815501,Bengaluru,2023-11-19
5067,Faraj Chanda,customer5067@example.com,8362584110,Pune,2026-01-29
5068,Balhaar Menon,customer5068@example.com,9559427677,Nagpur,2025-01-16
5069,Zinal Wason,customer5069@example.com,6292327007,Lucknow,2025-12-05
5070,Brijesh Peri,customer5070@example.com,7260769100,Kochi,2026-02-02
5071,Geetika Khanna,customer5071@example.com,7943427871,Kolkata,2026-06-07
5072,Megha Sangha,customer5072@example.com,9132861829,Ahmedabad,2023-02-27
5073,Chakradhar Venkataraman,customer5073@example.com,8114899842,Chennai,2025-12-26
5074,Jackson Dave,customer5074@example.com,9390031343,Hyderabad,2026-02-09
5075,Andrew Basak,customer5075@example.com,9183605807,Bengaluru,2023-04-22
5076,Christopher Venkatesh,customer5076@example.com,9357167238,Chandigarh,2023-10-17
5077,Jalsa Ramakrishnan,customer5077@example.com,7744328242,Kolkata,2024-08-04
5078,Gaurang Bala,customer5078@example.com,7572281176,Bengaluru,2023-12-15
5079,Mitesh Shah,customer5079@example.com,8839592186,Ahmedabad,2025-05-20
5080,Ekani Kala,customer5080@example.com,7132572301,Bengaluru,2024-06-06
5081,Parth Kamdar,customer5081@example.com,6635751887,Chennai,2024-03-17
5082,Harini Parekh,customer5082@example.com,9490960704,Mumbai,2023-07-29
5083,Qushi Upadhyay,customer5083@example.com,7205075083,Nagpur,2025-10-21
5084,Rajata Chopra,customer5084@example.com,9621592041,Mumbai,2023-02-01
5085,Vedhika Samra,customer5085@example.com,7329246012,Nagpur,2025-11-15
5086,Shivansh Vohra,customer5086@example.com,8893859425,Pune,2024-07-06
5087,Bina Baria,customer5087@example.com,7420920946,Indore,2023-07-17
5088,Wyatt Modi,customer5088@example.com,7618449199,Indore,2023-05-27
5089,Sara Hari,customer5089@example.com,9535479140,Nashik,2025-02-08
5090,Chanchal Khanna,customer5090@example.com,6222270570,Chennai,2024-11-29
5091,Laban Reddy,customer5091@example.com,6636917387,Bengaluru,2025-03-20
5092,Simon Kaur,customer5092@example.com,6129119055,Lucknow,2026-04-25
5093,Jeet Bera,customer5093@example.com,6409163292,Hyderabad,2026-04-29
5094,Kamala Seth,customer5094@example.com,6582766801,Chennai,2025-07-02
5095,Champak Tripathi,customer5095@example.com,8509394334,Nagpur,2023-06-09
5096,Dhruv Mann,customer5096@example.com,7657091547,Nashik,2024-11-26
5097,Qabil Babu,customer5097@example.com,8704047034,Surat,2023-06-04
5098,Aadhya Gandhi,customer5098@example.com,9504815974,Delhi,2026-03-17
5099,Osha Prashad,customer5099@example.com,7281118375,Bhopal,2025-03-22
5100,Tanmayi Chakraborty,customer5100@example.com,6222558492,Kochi,2023-04-29
5101,Maanav Wason,customer5101@example.com,7309070879,Ahmedabad,2025-10-09
5102,Leena Kothari,customer5102@example.com,8735484963,Ahmedabad,2026-03-07
5103,Ganga Chauhan,customer5103@example.com,9767822831,Delhi,2026-06-11
5104,Ansh Tella,customer5104@example.com,6675103932,Bengaluru,2023-11-08
5105,Robert Gill,customer5105@example.com,6302194006,Surat,2023-11-14
5106,Hritik Goyal,customer5106@example.com,8770477026,Kochi,2026-06-17
5107,Chaitaly Dhaliwal,customer5107@example.com,9695831059,Bengaluru,2025-02-06
5108,Netra Bhakta,customer5108@example.com,6989837657,Mumbai,2023-08-21
5109,Arin Solanki,customer5109@example.com,6965486777,Surat,2024-02-12
5110,Mitali Dalal,customer5110@example.com,7341202334,Nashik,2024-01-01
5111,Omisha Balasubramanian,customer5111@example.com,9842270688,Nagpur,2024-05-01
5112,Owen Kalita,customer5112@example.com,6518045332,Pune,2024-09-12
5113,Vedant Venkatesh,customer5113@example.com,7152036558,Delhi,2026-01-24
5114,Eshana Pathak,customer5114@example.com,7251589439,Chennai,2024-01-27
5115,Zinal Devi,customer5115@example.com,7772511889,Nashik,2025-02-15
5116,Bhavani Aggarwal,customer5116@example.com,7983421707,Hyderabad,2024-10-20
5117,Nikita Dalal,customer5117@example.com,8716296346,Bhopal,2023-01-04
5118,Radha Om,customer5118@example.com,7884568268,Hyderabad,2025-12-10
5119,Manan Ravi,customer5119@example.com,9536669427,Lucknow,2024-07-21
5120,Manan Saraf,customer5120@example.com,8156335705,Indore,2025-10-11
5121,Girik Raja,customer5121@example.com,6823418357,Pune,2025-02-17
5122,Hemangini Ray,customer5122@example.com,9316307452,Ahmedabad,2023-11-10
5123,Tarak Aurora,customer5123@example.com,6926600121,Ahmedabad,2023-10-04
5124,Pooja Chaudhari,customer5124@example.com,8423711958,Chennai,2026-05-28
5125,Ranveer Wadhwa,customer5125@example.com,9374094009,Bengaluru,2024-09-15
5126,Gayathri Dara,customer5126@example.com,9555908949,Jaipur,2023-01-17
5127,Rehaan Loke,customer5127@example.com,7230695237,Indore,2024-11-22
5128,Manthan Khosla,customer5128@example.com,9889263908,Jaipur,2023-04-18
5129,Yashodhara Magar,customer5129@example.com,7785212935,Delhi,2024-09-20
5130,Ayushman Gala,customer5130@example.com,6725713727,Bhopal,2025-06-24
5131,Udarsh Agarwal,customer5131@example.com,7881350884,Jaipur,2024-07-08
5132,Yoshita Saraf,customer5132@example.com,9747916545,Jaipur,2025-05-08
5133,Lopa Bhatnagar,customer5133@example.com,6270533888,Mumbai,2023-04-25
5134,Jackson Ram,customer5134@example.com,7162919610,Mumbai,2023-11-27
5135,Falan Bumb,customer5135@example.com,7620665415,Kolkata,2025-02-06
5136,Gaurika Bal,customer5136@example.com,7574000167,Bhopal,2024-09-19
5137,Dominic Prashad,customer5137@example.com,8912968947,Nagpur,2025-10-17
5138,Arya Buch,customer5138@example.com,9706091498,Chennai,2024-07-06
5139,Elijah Nagy,customer5139@example.com,9269511881,Ahmedabad,2024-08-30
5140,Sudiksha Reddy,customer5140@example.com,7966609640,Chennai,2026-04-14
5141,Rohan Savant,customer5141@example.com,6421635536,Chennai,2023-01-05
5142,Maanas Bedi,customer5142@example.com,6972197581,Surat,2023-08-05
5143,Thomas Mammen,customer5143@example.com,7268279643,Delhi,2025-01-07
5144,Anay Tandon,customer5144@example.com,9459861797,Kolkata,2025-10-22
5145,Saanvi Manda,customer5145@example.com,6336589363,Chennai,2024-04-12
5146,Nicholas Bhardwaj,customer5146@example.com,7653831323,Bengaluru,2026-06-29
5147,Logan Rau,customer5147@example.com,7548229134,Nagpur,2026-03-02
5148,Kalpit Devan,customer5148@example.com,6249174564,Mumbai,2024-05-23
5149,Anirudh Chanda,customer5149@example.com,6542094130,Bhopal,2023-12-26
5150,Urvi Rajagopalan,customer5150@example.com,8521773945,Surat,2025-02-03
5151,Naveen Bhavsar,customer5151@example.com,6578782033,Nagpur,2026-04-25
5152,Arin Ranganathan,customer5152@example.com,6420608100,Kolkata,2023-09-03
5153,Ekalinga Hayer,customer5153@example.com,8377270706,Ahmedabad,2024-07-05
5154,Samaksh Setty,customer5154@example.com,9903624550,Kochi,2024-06-18
5155,Gaurav Deo,customer5155@example.com,7377386431,Delhi,2025-04-05
5156,Ishita Garg,customer5156@example.com,6475700953,Ahmedabad,2024-03-12
5157,Hemani Rattan,customer5157@example.com,7386985951,Chennai,2024-09-25
5158,Unni Buch,customer5158@example.com,8271145445,Surat,2023-01-25
5159,Advaith Jayaraman,customer5159@example.com,7200382596,Pune,2026-01-30
5160,Harsh Brar,customer5160@example.com,9322089677,Nashik,2026-05-11
5161,Aadi Raghavan,customer5161@example.com,8278381227,Ahmedabad,2023-12-31
5162,Theodore Sami,customer5162@example.com,7876575745,Hyderabad,2024-04-13
5163,Yochana Nadkarni,customer5163@example.com,7626523873,Hyderabad,2024-11-10
5164,Unni Tandon,customer5164@example.com,8174277064,Bengaluru,2023-11-27
5165,Krisha Dara,customer5165@example.com,7370802852,Pune,2024-03-29
5166,Tejas Sem,customer5166@example.com,6759035679,Indore,2025-05-13
5167,Chaman Mohanty,customer5167@example.com,7115513632,Bengaluru,2026-05-17
5168,Chandran Ganguly,customer5168@example.com,8846097928,Chandigarh,2024-07-08
5169,Champak Dhaliwal,customer5169@example.com,8965520861,Kolkata,2023-08-14
5170,Chaitaly Uppal,customer5170@example.com,8798388008,Kolkata,2024-09-28
5171,Girindra Sankar,customer5171@example.com,8286951157,Delhi,2023-10-27
5172,Bhavani Bera,customer5172@example.com,8609283030,Chandigarh,2023-11-10
5173,Siya Jayaraman,customer5173@example.com,6652694998,Hyderabad,2025-04-05
5174,Harsh Rao,customer5174@example.com,9932003645,Kochi,2024-07-29
5175,Hritik Dhar,customer5175@example.com,7790105632,Bengaluru,2023-04-04
5176,Xalak Varghese,customer5176@example.com,6769962945,Bengaluru,2023-04-10
5177,Rachit Borde,customer5177@example.com,8945316010,Chennai,2023-08-09
5178,Neel Chanda,customer5178@example.com,6905165461,Lucknow,2025-09-22
5179,Qabil Chaudry,customer5179@example.com,9862847339,Mumbai,2024-11-29
5180,Advika Venkataraman,customer5180@example.com,8324097347,Jaipur,2024-01-24
5181,Onveer Oak,customer5181@example.com,9284737332,Chandigarh,2025-12-25
5182,Raksha Kaur,customer5182@example.com,9770546647,Bhopal,2023-11-17
5183,Vincent Zacharia,customer5183@example.com,8572332657,Kochi,2024-08-02
5184,Ishwar Varma,customer5184@example.com,6123618325,Pune,2024-07-30
5185,Eiravati Rege,customer5185@example.com,6890185291,Delhi,2025-09-18
5186,Hamsini Karnik,customer5186@example.com,7349097683,Indore,2023-12-16
5187,Arin Tailor,customer5187@example.com,7526606385,Kolkata,2024-03-01
5188,Neha Dani,customer5188@example.com,8422515387,Chennai,2023-09-12
5189,Vanya Bhat,customer5189@example.com,6635380958,Indore,2023-04-23
5190,Watika Keer,customer5190@example.com,7648975348,Nashik,2023-02-15
5191,Zarna Din,customer5191@example.com,9881630773,Pune,2026-05-11
5192,Janya Agate,customer5192@example.com,6444374867,Mumbai,2025-11-24
5193,Maanas Chad,customer5193@example.com,7985065020,Mumbai,2025-04-19
5194,Pranit Kapur,customer5194@example.com,8809276200,Mumbai,2023-04-05
5195,Falak Dutta,customer5195@example.com,6868778174,Pune,2024-10-06
5196,Maya Pau,customer5196@example.com,7672701508,Indore,2026-05-18
5197,Gautami Zacharia,customer5197@example.com,9982780993,Nagpur,2024-07-24
5198,Henry Lanka,customer5198@example.com,6695165385,Nashik,2025-12-27
5199,Mason Bora,customer5199@example.com,8507804885,Nagpur,2025-11-04
5200,Elijah Dewan,customer5200@example.com,6800313108,Mumbai,2025-02-12
5201,Mitali Shan,customer5201@example.com,8963151801,Bengaluru,2024-11-24
5202,Amrita Keer,customer5202@example.com,8607227438,Ahmedabad,2026-04-12
5203,Bhavya Babu,customer5203@example.com,6955737361,Ahmedabad,2025-10-07
5204,Jonathan Barad,customer5204@example.com,7751431192,Kochi,2026-04-22
5205,Bahadurjit Karpe,customer5205@example.com,6374553440,Nashik,2024-11-28
5206,Zashil Tripathi,customer5206@example.com,7985929766,Hyderabad,2025-08-03
5207,Kalpit Misra,customer5207@example.com,9766822815,Bengaluru,2025-11-16
5208,Yauvani Bhatti,customer5208@example.com,8957679998,Bhopal,2025-07-25
5209,Bhanumati Palan,customer5209@example.com,6183487682,Bengaluru,2025-10-05
5210,Yashica Shankar,customer5210@example.com,6516441259,Nashik,2025-05-14
5211,Ridhi Chand,customer5211@example.com,6471068017,Jaipur,2025-12-16
5212,Praneel Keer,customer5212@example.com,9490649036,Surat,2025-02-15
5213,Sara Ramakrishnan,customer5213@example.com,8912590025,Surat,2023-01-24
5214,Rohan Zacharia,customer5214@example.com,9404571046,Hyderabad,2023-04-13
5215,Atharv Seth,customer5215@example.com,7632248153,Nagpur,2024-08-18
5216,Lajita Brahmbhatt,customer5216@example.com,8429365179,Surat,2023-03-30
5217,Triya Talwar,customer5217@example.com,9772887435,Chennai,2023-07-07
5218,Leena Doctor,customer5218@example.com,6778868097,Chennai,2024-08-09
5219,Yashasvi Tank,customer5219@example.com,9249857379,Bhopal,2023-02-24
5220,Kai Nagarajan,customer5220@example.com,8832038672,Bhopal,2025-12-28
5221,Wakeeta Barad,customer5221@example.com,9629370653,Nagpur,2026-03-21
5222,Aadi Rastogi,customer5222@example.com,8478429799,Hyderabad,2023-11-19
5223,Wazir Pillay,customer5223@example.com,7554227174,Indore,2025-10-25
5224,Amruta Balan,customer5224@example.com,9205415950,Ahmedabad,2025-05-18
5225,Madhavi Raj,customer5225@example.com,9455359942,Kolkata,2023-01-28
5226,Tanmayi Barad,customer5226@example.com,7170338290,Chennai,2026-01-10
5227,Jeet Ganesh,customer5227@example.com,6436544117,Delhi,2024-08-02
5228,Patrick Oommen,customer5228@example.com,7857980549,Bhopal,2024-03-10
5229,Amrita Krishnamurthy,customer5229@example.com,8268875914,Indore,2023-08-06
5230,Maya Sharma,customer5230@example.com,7733844783,Nagpur,2025-08-05
5231,Rohan Dey,customer5231@example.com,9120624570,Lucknow,2025-05-08
5232,Chaitaly Grewal,customer5232@example.com,8967444345,Ahmedabad,2025-06-02
5233,Kiaan Walia,customer5233@example.com,7884519196,Kochi,2024-08-29
5234,Mahika Kapadia,customer5234@example.com,6626645560,Delhi,2025-08-13
5235,Harshil Oak,customer5235@example.com,7685988390,Lucknow,2024-08-06
5236,Nitesh Lad,customer5236@example.com,7581238547,Nashik,2024-10-17
5237,Falak Grover,customer5237@example.com,9611164243,Surat,2025-06-03
5238,Vasudha Gokhale,customer5238@example.com,9399085713,Mumbai,2024-01-30
5239,Lopa Ganesh,customer5239@example.com,6425296245,Indore,2023-06-16
5240,Netra Kant,customer5240@example.com,7999544447,Bengaluru,2024-05-26
5241,Hemal Wagle,customer5241@example.com,7141292238,Kolkata,2026-06-04
5242,Harsh Kapoor,customer5242@example.com,7627016972,Mumbai,2023-04-14
5243,Mahika Pingle,customer5243@example.com,8205534851,Surat,2024-07-20
5244,Atharv Suri,customer5244@example.com,8666647756,Indore,2023-03-12
5245,Libni Nair,customer5245@example.com,9873949317,Indore,2024-03-13
5246,Ekani Sura,customer5246@example.com,8676006457,Chandigarh,2025-11-03
5247,Advika Kapur,customer5247@example.com,9349533218,Jaipur,2024-04-29
5248,Rishi Mohan,customer5248@example.com,6434608626,Nagpur,2023-09-03
5249,Yauvani Borde,customer5249@example.com,8722549995,Bhopal,2024-06-13
5250,Vasana Sule,customer5250@example.com,7136744440,Kolkata,2023-12-08
5251,Champak Issac,customer5251@example.com,6217801558,Nagpur,2025-01-29
5252,Warinder Luthra,customer5252@example.com,7786273775,Jaipur,2023-11-02
5253,Gabriel Patla,customer5253@example.com,6819238022,Nagpur,2024-11-09
5254,Meera Mohanty,customer5254@example.com,8420461417,Bhopal,2023-05-13
5255,Eshana Memon,customer5255@example.com,8381693949,Jaipur,2024-01-27
5256,Hritik Narain,customer5256@example.com,8607435980,Pune,2024-05-22
5257,Samaksh Chhabra,customer5257@example.com,8963915662,Nagpur,2025-08-13
5258,Oscar Pau,customer5258@example.com,7202699863,Mumbai,2024-11-08
5259,Oni Soni,customer5259@example.com,7309681281,Delhi,2025-02-28
5260,Wazir Sandhu,customer5260@example.com,7972684256,Chandigarh,2025-12-20
5261,Edhitha Bath,customer5261@example.com,7553732582,Nagpur,2023-10-29
5262,Amaira Doctor,customer5262@example.com,7531739176,Nashik,2025-01-07
5263,Bhanumati Chahal,customer5263@example.com,8182505967,Lucknow,2024-03-30
5264,Irya Goel,customer5264@example.com,7391516869,Kolkata,2026-04-14
5265,Leela Wadhwa,customer5265@example.com,9899754266,Lucknow,2026-06-03
5266,Urvashi Bhasin,customer5266@example.com,8591459408,Chennai,2024-04-01
5267,Vanya Ahuja,customer5267@example.com,9337385404,Nashik,2025-08-06
5268,Jalsa Dayal,customer5268@example.com,9753324559,Jaipur,2023-02-05
5269,Yoshita Vyas,customer5269@example.com,6645236882,Delhi,2026-04-22
5270,Neelima Gaba,customer5270@example.com,8292079222,Mumbai,2025-09-07
5271,Ganga Sangha,customer5271@example.com,8321962042,Delhi,2023-05-30
5272,Dalbir Nair,customer5272@example.com,8906923611,Kochi,2023-06-02
5273,Shivani Yohannan,customer5273@example.com,9513112741,Kolkata,2026-05-10
5274,Ati Misra,customer5274@example.com,6435415083,Kochi,2025-09-19
5275,Lakshit Tailor,customer5275@example.com,7544256633,Delhi,2025-03-14
5276,Yashvi Nazareth,customer5276@example.com,6408421595,Chandigarh,2026-02-21
5277,Harinakshi Sami,customer5277@example.com,9120692376,Nashik,2023-08-21
5278,Edhitha Mani,customer5278@example.com,8843537010,Surat,2025-11-20
5279,Yadavi Dave,customer5279@example.com,8519807661,Indore,2023-11-19
5280,Jagat Butala,customer5280@example.com,6736029303,Jaipur,2026-04-20
5281,Gaurangi Bal,customer5281@example.com,9285287075,Chennai,2023-03-22
5282,Abeer Baral,customer5282@example.com,6555800784,Indore,2024-04-11
5283,Nachiket Mohanty,customer5283@example.com,7430253920,Bengaluru,2026-06-04
5284,Victor Kata,customer5284@example.com,8573079093,Bengaluru,2025-09-04
5285,Warjas Deep,customer5285@example.com,6513145658,Nagpur,2024-08-25
5286,Eshana Nadig,customer5286@example.com,9566144331,Indore,2023-07-04
5287,Sathvik Ahluwalia,customer5287@example.com,6230924598,Chandigarh,2025-06-11
5288,Harini Srivastava,customer5288@example.com,6105892391,Bhopal,2025-05-12
5289,Samar Sandal,customer5289@example.com,9149146601,Pune,2026-05-27
5290,Harish Mander,customer5290@example.com,6174654947,Nashik,2025-06-18
5291,Bhavani Venkatesh,customer5291@example.com,8725543929,Nashik,2023-08-15
5292,Libni Swaminathan,customer5292@example.com,9197521559,Lucknow,2025-04-29
5293,Xalak Kapadia,customer5293@example.com,8720930689,Pune,2025-09-18
5294,Saumya Sastry,customer5294@example.com,8523254645,Nagpur,2023-05-10
5295,Odika Doctor,customer5295@example.com,6154603979,Lucknow,2025-11-06
5296,Kai Peri,customer5296@example.com,7493487969,Chennai,2023-01-23
5297,Jyoti Mani,customer5297@example.com,9723150461,Pune,2023-05-24
5298,Ekaraj Vora,customer5298@example.com,9460586995,Nashik,2023-11-20
5299,Oscar Cherian,customer5299@example.com,6722600316,Bengaluru,2023-10-01
5300,Ranveer Bhatnagar,customer5300@example.com,8431581075,Nashik,2023-11-13
5301,Ryan Dhar,customer5301@example.com,7758988368,Bhopal,2025-06-25
5302,Dalaja Chanda,customer5302@example.com,9853000879,Nagpur,2025-08-29
5303,Krishna Anand,customer5303@example.com,8803559061,Ahmedabad,2024-11-05
5304,Zinal Konda,customer5304@example.com,8817266133,Pune,2025-10-10
5305,Adweta Suri,customer5305@example.com,6536158733,Mumbai,2024-07-29
5306,Samar Sheth,customer5306@example.com,8429809284,Jaipur,2026-01-28
5307,Arjun Walia,customer5307@example.com,7833429301,Mumbai,2024-03-13
5308,Urishilla Raval,customer5308@example.com,7555052513,Indore,2025-09-16
5309,Tamanna Goel,customer5309@example.com,7436542255,Ahmedabad,2025-06-30
5310,Inaya Srinivasan,customer5310@example.com,9417381021,Pune,2025-09-30
5311,Ekani Lad,customer5311@example.com,7779612530,Bengaluru,2025-09-25
5312,Amaira Sule,customer5312@example.com,7557738275,Nashik,2025-09-02
5313,Ladli Dubey,customer5313@example.com,7238230949,Hyderabad,2023-08-30
5314,Eshana Dhar,customer5314@example.com,9242072469,Pune,2023-01-25
5315,Yasti Setty,customer5315@example.com,8568932662,Surat,2024-11-14
5316,Wridesh Chaudry,customer5316@example.com,6295310348,Surat,2026-03-02
5317,Chatresh Gopal,customer5317@example.com,8261596433,Bhopal,2023-10-25
5318,Jai Singh,customer5318@example.com,8766080874,Pune,2025-03-28
5319,Dev Shankar,customer5319@example.com,7497164783,Nashik,2024-07-12
5320,Rushil Savant,customer5320@example.com,6291822472,Indore,2024-05-04
5321,Quincy Balakrishnan,customer5321@example.com,7581040362,Chennai,2024-11-15
5322,Qabil Gera,customer5322@example.com,7881276750,Nashik,2023-08-31
5323,Tanish Sabharwal,customer5323@example.com,9748596414,Pune,2024-09-04
5324,Harrison Sane,customer5324@example.com,8367364255,Jaipur,2024-09-12
5325,Faqid Mitter,customer5325@example.com,9860709869,Ahmedabad,2025-07-22
5326,Maanas Khalsa,customer5326@example.com,7330071078,Kochi,2024-12-09
5327,Ekta Patla,customer5327@example.com,7217567387,Chandigarh,2023-02-10
5328,Samar Nagarajan,customer5328@example.com,6433586548,Nagpur,2026-01-05
5329,Amara Sahni,customer5329@example.com,8720871875,Pune,2024-03-09
5330,Vrinda Sheth,customer5330@example.com,6311398689,Delhi,2024-09-10
5331,Theodore Edwin,customer5331@example.com,8736161661,Bhopal,2023-10-22
5332,Bimala Kota,customer5332@example.com,9815886771,Nagpur,2023-12-05
5333,Gaurangi Lal,customer5333@example.com,6694582122,Bengaluru,2024-09-13
5334,Wishi Dada,customer5334@example.com,8867644825,Kochi,2024-10-04
5335,Sanya Sarna,customer5335@example.com,7536087877,Lucknow,2024-09-10
5336,Rachit Ghosh,customer5336@example.com,7650684834,Jaipur,2026-01-21
5337,Ekaraj Edwin,customer5337@example.com,8888111971,Indore,2026-01-09
5338,Garima Koshy,customer5338@example.com,7469211071,Nagpur,2025-12-07
5339,Widisha Chowdhury,customer5339@example.com,7260055551,Kolkata,2024-06-25
5340,Vritti Narain,customer5340@example.com,7275098225,Jaipur,2025-11-28
5341,Zilmil Kibe,customer5341@example.com,6435473488,Nashik,2023-07-28
5342,Manthan Bala,customer5342@example.com,6455609019,Jaipur,2023-11-12
5343,Krish Patla,customer5343@example.com,6627989476,Chennai,2026-05-06
5344,Chatura Guha,customer5344@example.com,6152345136,Jaipur,2025-06-26
5345,Baljiwan Basu,customer5345@example.com,7367334767,Kochi,2023-12-05
5346,Vrinda Shroff,customer5346@example.com,7787114544,Delhi,2024-11-14
5347,Ikshita Kade,customer5347@example.com,9893937623,Indore,2023-03-26
5348,Yoshita Parikh,customer5348@example.com,9867580139,Pune,2023-05-06
5349,Warjas Warrior,customer5349@example.com,9234593359,Ahmedabad,2023-10-31
5350,Darsh Baria,customer5350@example.com,9777858137,Bhopal,2025-12-11
5351,Anay Mall,customer5351@example.com,9739430623,Bhopal,2024-05-25
5352,Warinder Rama,customer5352@example.com,8620554469,Nashik,2024-07-27
5353,Ekani Choudhary,customer5353@example.com,8501962267,Delhi,2023-07-20
5354,Ekalinga Palan,customer5354@example.com,7771163385,Jaipur,2025-12-06
5355,Shivansh Chander,customer5355@example.com,7643271246,Hyderabad,2024-03-07
5356,Manthan Ganesh,customer5356@example.com,8181466252,Lucknow,2024-06-09
5357,Arjun Chanda,customer5357@example.com,9433834749,Ahmedabad,2025-11-05
5358,Rushil Sridhar,customer5358@example.com,8273348800,Kochi,2023-07-28
5359,Yasti Hans,customer5359@example.com,6451815000,Chandigarh,2026-06-18
5360,Ronith Ahluwalia,customer5360@example.com,6606751218,Kolkata,2025-11-03
5361,Upma Butala,customer5361@example.com,8521761438,Kochi,2025-09-19
5362,Xalak Chander,customer5362@example.com,8686969816,Chennai,2024-01-29
5363,Maanav Rao,customer5363@example.com,9879131553,Hyderabad,2023-12-24
5364,Matthew Doshi,customer5364@example.com,9371232346,Kochi,2023-01-18
5365,Sarthak Dugar,customer5365@example.com,6816809746,Kolkata,2025-12-17
5366,Triveni Rout,customer5366@example.com,9386965355,Kolkata,2024-05-01
5367,Liam Bera,customer5367@example.com,8361536193,Bhopal,2025-12-06
5368,Gaurav D’Alia,customer5368@example.com,9823639392,Bhopal,2025-07-12
5369,Lavanya Rau,customer5369@example.com,8368246246,Indore,2025-12-06
5370,Kai Golla,customer5370@example.com,6269299842,Nashik,2025-07-13
5371,Jai Balay,customer5371@example.com,9762925398,Hyderabad,2024-09-15
5372,Laban Oza,customer5372@example.com,9492279113,Kolkata,2023-10-09
5373,Yuvraj Hora,customer5373@example.com,9536071519,Bhopal,2024-03-28
5374,Balhaar Memon,customer5374@example.com,9611481491,Kochi,2025-07-26
5375,Raagini Rai,customer5375@example.com,8557523553,Ahmedabad,2026-06-12
5376,Sathvik Yadav,customer5376@example.com,6583567131,Chennai,2023-11-01
5377,Praneel Shah,customer5377@example.com,8955076270,Ahmedabad,2024-05-23
5378,Hemang Doctor,customer5378@example.com,7585337532,Kochi,2024-11-15
5379,Patrick Chaudhry,customer5379@example.com,6970872907,Kolkata,2026-02-24
5380,Bhavani Bajaj,customer5380@example.com,7961670993,Nashik,2023-06-01
5381,Logan Nazareth,customer5381@example.com,6991877775,Kolkata,2024-10-01
5382,Eta Desai,customer5382@example.com,9291897290,Delhi,2026-03-08
5383,Bhavini Prashad,customer5383@example.com,9733507152,Pune,2026-04-08
5384,Anay Hari,customer5384@example.com,9817164538,Indore,2026-03-07
5385,Inaya Rai,customer5385@example.com,8371546483,Delhi,2025-03-04
5386,Aarav Kala,customer5386@example.com,7806088418,Chennai,2026-02-28
5387,Kabir Taneja,customer5387@example.com,7272433374,Bengaluru,2026-05-09
5388,Gunbir Karnik,customer5388@example.com,9973100923,Pune,2025-10-11
5389,Jagat Dhar,customer5389@example.com,7138578154,Lucknow,2024-08-07
5390,Rayaan Samra,customer5390@example.com,8253377347,Hyderabad,2023-01-27
5391,Eta Zacharia,customer5391@example.com,8678355689,Pune,2023-01-14
5392,Lila Mohanty,customer5392@example.com,8605251574,Mumbai,2025-09-11
5393,Simon Bala,customer5393@example.com,9532408397,Bhopal,2024-09-15
5394,Falan Dugal,customer5394@example.com,7457176902,Bhopal,2026-06-10
5395,Lohit Subramaniam,customer5395@example.com,9197998606,Ahmedabad,2025-01-09
5396,Pahal Dasgupta,customer5396@example.com,8618437861,Delhi,2026-06-13
5397,Neel Srinivas,customer5397@example.com,7951080579,Hyderabad,2024-12-18
5398,Warda Mall,customer5398@example.com,8952786594,Bhopal,2025-02-05
5399,Ojas Bhat,customer5399@example.com,8356281537,Nagpur,2025-10-01
5400,Frederick Sankar,customer5400@example.com,9485420126,Indore,2023-01-24
5401,Anthony Sachar,customer5401@example.com,9564383045,Delhi,2023-12-05
5402,Kalpit Date,customer5402@example.com,9216435820,Pune,2024-11-02
5403,Hredhaan Oommen,customer5403@example.com,6759633910,Jaipur,2024-07-24
5404,Advika Dutt,customer5404@example.com,7578490191,Nashik,2025-03-29
5405,Tristan Mangal,customer5405@example.com,9976766393,Chandigarh,2023-01-10
5406,Zaid Bhargava,customer5406@example.com,7361696052,Chandigarh,2026-02-18
5407,Anay Patil,customer5407@example.com,8998482092,Chennai,2024-02-14
5408,Watika Seth,customer5408@example.com,6402537414,Bhopal,2023-04-08
5409,Pallavi Morar,customer5409@example.com,6479581680,Kolkata,2026-02-11
5410,Kamala Savant,customer5410@example.com,9254860855,Indore,2023-06-05
5411,Kamya Mane,customer5411@example.com,9687358350,Chandigarh,2023-05-18
5412,Orinder Koshy,customer5412@example.com,7490945029,Nashik,2025-10-20
5413,Varsha Cherian,customer5413@example.com,7125327158,Mumbai,2024-05-26
5414,Zayan Shenoy,customer5414@example.com,6404991009,Nagpur,2023-01-31
5415,Aarnav Choudhry,customer5415@example.com,9381201098,Nagpur,2026-04-07
5416,Daniel Dani,customer5416@example.com,8515316408,Lucknow,2026-04-23
5417,Balvan Johal,customer5417@example.com,9151264422,Kolkata,2024-11-03
5418,Nitara Karpe,customer5418@example.com,8398165647,Nagpur,2024-07-13
5419,Shivani Rastogi,customer5419@example.com,9991434871,Bengaluru,2026-04-04
5420,Gautam Suresh,customer5420@example.com,8252289749,Bengaluru,2023-04-29
5421,Pallavi Varty,customer5421@example.com,7916584543,Surat,2025-02-23
5422,Agastya Varughese,customer5422@example.com,9538982001,Mumbai,2025-12-29
5423,Jeevika Sem,customer5423@example.com,6793216452,Bengaluru,2023-06-30
5424,Manbir Balasubramanian,customer5424@example.com,9170079097,Nagpur,2023-02-16
5425,Hema Bhat,customer5425@example.com,6193376048,Nashik,2026-03-09
5426,Frado Hayre,customer5426@example.com,7660624348,Ahmedabad,2023-11-06
5427,Nilima Sethi,customer5427@example.com,8892967829,Hyderabad,2023-12-27
5428,Yatin Bhagat,customer5428@example.com,6988120053,Bhopal,2024-11-29
5429,Veer Natarajan,customer5429@example.com,6491073280,Surat,2025-11-21
5430,Champak Mani,customer5430@example.com,6250022391,Lucknow,2023-07-01
5431,Anya Swamy,customer5431@example.com,9492249247,Jaipur,2024-09-11
5432,Ryan Rattan,customer5432@example.com,9233610344,Lucknow,2023-01-30
5433,Ishaan Hegde,customer5433@example.com,6196408972,Pune,2025-08-05
5434,Anay Saran,customer5434@example.com,9347065318,Nagpur,2026-01-17
5435,Ikshita Wali,customer5435@example.com,6903497149,Indore,2023-05-06
5436,Sanya Sandhu,customer5436@example.com,8145384376,Nagpur,2024-07-13
5437,Zehaan Taneja,customer5437@example.com,8992550844,Indore,2023-08-11
5438,Samarth Dara,customer5438@example.com,7384976122,Surat,2025-03-24
5439,Gauri Issac,customer5439@example.com,6541286475,Delhi,2024-04-25
5440,Neha Dugar,customer5440@example.com,6270830242,Indore,2026-03-02
5441,Aachal Sarkar,customer5441@example.com,7542541116,Jaipur,2023-01-30
5442,Rajeshri Dixit,customer5442@example.com,9394652861,Surat,2024-04-02
5443,Ira Bhatt,customer5443@example.com,7208968816,Bengaluru,2023-12-06
5444,Lakshit Soman,customer5444@example.com,6291207032,Hyderabad,2024-06-23
5445,Azad Bhandari,customer5445@example.com,9848010130,Hyderabad,2024-05-29
5446,Neha Sachdeva,customer5446@example.com,7578665169,Kochi,2023-04-02
5447,Harish Mukhopadhyay,customer5447@example.com,6460780329,Jaipur,2025-11-29
5448,Aryan Bir,customer5448@example.com,6527826807,Kochi,2025-12-25
5449,Chandresh Sekhon,customer5449@example.com,9429900851,Nashik,2023-04-19
5450,Unni Dash,customer5450@example.com,9798372530,Delhi,2024-02-27
5451,Baljiwan Bahri,customer5451@example.com,7437992205,Chandigarh,2023-07-31
5452,Warinder Bir,customer5452@example.com,8860064874,Nagpur,2024-04-12
5453,Aarush Murty,customer5453@example.com,6737181267,Nashik,2023-07-29
5454,Dominic Nadig,customer5454@example.com,7274826046,Nagpur,2023-11-13
5455,Brijesh Kumer,customer5455@example.com,8103566375,Delhi,2026-03-23
5456,Chameli Taneja,customer5456@example.com,9316509568,Chennai,2025-02-03
5457,Waida Kapur,customer5457@example.com,7980659314,Chennai,2024-03-11
5458,Rushil Sheth,customer5458@example.com,8446771978,Kolkata,2023-09-09
5459,Jai Sachdeva,customer5459@example.com,8684918468,Chandigarh,2025-03-14
5460,Brinda Chaudry,customer5460@example.com,6990401135,Kolkata,2025-11-19
5461,Lavanya Chaudhary,customer5461@example.com,6947286867,Hyderabad,2025-10-03
5462,Tarak Sundaram,customer5462@example.com,7958257690,Hyderabad,2025-10-14
5463,Chandran Sundaram,customer5463@example.com,7514275815,Delhi,2024-09-05
5464,Amaira Kothari,customer5464@example.com,9526356047,Chennai,2023-11-12
5465,Owen Naidu,customer5465@example.com,6229099476,Delhi,2024-02-15
5466,Qadim Kade,customer5466@example.com,7124762389,Chennai,2023-12-24
5467,Ishaan Sehgal,customer5467@example.com,8577637505,Bhopal,2023-01-19
5468,Ekalinga Lalla,customer5468@example.com,8460840263,Kolkata,2024-07-05
5469,Raagini Dewan,customer5469@example.com,9946075630,Bhopal,2023-12-31
5470,Tanish Sibal,customer5470@example.com,6308900313,Kolkata,2024-08-12
5471,Yutika Sharma,customer5471@example.com,8809501597,Nagpur,2025-01-10
5472,Hitesh Chakraborty,customer5472@example.com,8819097793,Nagpur,2024-10-26
5473,Christopher Dutt,customer5473@example.com,8296737350,Hyderabad,2026-04-01
5474,Aashi Chandran,customer5474@example.com,6118026678,Nagpur,2026-03-24
5475,Wahab Pingle,customer5475@example.com,7117440076,Chennai,2024-03-30
5476,Manan Choudhury,customer5476@example.com,7946259250,Chennai,2023-07-30
5477,Sai Bains,customer5477@example.com,9337358389,Chennai,2023-06-03
5478,Yashoda Balasubramanian,customer5478@example.com,8783713159,Delhi,2023-05-14
5479,Mohini Lad,customer5479@example.com,8946992882,Kochi,2024-07-22
5480,Lakshit Dyal,customer5480@example.com,8284300323,Kochi,2026-03-18
5481,Siya Parekh,customer5481@example.com,7605286718,Hyderabad,2025-04-18
5482,Ria Tripathi,customer5482@example.com,7246152013,Chandigarh,2025-01-02
5483,Raksha Apte,customer5483@example.com,6273982174,Pune,2025-08-05
5484,David Bal,customer5484@example.com,9799530897,Surat,2026-02-11
5485,Chakradhar Sahota,customer5485@example.com,9661582027,Surat,2025-09-03
5486,Ekaja Solanki,customer5486@example.com,6162286333,Kolkata,2024-08-20
5487,Pranit Gulati,customer5487@example.com,9958794975,Mumbai,2023-06-14
5488,Frederick Mistry,customer5488@example.com,6647381933,Mumbai,2024-07-23
5489,Gavin Chad,customer5489@example.com,9171465982,Kochi,2024-11-17
5490,Yasti Tata,customer5490@example.com,7669078681,Delhi,2025-12-10
5491,Noah Sampath,customer5491@example.com,7589662105,Bengaluru,2024-06-26
5492,Ubika Ramanathan,customer5492@example.com,8231972251,Indore,2025-08-20
5493,Chandresh Loke,customer5493@example.com,7843999470,Kochi,2025-12-03
5494,Isha Karnik,customer5494@example.com,9365663844,Pune,2024-06-25
5495,Aarna Chakrabarti,customer5495@example.com,7306695498,Kolkata,2024-09-09
5496,Isaiah Pant,customer5496@example.com,8455992671,Hyderabad,2023-07-13
5497,Chaitanya Talwar,customer5497@example.com,8971660560,Surat,2025-11-29
5498,Peter Sura,customer5498@example.com,8169063439,Mumbai,2024-06-10
5499,Udarsh Nath,customer5499@example.com,8344842417,Bengaluru,2024-06-08
5500,Irya Chhabra,customer5500@example.com,6112314973,Nagpur,2024-09-17
5501,Mitali Gopal,customer5501@example.com,7745434822,Lucknow,2025-11-19
5502,Chakradev Sama,customer5502@example.com,6400141442,Kolkata,2025-08-19
5503,Krisha Rajagopal,customer5503@example.com,8875858942,Pune,2023-03-30
5504,Alka Sanghvi,customer5504@example.com,7465729983,Chennai,2023-08-02
5505,Amaira Sethi,customer5505@example.com,9239084330,Pune,2024-11-24
5506,Max Bhattacharyya,customer5506@example.com,9665122521,Jaipur,2024-01-22
5507,Advay Dua,customer5507@example.com,8697261187,Mumbai,2023-07-22
5508,Harsh Raju,customer5508@example.com,8773343665,Nagpur,2025-12-27
5509,Nathaniel Parekh,customer5509@example.com,8281880806,Bhopal,2025-04-08
5510,Niharika Maharaj,customer5510@example.com,7397259123,Kochi,2023-04-13
5511,Aadi Thakkar,customer5511@example.com,9472498535,Chandigarh,2025-05-08
5512,Amaira Warrior,customer5512@example.com,6583011369,Bhopal,2023-09-16
5513,Yachana Kari,customer5513@example.com,8781508141,Kolkata,2024-10-03
5514,Rajata Devan,customer5514@example.com,8619900524,Bhopal,2024-07-13
5515,Megha Srinivasan,customer5515@example.com,6656859752,Nagpur,2025-08-10
5516,Sai Bir,customer5516@example.com,7286922422,Indore,2024-05-18
5517,Anthony Bhatnagar,customer5517@example.com,8887732307,Lucknow,2023-05-06
5518,Charita Borah,customer5518@example.com,9302341597,Ahmedabad,2023-09-20
5519,Isaiah Kothari,customer5519@example.com,7671986447,Lucknow,2023-01-02
5520,Nihal Jayaraman,customer5520@example.com,9258007190,Hyderabad,2025-08-22
5521,Hritik Kaul,customer5521@example.com,6650851517,Nagpur,2023-12-18
5522,Vaishnavi Reddy,customer5522@example.com,7303485904,Kochi,2023-07-24
5523,Harita Grover,customer5523@example.com,7485936811,Bhopal,2024-09-27
5524,Caleb Kumar,customer5524@example.com,6356287837,Nagpur,2024-04-20
5525,Yasti Chandra,customer5525@example.com,7296849791,Delhi,2023-04-17
5526,Gaurangi Bains,customer5526@example.com,6723014085,Chennai,2024-04-03
5527,Jagvi Mallick,customer5527@example.com,7216620843,Kolkata,2023-12-23
5528,Warhi Dhillon,customer5528@example.com,9389477632,Pune,2024-06-02
5529,Jeet Chatterjee,customer5529@example.com,8734684786,Indore,2025-12-21
5530,Eesha Balay,customer5530@example.com,6680357769,Delhi,2025-04-01
5531,Bimala Mahal,customer5531@example.com,8187667297,Hyderabad,2023-08-23
5532,Omaja Ratti,customer5532@example.com,9936388150,Lucknow,2023-01-08
5533,Upma Sule,customer5533@example.com,9255342183,Mumbai,2023-05-14
5534,Zaitra Date,customer5534@example.com,9573556467,Nagpur,2026-02-11
5535,Benjamin Agate,customer5535@example.com,6766294927,Chandigarh,2024-06-18
5536,Triya Dhillon,customer5536@example.com,8131398334,Indore,2023-02-25
5537,Anita Buch,customer5537@example.com,6606391956,Lucknow,2025-05-23
5538,Anika Sachdev,customer5538@example.com,6128770032,Chennai,2024-09-02
5539,Upkaar Narain,customer5539@example.com,7598744392,Hyderabad,2025-02-18
5540,Meera Puri,customer5540@example.com,8675411392,Jaipur,2025-03-22
5541,Pahal Yohannan,customer5541@example.com,8274847929,Lucknow,2023-01-10
5542,Meghana Sarraf,customer5542@example.com,8177294160,Chandigarh,2025-03-15
5543,Yashawini Raj,customer5543@example.com,7394752612,Chennai,2025-11-02
5544,Gautam Narang,customer5544@example.com,6283835908,Nashik,2025-07-16
5545,Advika Murthy,customer5545@example.com,6821883357,Nagpur,2023-01-06
5546,Indrajit Dash,customer5546@example.com,9292782556,Delhi,2026-01-09
5547,Pranit Bhardwaj,customer5547@example.com,9748759585,Kochi,2023-12-15
5548,Jalsa Koshy,customer5548@example.com,6975398075,Nagpur,2023-10-20
5549,Chaitanya Panchal,customer5549@example.com,7180177517,Kolkata,2024-01-23
5550,Ekavir Som,customer5550@example.com,6568892980,Pune,2024-10-19
5551,Pahal Bhatia,customer5551@example.com,9176065142,Chandigarh,2023-07-08
5552,Megha Johal,customer5552@example.com,6104281385,Chennai,2025-01-29
5553,Dipta Kothari,customer5553@example.com,6194086608,Kolkata,2023-07-13
5554,Jeremiah Chaudhry,customer5554@example.com,7915536902,Indore,2023-06-12
5555,Falak Pradhan,customer5555@example.com,8456803019,Kochi,2024-04-24
5556,Ladli Sunder,customer5556@example.com,7652425556,Lucknow,2024-06-22
5557,Chandran Bakshi,customer5557@example.com,7707132848,Chandigarh,2023-08-31
5558,Laban Misra,customer5558@example.com,8575112807,Kochi,2026-02-27
5559,Praneel Batta,customer5559@example.com,9976112856,Chennai,2023-03-29
5560,Krisha Prashad,customer5560@example.com,9269327666,Pune,2024-04-15
5561,Radhika Sankar,customer5561@example.com,6574312027,Delhi,2024-11-12
5562,Nirja Bedi,customer5562@example.com,9525618308,Indore,2026-04-14
5563,Rajata Lala,customer5563@example.com,9829720805,Jaipur,2024-04-27
5564,Akshay Mukhopadhyay,customer5564@example.com,6730251958,Chandigarh,2023-05-27
5565,Pallavi Patla,customer5565@example.com,9838213795,Lucknow,2025-06-06
5566,Saanvi Oak,customer5566@example.com,9295646481,Nagpur,2024-02-06
5567,Shravya Morar,customer5567@example.com,6389907245,Ahmedabad,2023-05-20
5568,Timothy Handa,customer5568@example.com,7683016833,Chennai,2024-03-14
5569,Pavani De,customer5569@example.com,6223999329,Indore,2024-06-04
5570,Kala Kuruvilla,customer5570@example.com,8223912080,Kolkata,2025-02-25
5571,Lakshmi De,customer5571@example.com,8450433386,Lucknow,2024-03-22
5572,Omya Nayar,customer5572@example.com,9100714335,Chennai,2025-07-04
5573,Chatura Chopra,customer5573@example.com,9417300855,Kochi,2024-06-27
5574,Gaurika Palan,customer5574@example.com,7232395455,Chandigarh,2025-05-04
5575,Chatresh Andra,customer5575@example.com,6411770135,Kolkata,2025-09-22
5576,Naveen Grover,customer5576@example.com,8524648359,Mumbai,2025-12-20
5577,Parth Doshi,customer5577@example.com,7901896320,Ahmedabad,2023-07-05
5578,Pratyush Seth,customer5578@example.com,7711706313,Lucknow,2023-06-02
5579,Vanya Som,customer5579@example.com,6389583315,Chandigarh,2025-04-07
5580,Nandini Desai,customer5580@example.com,8838126154,Ahmedabad,2024-12-24
5581,Ekalinga Ramakrishnan,customer5581@example.com,8982286149,Lucknow,2025-01-20
5582,Hemang Brar,customer5582@example.com,9682332239,Nagpur,2025-04-03
5583,Avni Chaudhry,customer5583@example.com,6682612770,Nashik,2024-09-12
5584,Kashish Thakur,customer5584@example.com,7699104948,Delhi,2024-08-26
5585,Zansi Rama,customer5585@example.com,8710876864,Bhopal,2024-12-18
5586,Abeer Yadav,customer5586@example.com,7606086688,Pune,2024-02-03
5587,Hritik Som,customer5587@example.com,9212282293,Bengaluru,2023-09-15
5588,Vasana Talwar,customer5588@example.com,9468122065,Chennai,2025-11-29
5589,Rohan Buch,customer5589@example.com,8119932219,Ahmedabad,2023-09-29
5590,Ishita Sawhney,customer5590@example.com,8473680864,Chennai,2025-11-04
5591,Anjali Sehgal,customer5591@example.com,8891887517,Nashik,2024-12-22
5592,Nilima Lall,customer5592@example.com,7528383161,Kochi,2025-10-20
5593,Pavani Borra,customer5593@example.com,6570560134,Lucknow,2025-04-05
5594,Indrajit Gala,customer5594@example.com,9540802088,Ahmedabad,2025-11-01
5595,Samar Wadhwa,customer5595@example.com,6294180100,Chandigarh,2023-10-29
5596,Veer Srinivas,customer5596@example.com,8276535692,Hyderabad,2025-01-25
5597,Vedant Sani,customer5597@example.com,6715685389,Kochi,2024-04-27
5598,Libni Walia,customer5598@example.com,7306267473,Lucknow,2026-02-05
5599,Triya Palla,customer5599@example.com,8895324590,Pune,2026-01-12
5600,Jyoti Lanka,customer5600@example.com,6761322593,Bhopal,2025-04-21
5601,Dayita Datta,customer5601@example.com,6719496378,Bengaluru,2026-01-19
5602,Viraj Thakur,customer5602@example.com,7876117743,Kochi,2025-04-28
5603,Zehaan Pathak,customer5603@example.com,8933345998,Ahmedabad,2023-12-06
5604,Champak Balay,customer5604@example.com,6180085199,Bhopal,2025-03-11
5605,Aachal Mody,customer5605@example.com,9366623583,Surat,2025-12-19
5606,Bhavika Sibal,customer5606@example.com,7617175795,Surat,2023-06-09
5607,Madhav Hegde,customer5607@example.com,6988857008,Hyderabad,2023-07-28
5608,Isaac Dey,customer5608@example.com,6794284870,Hyderabad,2024-08-31
5609,Mitesh Sem,customer5609@example.com,7961897932,Chennai,2024-03-07
5610,Vyanjana Chad,customer5610@example.com,7276113812,Nashik,2023-04-27
5611,Raksha Rao,customer5611@example.com,9276078709,Ahmedabad,2026-05-02
5612,Xavier Memon,customer5612@example.com,9602839864,Kochi,2023-06-28
5613,Vrishti Gara,customer5613@example.com,9286272242,Lucknow,2025-10-25
5614,Rehaan Yohannan,customer5614@example.com,9793537454,Chandigarh,2025-04-15
5615,Omkaar Bora,customer5615@example.com,8245860470,Jaipur,2025-04-07
5616,Irya Arora,customer5616@example.com,8733349399,Bengaluru,2026-03-06
5617,Ekalinga Ram,customer5617@example.com,6570068736,Jaipur,2023-05-12
5618,Benjamin Kumer,customer5618@example.com,7261495691,Delhi,2024-09-19
5619,Robert Bali,customer5619@example.com,7344329673,Lucknow,2024-10-19
5620,Victor Nair,customer5620@example.com,7398856526,Mumbai,2023-06-01
5621,Amara Karnik,customer5621@example.com,7553621736,Delhi,2026-05-08
5622,Victor Mody,customer5622@example.com,7594488964,Bhopal,2025-06-30
5623,Balendra Chawla,customer5623@example.com,9879966598,Kolkata,2025-12-11
5624,Meghana Sastry,customer5624@example.com,6102843408,Chandigarh,2024-02-15
5625,Yashasvi Mangat,customer5625@example.com,7782202696,Surat,2025-12-03
5626,Pavani Pai,customer5626@example.com,6992889475,Kolkata,2023-09-18
5627,Arya Kumar,customer5627@example.com,7374683683,Hyderabad,2023-01-16
5628,Jagvi Lal,customer5628@example.com,6984276295,Delhi,2023-04-12
5629,Prisha Bera,customer5629@example.com,6421447480,Indore,2023-01-18
5630,Janaki Bhatti,customer5630@example.com,8934877324,Indore,2026-01-25
5631,Teerth Seshadri,customer5631@example.com,8127847920,Ahmedabad,2023-06-12
5632,Alexander Nagi,customer5632@example.com,7566354430,Surat,2025-05-06
5633,Jatin Din,customer5633@example.com,7374414541,Surat,2023-03-08
5634,Yadavi Vala,customer5634@example.com,9567552047,Nagpur,2024-08-25
5635,Libni Sandal,customer5635@example.com,7882812101,Surat,2024-01-19
5636,Darsh Mohan,customer5636@example.com,8159203594,Chennai,2024-04-29
5637,Vasana Deol,customer5637@example.com,9338949469,Indore,2024-09-15
5638,Henry Mahal,customer5638@example.com,9558564188,Hyderabad,2023-03-25
5639,Laksh Kulkarni,customer5639@example.com,6983501782,Hyderabad,2025-08-26
5640,Viraj Bansal,customer5640@example.com,7847599801,Indore,2024-02-07
5641,Lakshmi Krishnan,customer5641@example.com,7412044241,Indore,2026-03-07
5642,Amrita Deo,customer5642@example.com,6197252826,Chennai,2024-06-14
5643,Upkaar Sengupta,customer5643@example.com,7550129708,Chandigarh,2025-10-19
5644,Warinder Khanna,customer5644@example.com,9297406560,Pune,2026-03-31
5645,Matthew Chowdhury,customer5645@example.com,7336533146,Chandigarh,2026-01-11
5646,Ayushman Ramanathan,customer5646@example.com,6391587711,Chandigarh,2024-12-11
5647,Shivansh Gera,customer5647@example.com,6412572767,Mumbai,2026-06-07
5648,Simon Ganesh,customer5648@example.com,7825569189,Lucknow,2025-06-08
5649,Jairaj Basu,customer5649@example.com,8776332898,Nagpur,2025-05-25
5650,Alexander Goyal,customer5650@example.com,7745010126,Mumbai,2023-12-26
5651,Parth Agate,customer5651@example.com,6751562186,Kochi,2025-09-18
5652,Dev Vig,customer5652@example.com,6360220656,Nagpur,2024-12-17
5653,Triya Saraf,customer5653@example.com,9401676111,Mumbai,2023-10-14
5654,Ishwar Bath,customer5654@example.com,7643327557,Delhi,2024-05-10
5655,Yashoda Srivastava,customer5655@example.com,7200173898,Delhi,2025-07-27
5656,Jairaj Apte,customer5656@example.com,7979965934,Bhopal,2024-05-12
5657,Chakrika Gulati,customer5657@example.com,6969937404,Kolkata,2023-11-04
5658,Leela Chander,customer5658@example.com,7356695631,Surat,2025-07-24
5659,David Keer,customer5659@example.com,8353773797,Lucknow,2025-11-18
5660,Eiravati Kohli,customer5660@example.com,7300129338,Kolkata,2026-03-23
5661,Yashvi Batta,customer5661@example.com,9166974905,Ahmedabad,2023-06-26
5662,Anya Sama,customer5662@example.com,7737593477,Bengaluru,2025-01-30
5663,Robert Murty,customer5663@example.com,8453890734,Ahmedabad,2026-03-04
5664,Nilima Mutti,customer5664@example.com,6532953269,Mumbai,2024-04-13
5665,Bakhshi Aggarwal,customer5665@example.com,8593786200,Kolkata,2026-05-15
5666,Anay Shankar,customer5666@example.com,9535146947,Lucknow,2023-07-14
5667,Qabil Aggarwal,customer5667@example.com,6429329944,Delhi,2023-02-05
5668,Arya Narayan,customer5668@example.com,7508437057,Ahmedabad,2025-10-31
5669,Raksha Borde,customer5669@example.com,7480438182,Nagpur,2023-08-28
5670,Anmol Batra,customer5670@example.com,6810901851,Kolkata,2023-06-14
5671,Rachita Ramakrishnan,customer5671@example.com,6781622955,Nashik,2023-10-16
5672,Amruta Chanda,customer5672@example.com,6874725186,Bhopal,2025-12-12
5673,Agastya Ramaswamy,customer5673@example.com,6779002381,Bhopal,2024-04-18
5674,Chandani Chadha,customer5674@example.com,7459057443,Ahmedabad,2024-02-11
5675,Umang Manda,customer5675@example.com,6199169179,Chennai,2026-05-20
5676,Sanya Naik,customer5676@example.com,7508475629,Chennai,2024-11-20
5677,Mohini Luthra,customer5677@example.com,6297710811,Kochi,2024-05-05
5678,Benjamin Virk,customer5678@example.com,9643833575,Lucknow,2025-04-18
5679,Jhalak Hayer,customer5679@example.com,9288620347,Chandigarh,2025-10-16
5680,Oni Jain,customer5680@example.com,7811074757,Hyderabad,2024-05-31
5681,Lohit Purohit,customer5681@example.com,8620348382,Kochi,2023-06-30
5682,Nathaniel Rama,customer5682@example.com,6149359802,Surat,2024-02-10
5683,Alexander Wable,customer5683@example.com,6372367116,Pune,2024-04-28
5684,Rachita Venkatesh,customer5684@example.com,9509356553,Indore,2023-12-05
5685,Urmi Wadhwa,customer5685@example.com,7965564035,Ahmedabad,2024-06-11
5686,Elijah Patla,customer5686@example.com,8811319981,Kolkata,2025-07-14
5687,Kamala Sanghvi,customer5687@example.com,6541193508,Surat,2025-03-05
5688,Janani Setty,customer5688@example.com,8348650071,Kochi,2023-10-30
5689,Suhani Purohit,customer5689@example.com,6444981410,Chennai,2025-05-12
5690,Warjas Date,customer5690@example.com,6434933727,Surat,2023-06-14
5691,Gagan Deo,customer5691@example.com,6869111673,Mumbai,2026-02-20
5692,Jagrati Sha,customer5692@example.com,9541545447,Indore,2025-10-14
5693,Lajita Aurora,customer5693@example.com,6736679933,Mumbai,2023-02-12
5694,Farhan Ahluwalia,customer5694@example.com,6648047719,Chennai,2023-09-20
5695,Liam Bora,customer5695@example.com,9469392748,Delhi,2025-04-01
5696,Jalsa Nayak,customer5696@example.com,8196240431,Pune,2024-11-23
5697,Jacob Sharma,customer5697@example.com,8930764201,Bhopal,2024-11-12
5698,Tanmayi Mannan,customer5698@example.com,8991165033,Chennai,2023-01-02
5699,Lakshit Sura,customer5699@example.com,7989045193,Chandigarh,2024-07-23
5700,Lekha Goyal,customer5700@example.com,7174075197,Mumbai,2025-10-01
5701,Gopal Dhillon,customer5701@example.com,9182405124,Kochi,2023-05-06
5702,George Rau,customer5702@example.com,8628658335,Hyderabad,2023-06-28
5703,Rajata Lata,customer5703@example.com,6646908731,Kochi,2024-05-07
5704,Nicholas Dhaliwal,customer5704@example.com,6174970280,Bengaluru,2023-10-29
5705,Gaurika Vala,customer5705@example.com,6795825771,Delhi,2025-09-03
5706,Shivani Bera,customer5706@example.com,7203168214,Bengaluru,2024-09-15
5707,Jeevika Lata,customer5707@example.com,8765633315,Mumbai,2024-09-16
5708,Henry Pal,customer5708@example.com,7596383371,Kolkata,2023-12-03
5709,Kashish Sunder,customer5709@example.com,8888820314,Ahmedabad,2025-03-26
5710,Eiravati Saran,customer5710@example.com,6829614989,Ahmedabad,2026-02-21
5711,Aarnav Dhaliwal,customer5711@example.com,8339075384,Chandigarh,2024-02-26
5712,Jeevika Taneja,customer5712@example.com,9296414539,Bhopal,2025-10-13
5713,Andrew Bawa,customer5713@example.com,7492612609,Lucknow,2023-10-12
5714,Mohini Kanda,customer5714@example.com,9572787615,Nashik,2025-04-19
5715,Nimrat Maharaj,customer5715@example.com,9650575472,Jaipur,2023-09-17
5716,Tripti Garg,customer5716@example.com,6587541845,Chandigarh,2026-04-22
5717,Laban Mallick,customer5717@example.com,6486864291,Nagpur,2024-12-11
5718,Peter Thakur,customer5718@example.com,7961044173,Lucknow,2023-01-24
5719,Falak Mammen,customer5719@example.com,8814766047,Bhopal,2026-06-15
5720,Dalbir Chakraborty,customer5720@example.com,9281315922,Surat,2024-12-30
5721,Zinal Varughese,customer5721@example.com,9426151964,Pune,2024-06-14
5722,Naveen Lala,customer5722@example.com,7771195140,Delhi,2025-12-20
5723,Wridesh Chana,customer5723@example.com,6971317976,Kolkata,2023-03-17
5724,Oni Bora,customer5724@example.com,9336872282,Chennai,2026-03-07
5725,Kashvi Ahuja,customer5725@example.com,6152276424,Nagpur,2026-04-01
5726,Dominic Bhargava,customer5726@example.com,9152254957,Ahmedabad,2026-04-03
5727,Daniel Chand,customer5727@example.com,9912923498,Kochi,2026-02-17
5728,Kamya Agarwal,customer5728@example.com,9391954885,Chandigarh,2023-09-07
5729,Ubika Chopra,customer5729@example.com,7418348438,Nashik,2024-02-20
5730,Divya Grewal,customer5730@example.com,8923789169,Bhopal,2026-05-28
5731,Faris Bassi,customer5731@example.com,7846613246,Bhopal,2026-03-30
5732,Utkarsh Sastry,customer5732@example.com,7171556275,Pune,2025-07-06
5733,Laban Iyengar,customer5733@example.com,8344841461,Nagpur,2023-10-30
5734,Bachittar Shere,customer5734@example.com,7667398519,Surat,2025-02-02
5735,Qushi Murthy,customer5735@example.com,6878068090,Pune,2026-01-03
5736,Aayush Sule,customer5736@example.com,7611563588,Mumbai,2024-10-14
5737,Gabriel Thaman,customer5737@example.com,6571637484,Kolkata,2025-01-26
5738,Falak Memon,customer5738@example.com,9931189671,Chennai,2026-04-18
5739,Lohit Vig,customer5739@example.com,9818529119,Nashik,2025-10-29
5740,Odika Kala,customer5740@example.com,6537789218,Bhopal,2023-11-27
5741,Hemangini Deep,customer5741@example.com,8605472658,Kochi,2025-03-03
5742,Arya Sodhi,customer5742@example.com,8734833969,Kochi,2024-05-03
5743,Odika Chakrabarti,customer5743@example.com,6545369724,Bhopal,2026-01-15
5744,Urvi Jain,customer5744@example.com,7661193340,Ahmedabad,2024-10-11
5745,Fitan Kala,customer5745@example.com,9350243314,Lucknow,2023-06-11
5746,Balendra Kuruvilla,customer5746@example.com,6172028951,Chandigarh,2023-05-09
5747,Chakradev Dube,customer5747@example.com,8720324255,Hyderabad,2025-07-31
5748,Neha Kapadia,customer5748@example.com,6520973066,Nagpur,2024-03-20
5749,Ekapad Sidhu,customer5749@example.com,8698744722,Bengaluru,2023-06-15
5750,Tanay Parsa,customer5750@example.com,8417447056,Kochi,2026-06-15
5751,Aahana Viswanathan,customer5751@example.com,7147087075,Mumbai,2025-11-02
5752,Geetika Doshi,customer5752@example.com,9390662593,Mumbai,2023-12-31
5753,Darpan Ravi,customer5753@example.com,9679448888,Chandigarh,2026-05-04
5754,Radhika Barad,customer5754@example.com,8233841305,Pune,2023-08-01
5755,Sara Hari,customer5755@example.com,6267885987,Mumbai,2025-03-22
5756,Zayan Mistry,customer5756@example.com,7973262043,Jaipur,2023-01-04
5757,Chavvi Goel,customer5757@example.com,8254027826,Nagpur,2026-01-20
5758,Vedant Raja,customer5758@example.com,7956404048,Bhopal,2024-09-18
5759,Nidra Devi,customer5759@example.com,6967912271,Delhi,2024-09-06
5760,Ganga Natt,customer5760@example.com,6885969184,Chandigarh,2026-01-31
5761,Sanaya Sawhney,customer5761@example.com,7293245463,Ahmedabad,2023-02-04
5762,Chandresh Ramaswamy,customer5762@example.com,6902164248,Kolkata,2023-06-01
5763,Saumya Nayak,customer5763@example.com,6975064218,Chennai,2025-01-04
5764,Fariq Patla,customer5764@example.com,6241350802,Indore,2024-03-28
5765,Nathaniel Jha,customer5765@example.com,8178710282,Chandigarh,2026-02-08
5766,Aditya Bandi,customer5766@example.com,7944417988,Nagpur,2024-12-15
5767,Ekta Chhabra,customer5767@example.com,6924765550,Ahmedabad,2023-12-15
5768,Wakeeta More,customer5768@example.com,6118696830,Ahmedabad,2025-11-01
5769,Harsh Kaur,customer5769@example.com,9495466828,Mumbai,2023-10-12
5770,Fiyaz Chaudhry,customer5770@example.com,8868635149,Nagpur,2023-10-24
5771,Yashica Rama,customer5771@example.com,7120951549,Nashik,2023-08-04
5772,Anirudh Dhar,customer5772@example.com,9115548509,Chandigarh,2024-08-01
5773,Chakrika Saxena,customer5773@example.com,7698246096,Hyderabad,2024-09-16
5774,Chatura Goel,customer5774@example.com,9335090200,Nashik,2025-09-06
5775,Arjun Ravi,customer5775@example.com,8848576310,Hyderabad,2025-08-19
5776,Vivaan Murty,customer5776@example.com,6192946265,Kolkata,2024-06-14
5777,Fiyaz Goel,customer5777@example.com,8636171661,Nashik,2024-03-29
5778,Fitan Deshmukh,customer5778@example.com,9163452391,Bengaluru,2023-11-12
5779,Raksha Murthy,customer5779@example.com,9254311571,Nashik,2025-06-16
5780,Daniel Anne,customer5780@example.com,9324727149,Kolkata,2023-01-22
5781,Omisha Bedi,customer5781@example.com,8362435199,Indore,2025-12-24
5782,Ekaja Choudhry,customer5782@example.com,8526312565,Ahmedabad,2023-07-09
5783,Tanish Goswami,customer5783@example.com,9891882613,Indore,2023-03-20
5784,Aashi Sarraf,customer5784@example.com,7414434327,Nagpur,2025-10-11
5785,Azad Sarma,customer5785@example.com,8818971623,Ahmedabad,2025-12-14
5786,Caleb Tailor,customer5786@example.com,8853902684,Chennai,2024-01-16
5787,Saanvi Halder,customer5787@example.com,8709995184,Hyderabad,2024-01-29
5788,Ubika Bawa,customer5788@example.com,7833207293,Delhi,2025-08-11
5789,Jasmit Bala,customer5789@example.com,7288958420,Chandigarh,2025-06-26
5790,Dominic Bava,customer5790@example.com,6447002108,Bengaluru,2025-03-26
5791,Maya Mani,customer5791@example.com,7747658312,Delhi,2026-06-21
5792,Daksha Arora,customer5792@example.com,7165690115,Ahmedabad,2025-11-08
5793,Jagat Aggarwal,customer5793@example.com,6942813889,Nashik,2025-11-22
5794,Ijaya Date,customer5794@example.com,6435873969,Kochi,2024-11-15
5795,Tanish Sangha,customer5795@example.com,7743427451,Jaipur,2025-06-03
5796,Yashawini Mane,customer5796@example.com,6177659066,Delhi,2024-05-02
5797,Ekbal Mital,customer5797@example.com,9417473015,Hyderabad,2025-11-02
5798,Timothy Nayar,customer5798@example.com,6302031582,Indore,2024-07-21
5799,Jagrati Pal,customer5799@example.com,6252485796,Chandigarh,2024-12-13
5800,Kashvi Oak,customer5800@example.com,6428324538,Jaipur,2023-12-23
5801,Chakradev Pathak,customer5801@example.com,8735946604,Bengaluru,2024-01-02
5802,Ekavir Bandi,customer5802@example.com,7124930683,Hyderabad,2025-04-07
5803,Nikita Sur,customer5803@example.com,8929788246,Mumbai,2023-06-17
5804,Anirudh Rao,customer5804@example.com,6539394618,Kochi,2023-06-03
5805,Daniel Borah,customer5805@example.com,7509627387,Chandigarh,2024-12-23
5806,Reva Sood,customer5806@example.com,7564992698,Kolkata,2023-09-19
5807,Chaitanya Khurana,customer5807@example.com,9623616605,Jaipur,2024-06-26
5808,Xiti Loke,customer5808@example.com,9565608465,Jaipur,2025-04-03
5809,Tejas Hari,customer5809@example.com,6936677126,Bengaluru,2026-06-07
5810,Damyanti Prasad,customer5810@example.com,7468904809,Hyderabad,2024-12-22
5811,Ansh Agate,customer5811@example.com,8788507374,Mumbai,2023-08-20
5812,Vritti Shanker,customer5812@example.com,8602063060,Mumbai,2026-02-07
5813,Naksh Natt,customer5813@example.com,6633744305,Kolkata,2023-11-24
5814,Abhiram Kamdar,customer5814@example.com,9726674981,Indore,2024-01-19
5815,Ijaya Apte,customer5815@example.com,7354724487,Pune,2024-06-30
5816,Wakeeta Kala,customer5816@example.com,6334918996,Bengaluru,2026-01-30
5817,Dhriti Kumer,customer5817@example.com,6630934300,Jaipur,2025-06-27
5818,Mahika Gour,customer5818@example.com,9656451905,Chandigarh,2023-10-24
5819,Hitesh Sharaf,customer5819@example.com,9731920524,Chandigarh,2025-08-15
5820,Qarin Bhat,customer5820@example.com,8856097844,Chennai,2025-11-12
5821,Mason Kanda,customer5821@example.com,9322483760,Kochi,2025-06-06
5822,Darika Narayanan,customer5822@example.com,7962899212,Delhi,2023-06-26
5823,Ekaraj Aurora,customer5823@example.com,7110067284,Chennai,2025-05-25
5824,Balveer Sama,customer5824@example.com,8242746308,Lucknow,2024-07-10
5825,Ishani Konda,customer5825@example.com,6396667107,Bengaluru,2024-12-18
5826,Odika Uppal,customer5826@example.com,8283879815,Bengaluru,2026-06-14
5827,Xavier Atwal,customer5827@example.com,8867597091,Kochi,2025-06-07
5828,Jackson Chakrabarti,customer5828@example.com,7213298403,Chennai,2025-06-20
5829,Maya Sawhney,customer5829@example.com,8788002221,Chandigarh,2023-11-25
5830,Laban Ahuja,customer5830@example.com,6646142481,Chennai,2024-11-29
5831,Gaurika Shan,customer5831@example.com,6254995822,Bhopal,2024-06-07
5832,Shravya Naik,customer5832@example.com,6124084930,Mumbai,2024-04-08
5833,Gagan Garg,customer5833@example.com,6606804702,Kolkata,2025-07-12
5834,Devika Ganesh,customer5834@example.com,6420873575,Mumbai,2023-11-12
5835,Chakradhar Kashyap,customer5835@example.com,6180441432,Lucknow,2025-06-25
5836,Oni Gola,customer5836@example.com,8833098347,Surat,2024-01-10
5837,Lohit Shankar,customer5837@example.com,9626470595,Bengaluru,2023-05-27
5838,Irya Verma,customer5838@example.com,6550642026,Chennai,2025-06-17
5839,Faras Kumer,customer5839@example.com,8396195420,Jaipur,2025-05-06
5840,Ubika Bakshi,customer5840@example.com,8316193619,Indore,2024-09-08
5841,Aarav Saxena,customer5841@example.com,6183527422,Indore,2025-09-03
5842,Gavin Padmanabhan,customer5842@example.com,7312847313,Bengaluru,2025-12-09
5843,Upkaar Ahuja,customer5843@example.com,6817062002,Ahmedabad,2023-06-07
5844,Ranbir Sankar,customer5844@example.com,7202672710,Chennai,2026-01-05
5845,Hardik Garg,customer5845@example.com,8607105520,Chennai,2024-05-22
5846,Ira Vohra,customer5846@example.com,6743671572,Indore,2024-03-10
5847,Vrinda Agrawal,customer5847@example.com,6248932214,Kolkata,2024-08-11
5848,Girindra Saraf,customer5848@example.com,7209484699,Chandigarh,2026-04-03
5849,Isaac Thakur,customer5849@example.com,9159948418,Mumbai,2023-05-31
5850,Siddharth Wason,customer5850@example.com,6662682251,Bengaluru,2023-09-13
5851,Gaurangi Bumb,customer5851@example.com,8188741958,Jaipur,2026-03-31
5852,Ubika Singhal,customer5852@example.com,6381840177,Pune,2024-02-01
5853,Girindra Raj,customer5853@example.com,8376984011,Ahmedabad,2026-03-04
5854,Chandresh Nori,customer5854@example.com,9388744771,Jaipur,2024-11-29
5855,Varenya Warrior,customer5855@example.com,8217226369,Kochi,2023-06-16
5856,Ekalinga Prashad,customer5856@example.com,9168143880,Indore,2025-03-01
5857,Yashoda Srinivasan,customer5857@example.com,7780403142,Hyderabad,2026-06-12
5858,Yashodhara Majumdar,customer5858@example.com,7262492298,Hyderabad,2025-11-22
5859,Deepa Bera,customer5859@example.com,9958891553,Ahmedabad,2026-03-29
5860,Yoshita Devi,customer5860@example.com,7767310612,Ahmedabad,2024-07-07
5861,Vansha Gaba,customer5861@example.com,6198274805,Chennai,2023-12-01
5862,Chatura Goel,customer5862@example.com,8361871530,Delhi,2023-09-03
5863,Chaitaly Yadav,customer5863@example.com,8512868946,Jaipur,2024-09-02
5864,Veer Deshmukh,customer5864@example.com,7961758473,Lucknow,2026-04-09
5865,Daniel Krishnan,customer5865@example.com,7476654516,Mumbai,2026-05-10
5866,Arunima Mallick,customer5866@example.com,7485771168,Pune,2024-03-05
5867,Arya Kakar,customer5867@example.com,8431272748,Surat,2024-09-03
5868,Imaran Bhatti,customer5868@example.com,7837865744,Bengaluru,2024-05-05
5869,Jagvi Hayre,customer5869@example.com,6760276215,Ahmedabad,2023-09-18
5870,Jonathan Arya,customer5870@example.com,8824164080,Nagpur,2023-10-13
5871,Balendra Johal,customer5871@example.com,9365715105,Jaipur,2026-05-07
5872,Aradhana Dixit,customer5872@example.com,7828834156,Chennai,2023-02-21
5873,Karan De,customer5873@example.com,7694088137,Pune,2025-07-09
5874,Widisha Parmer,customer5874@example.com,8308026465,Bengaluru,2025-06-19
5875,Harshil Kohli,customer5875@example.com,8569294385,Kochi,2023-11-23
5876,Rishi Barman,customer5876@example.com,9722662880,Indore,2025-09-14
5877,Yahvi Chander,customer5877@example.com,8788339801,Indore,2025-01-25
5878,Gautami Batta,customer5878@example.com,8926547044,Chennai,2024-06-24
5879,Zehaan Randhawa,customer5879@example.com,6958581788,Indore,2025-05-27
5880,Aarnav Bhandari,customer5880@example.com,7837944875,Bhopal,2024-04-16
5881,Vihaan Sarraf,customer5881@example.com,8588907760,Indore,2023-03-25
5882,Tripti Parekh,customer5882@example.com,8305940490,Kochi,2024-05-18
5883,Gopal Yogi,customer5883@example.com,7676338034,Kolkata,2024-07-29
5884,Kevin Bobal,customer5884@example.com,9362720335,Surat,2025-08-07
5885,Neel Chakraborty,customer5885@example.com,6122153114,Nashik,2024-11-19
5886,Ethan Singh,customer5886@example.com,6222758104,Lucknow,2024-09-08
5887,Kritika Baria,customer5887@example.com,7170724962,Indore,2026-04-09
5888,Tejas Dar,customer5888@example.com,7354574674,Ahmedabad,2023-06-10
5889,Adya Kota,customer5889@example.com,6371141957,Kolkata,2023-06-22
5890,Ekalinga Ram,customer5890@example.com,9721173954,Chennai,2025-04-14
5891,Nicholas Dora,customer5891@example.com,7470828024,Surat,2024-06-08
5892,Samaksh Dani,customer5892@example.com,6833132839,Mumbai,2023-07-24
5893,Vidhi Atwal,customer5893@example.com,6566744172,Kochi,2026-04-03
5894,Jeevika Ravi,customer5894@example.com,6923323021,Surat,2025-04-04
5895,Omisha Ramaswamy,customer5895@example.com,6353010758,Lucknow,2026-05-31
5896,Banjeet Rajagopal,customer5896@example.com,9682993833,Kochi,2024-08-22
5897,Meera Dua,customer5897@example.com,9989061800,Bhopal,2025-07-26
5898,Yauvani Ramesh,customer5898@example.com,9447704153,Bhopal,2024-01-22
5899,Janaki Bhasin,customer5899@example.com,8177884554,Mumbai,2024-09-14
5900,Bhavini Kumar,customer5900@example.com,9173008371,Kolkata,2025-09-23
5901,Balhaar Sastry,customer5901@example.com,7381421433,Delhi,2024-02-26
5902,Mahika Hegde,customer5902@example.com,6210692530,Bengaluru,2023-02-22
5903,Ranbir Kar,customer5903@example.com,6257097108,Mumbai,2023-10-20
5904,Hemangini Anand,customer5904@example.com,9458527151,Chandigarh,2025-03-06
5905,Krisha Ganesh,customer5905@example.com,7141067245,Nagpur,2023-05-09
5906,Ranveer Dayal,customer5906@example.com,9406869250,Chennai,2025-01-13
5907,Lekha Desai,customer5907@example.com,6484155691,Chandigarh,2024-04-23
5908,Jacob Chakrabarti,customer5908@example.com,6491761775,Delhi,2023-06-04
5909,Manan Kumer,customer5909@example.com,8497024385,Chandigarh,2023-06-20
5910,Nirja Devan,customer5910@example.com,9600143711,Bengaluru,2023-03-09
5911,Ekani Lata,customer5911@example.com,7159938552,Indore,2025-10-25
5912,Harrison Varma,customer5912@example.com,9679214559,Surat,2023-07-05
5913,Waida Chaudhari,customer5913@example.com,8763164031,Indore,2026-03-21
5914,Manbir Khatri,customer5914@example.com,6473355796,Kochi,2023-05-27
5915,Frado Rai,customer5915@example.com,8105340534,Pune,2023-03-01
5916,Thomas Iyer,customer5916@example.com,6530847470,Kochi,2024-02-08
5917,Wriddhish Desai,customer5917@example.com,8464021304,Chandigarh,2024-09-06
5918,Triveni Grover,customer5918@example.com,9499022033,Mumbai,2023-10-12
5919,Dakshesh Patla,customer5919@example.com,8887814744,Ahmedabad,2023-11-11
5920,Umang Korpal,customer5920@example.com,9417518707,Indore,2026-01-26
5921,Samaksh Banerjee,customer5921@example.com,8123282710,Bhopal,2026-01-03
5922,Faras Brar,customer5922@example.com,6729248091,Surat,2023-06-30
5923,Xalak Ravi,customer5923@example.com,7353431147,Chennai,2023-02-03
5924,Kashvi Loke,customer5924@example.com,7441318932,Ahmedabad,2026-03-02
5925,Unni Ramakrishnan,customer5925@example.com,8972151239,Delhi,2026-03-25
5926,Xalak Narayanan,customer5926@example.com,7932962233,Nashik,2023-10-02
5927,Neelima Loyal,customer5927@example.com,9602744155,Indore,2025-09-14
5928,Ryan Patel,customer5928@example.com,8831555668,Chandigarh,2023-12-05
5929,Rajeshri Prabhakar,customer5929@example.com,6685790753,Jaipur,2023-01-04
5930,Anika Ramaswamy,customer5930@example.com,7871656447,Jaipur,2023-03-14
5931,Yadavi Raja,customer5931@example.com,7677754504,Surat,2025-08-28
5932,Raagini Joshi,customer5932@example.com,7757494278,Bengaluru,2023-07-27
5933,Jonathan Brar,customer5933@example.com,8151152607,Chennai,2025-02-21
5934,Hemal Mangal,customer5934@example.com,9730722258,Kochi,2023-02-21
5935,Anthony Wason,customer5935@example.com,8783156857,Surat,2023-12-29
5936,Gaurangi Mohan,customer5936@example.com,7359533596,Delhi,2025-02-27
5937,Harita Goyal,customer5937@example.com,6202910871,Surat,2023-02-06
5938,Luke Naidu,customer5938@example.com,6735273503,Indore,2025-12-05
5939,Lakshmi Ranganathan,customer5939@example.com,9731212822,Surat,2025-02-24
5940,Sanya Gopal,customer5940@example.com,8379341636,Nagpur,2025-12-21
5941,Wriddhish Arya,customer5941@example.com,7813973499,Ahmedabad,2026-06-19
5942,Anya Deshpande,customer5942@example.com,9878149726,Ahmedabad,2023-12-20
5943,Jhalak Dani,customer5943@example.com,6767744870,Delhi,2023-03-12
5944,Pratyush Rajan,customer5944@example.com,8269666637,Kochi,2024-06-12
5945,Bhavika Ben,customer5945@example.com,9296611372,Surat,2025-06-07
5946,Rohan Kota,customer5946@example.com,8747603773,Kochi,2025-08-06
5947,Ojasvi Dada,customer5947@example.com,9408882811,Nashik,2024-03-09
5948,Edhitha More,customer5948@example.com,7898126188,Nashik,2023-07-31
5949,Daksh Sethi,customer5949@example.com,6404790752,Surat,2025-08-25
5950,Thomas Shankar,customer5950@example.com,7505774938,Bhopal,2025-01-06
5951,Hemang Badami,customer5951@example.com,6920205161,Bhopal,2024-05-05
5952,Jairaj Tandon,customer5952@example.com,7277239502,Delhi,2025-03-11
5953,Oliver Dhar,customer5953@example.com,7722736064,Nagpur,2025-07-17
5954,Fariq Pillay,customer5954@example.com,6937688223,Delhi,2025-03-25
5955,George Mand,customer5955@example.com,8720474063,Indore,2025-08-08
5956,Naksh Kadakia,customer5956@example.com,9380570257,Ahmedabad,2024-03-18
5957,Ati Goda,customer5957@example.com,7305733047,Mumbai,2025-04-02
5958,Yashasvi Sharma,customer5958@example.com,6811665541,Kochi,2025-09-20
5959,Amara Tara,customer5959@example.com,6315473550,Ahmedabad,2025-12-29
5960,Isaiah Tank,customer5960@example.com,6127342850,Delhi,2024-07-04
5961,Nihal Bakshi,customer5961@example.com,6343385874,Delhi,2024-10-23
5962,Harita Divan,customer5962@example.com,9766147787,Nashik,2023-04-08
5963,Sai Shere,customer5963@example.com,9601705078,Chandigarh,2024-10-14
5964,Kevin Sani,customer5964@example.com,9663554394,Jaipur,2023-02-21
5965,Ekiya Ray,customer5965@example.com,9132370271,Surat,2023-02-08
5966,Robert Sidhu,customer5966@example.com,7130251750,Ahmedabad,2024-09-12
5967,Isaac Mallick,customer5967@example.com,9442286940,Kochi,2023-02-12
5968,Chakradhar Parikh,customer5968@example.com,8788177365,Surat,2024-04-20
5969,Reva Yadav,customer5969@example.com,8998955896,Jaipur,2024-02-13
5970,Aryan Pillai,customer5970@example.com,6771017489,Surat,2023-03-18
5971,Zilmil Bath,customer5971@example.com,6588522550,Pune,2024-11-13
5972,Aryan Doshi,customer5972@example.com,8549523083,Ahmedabad,2024-07-01
5973,Pranav Dave,customer5973@example.com,9776845275,Nashik,2023-04-02
5974,Dayamai Grewal,customer5974@example.com,6287539654,Chandigarh,2024-12-19
5975,Ubika Hayer,customer5975@example.com,8853558859,Delhi,2025-03-25
5976,Pavani Bala,customer5976@example.com,7955294754,Indore,2023-08-05
5977,Utkarsh Dasgupta,customer5977@example.com,7973867629,Pune,2024-12-01
5978,Mitali Wadhwa,customer5978@example.com,6980110487,Chandigarh,2026-06-16
5979,Warda Gala,customer5979@example.com,8876844014,Kolkata,2024-07-14
5980,Rushil Dara,customer5980@example.com,8549093230,Pune,2026-01-03
5981,Kritika Pal,customer5981@example.com,9800016986,Chandigarh,2023-11-05
5982,Mitesh Vasa,customer5982@example.com,6292095919,Bengaluru,2026-06-16
5983,Patrick Bala,customer5983@example.com,6795678539,Kolkata,2023-12-16
5984,Vedhika Koshy,customer5984@example.com,6301056543,Kochi,2024-05-29
5985,Joshua Prakash,customer5985@example.com,7531341641,Chennai,2023-01-08
5986,Tanay Keer,customer5986@example.com,8913107357,Chennai,2026-02-20
5987,Omkaar Dora,customer5987@example.com,7647243714,Surat,2024-03-05
5988,Utkarsh Gupta,customer5988@example.com,8455919821,Lucknow,2023-02-05
5989,Aarav Mani,customer5989@example.com,7329452488,Ahmedabad,2025-10-14
5990,Urvi Kapadia,customer5990@example.com,8664523177,Ahmedabad,2025-12-05
5991,Umang Dayal,customer5991@example.com,9227596209,Bengaluru,2023-05-26
5992,Pallavi Sane,customer5992@example.com,8709240326,Ahmedabad,2024-07-26
5993,Yashica Palla,customer5993@example.com,8469029119,Mumbai,2025-03-09
5994,Upasna Ranganathan,customer5994@example.com,6215453020,Surat,2023-09-03
5995,Chandran Sharaf,customer5995@example.com,6763966860,Bengaluru,2025-02-21
5996,Yasti Grover,customer5996@example.com,8922894047,Chandigarh,2025-09-01
5997,Widisha Dara,customer5997@example.com,7227376920,Pune,2024-08-01
5998,Ryan Raj,customer5998@example.com,9434928240,Mumbai,2023-01-11
5999,Hardik Atwal,customer5999@example.com,6802816029,Nagpur,2025-08-01
6000,Jeet Dugal,customer6000@example.com,6697969400,Lucknow,2025-05-31
6001,Harish Pandya,customer6001@example.com,8537383422,Indore,2025-11-23
6002,Qadim Chakraborty,customer6002@example.com,8125053317,Kochi,2024-09-29
6003,Radhika Lala,customer6003@example.com,8946243413,Surat,2024-05-13
6004,Neha Sridhar,customer6004@example.com,6857746900,Surat,2024-10-08
6005,Ekta Savant,customer6005@example.com,7586014236,Bhopal,2023-01-19
6006,Karan Dhillon,customer6006@example.com,6203234022,Bengaluru,2023-08-15
6007,Tarak Dua,customer6007@example.com,9126811886,Delhi,2023-08-11
6008,Neel Trivedi,customer6008@example.com,8734863136,Lucknow,2026-06-14
6009,Hitesh Master,customer6009@example.com,9447255851,Surat,2026-02-24
6010,Mitesh Pal,customer6010@example.com,6571430464,Pune,2024-06-02
6011,Qarin Gokhale,customer6011@example.com,7434529493,Lucknow,2023-07-05
6012,Nidhi Bhandari,customer6012@example.com,7469176226,Mumbai,2023-12-14
6013,Qadim Nazareth,customer6013@example.com,8467084994,Jaipur,2025-07-09
6014,Kamya Bawa,customer6014@example.com,8586434836,Pune,2023-04-07
6015,Xavier Srinivas,customer6015@example.com,8967886203,Kochi,2025-03-15
6016,Ekalinga Contractor,customer6016@example.com,7474035124,Lucknow,2024-09-04
6017,Anita Ranganathan,customer6017@example.com,7228348999,Ahmedabad,2025-08-16
6018,Anya Cheema,customer6018@example.com,7436340754,Surat,2023-04-13
6019,Abeer Sunder,customer6019@example.com,7231529884,Kochi,2026-02-27
6020,Veer Mody,customer6020@example.com,6115283869,Hyderabad,2024-02-29
6021,Ekiya Dixit,customer6021@example.com,7580893539,Kolkata,2024-05-19
6022,Ekbal Kannan,customer6022@example.com,7457907043,Kochi,2023-02-21
6023,Owen Rattan,customer6023@example.com,7814738038,Chandigarh,2024-01-09
6024,Yashoda Mangat,customer6024@example.com,7114620513,Jaipur,2024-01-24
6025,Veer Solanki,customer6025@example.com,9354978779,Kochi,2025-03-14
6026,Libni Bhatnagar,customer6026@example.com,7590604996,Delhi,2024-05-19
6027,Aradhana Soni,customer6027@example.com,8131532720,Chennai,2025-01-15
6028,Janaki Nagar,customer6028@example.com,6968760049,Indore,2023-10-25
6029,Elijah Ghosh,customer6029@example.com,8561445096,Bengaluru,2024-03-13
6030,Jyoti Chadha,customer6030@example.com,7194197718,Indore,2023-10-21
6031,Amrita Bora,customer6031@example.com,7488846783,Jaipur,2023-01-29
6032,Hema Narayan,customer6032@example.com,9234774732,Surat,2023-12-10
6033,Anita Badal,customer6033@example.com,6957253973,Delhi,2025-01-06
6034,Keya Kakar,customer6034@example.com,6283625040,Chennai,2023-11-13
6035,Shravya Taneja,customer6035@example.com,8480522720,Kochi,2025-05-12
6036,Qasim Bhasin,customer6036@example.com,6970168367,Chandigarh,2025-12-13
6037,Aadi Devan,customer6037@example.com,7450102524,Nashik,2023-03-09
6038,Zehaan Ganguly,customer6038@example.com,6334276286,Ahmedabad,2026-01-05
6039,Nathan Aurora,customer6039@example.com,8631408090,Jaipur,2025-06-01
6040,Watika Char,customer6040@example.com,6751505505,Ahmedabad,2026-02-25
6041,Gaurav Doctor,customer6041@example.com,8492667703,Indore,2023-03-07
6042,Ethan Jaggi,customer6042@example.com,9446710663,Nagpur,2024-10-18
6043,Qushi Raval,customer6043@example.com,9212808937,Pune,2023-05-26
6044,Sudiksha Ravi,customer6044@example.com,8861419149,Nagpur,2024-12-12
6045,Urvi Kale,customer6045@example.com,9127237527,Nagpur,2025-03-25
6046,Nitesh Sandhu,customer6046@example.com,6263042809,Delhi,2025-09-08
6047,Veda Kashyap,customer6047@example.com,8731372223,Hyderabad,2025-06-26
6048,Qasim Deo,customer6048@example.com,7467073768,Nashik,2023-05-06
6049,Lopa Bala,customer6049@example.com,7705745035,Jaipur,2024-09-03
6050,Harinakshi Wali,customer6050@example.com,6932783807,Ahmedabad,2024-01-20
6051,Osha Pandey,customer6051@example.com,7793814390,Bengaluru,2026-02-12
6052,Sarthak More,customer6052@example.com,6618243912,Lucknow,2026-01-21
6053,Jack Chand,customer6053@example.com,8385558633,Kochi,2024-06-21
6054,Falguni More,customer6054@example.com,9370189243,Jaipur,2023-05-25
6055,Azaan Vala,customer6055@example.com,7770605824,Indore,2023-05-11
6056,Qabil Kaul,customer6056@example.com,6733575341,Mumbai,2024-10-01
6057,Maanav Bath,customer6057@example.com,7922641919,Kolkata,2024-03-07
6058,Jai Biswas,customer6058@example.com,6907699286,Lucknow,2024-01-30
6059,Arjun Palla,customer6059@example.com,6613751089,Jaipur,2026-03-10
6060,Kritika Magar,customer6060@example.com,9747163036,Surat,2025-12-20
6061,Tanmayi Mander,customer6061@example.com,9346481610,Ahmedabad,2024-08-19
6062,Abhimanyu Bedi,customer6062@example.com,8510975683,Nagpur,2023-02-02
6063,Logan Salvi,customer6063@example.com,7789831972,Nashik,2025-07-16
6064,Meghana Mohan,customer6064@example.com,9264154604,Kolkata,2023-02-03
6065,Radhika Taneja,customer6065@example.com,7351808351,Indore,2023-07-31
6066,Chameli Sem,customer6066@example.com,9316805671,Jaipur,2025-09-08
6067,Dayamai Chakraborty,customer6067@example.com,9200279594,Bengaluru,2023-06-01
6068,Saksham Rajan,customer6068@example.com,7756067254,Ahmedabad,2023-07-30
6069,Pooja Bandi,customer6069@example.com,7486990651,Mumbai,2024-01-02
6070,Ganga Bali,customer6070@example.com,6785043182,Bengaluru,2026-04-17
6071,Niharika Konda,customer6071@example.com,7304137873,Chandigarh,2025-07-18
6072,Divya Kannan,customer6072@example.com,9509475334,Nashik,2023-10-21
6073,Rushil Barad,customer6073@example.com,6452957201,Lucknow,2026-05-23
6074,Anita Sandhu,customer6074@example.com,9859706445,Nagpur,2024-08-05
6075,Ucchal Sastry,customer6075@example.com,7622735781,Nagpur,2026-04-20
6076,Imaran Parmar,customer6076@example.com,6620918349,Kochi,2023-08-22
6077,Lajita Kapoor,customer6077@example.com,8148592315,Pune,2024-08-29
6078,Samesh Bawa,customer6078@example.com,9238595793,Lucknow,2026-06-08
6079,Unnati Anand,customer6079@example.com,6599677465,Mumbai,2023-03-20
6080,Jhalak Palla,customer6080@example.com,8229110659,Bhopal,2024-11-05
6081,Neel Wadhwa,customer6081@example.com,6876444582,Chennai,2023-02-11
6082,Turvi Sachdev,customer6082@example.com,7719240173,Mumbai,2026-06-27
6083,Pooja Mistry,customer6083@example.com,8382994354,Hyderabad,2025-01-11
6084,Farhan Murthy,customer6084@example.com,8471821293,Surat,2025-09-13
6085,Gautami Ramaswamy,customer6085@example.com,8884167130,Indore,2025-03-29
6086,Baghyawati Sachdev,customer6086@example.com,7102154350,Lucknow,2023-01-09
6087,Yug Misra,customer6087@example.com,8123141600,Kolkata,2023-01-13
6088,Adweta Master,customer6088@example.com,6337907612,Delhi,2024-11-20
6089,Damyanti Kurian,customer6089@example.com,9725654287,Surat,2024-11-07
6090,Dalaja Dara,customer6090@example.com,6147131078,Nashik,2025-03-28
6091,Yash Kibe,customer6091@example.com,8869466605,Pune,2025-06-20
6092,Anya Seshadri,customer6092@example.com,7101230384,Bengaluru,2026-06-23
6093,Upkaar Madan,customer6093@example.com,9700378982,Jaipur,2023-02-07
6094,Aishani Badal,customer6094@example.com,7788715133,Nashik,2023-10-19
6095,Madhav Kapur,customer6095@example.com,7656844231,Nagpur,2024-07-31
6096,Falguni Tella,customer6096@example.com,9677533728,Pune,2024-08-27
6097,Kabir Sood,customer6097@example.com,8500504356,Nagpur,2025-09-10
6098,Anamika Chaudhry,customer6098@example.com,9742798398,Nashik,2023-02-28
6099,Nakul Chawla,customer6099@example.com,7795452389,Ahmedabad,2025-02-27
6100,Sanaya Dayal,customer6100@example.com,8824800115,Lucknow,2023-10-28
6101,Oscar Contractor,customer6101@example.com,8149174887,Mumbai,2026-01-12
6102,Caleb Srinivas,customer6102@example.com,8788003414,Indore,2023-03-28
6103,Charvi Venkataraman,customer6103@example.com,6663371262,Delhi,2023-12-13
6104,Reyansh Mangat,customer6104@example.com,7232919899,Chennai,2026-03-05
6105,Kamala Nayar,customer6105@example.com,9529926847,Nashik,2024-02-16
6106,Kevin Dass,customer6106@example.com,8792947067,Pune,2023-09-04
6107,Yash Anne,customer6107@example.com,6702447137,Surat,2026-04-07
6108,Chasmum Mall,customer6108@example.com,9699557040,Kolkata,2023-01-13
6109,Daksha Raj,customer6109@example.com,8841643428,Bhopal,2023-07-19
6110,Manbir Kapoor,customer6110@example.com,6933890980,Chandigarh,2025-01-07
6111,Ayaan Dhaliwal,customer6111@example.com,6326982270,Chennai,2024-06-18
6112,Hredhaan Deshpande,customer6112@example.com,9518082087,Hyderabad,2024-07-09
6113,Samar Shenoy,customer6113@example.com,7213003393,Kochi,2023-11-30
6114,Maya Parekh,customer6114@example.com,6566628730,Surat,2025-07-19
6115,Ranveer Narayanan,customer6115@example.com,9591950919,Nagpur,2025-11-24
6116,Urishilla Agate,customer6116@example.com,6429779836,Bengaluru,2024-02-20
6117,Farhan Kamdar,customer6117@example.com,9658560080,Hyderabad,2023-12-13
6118,Advika Patel,customer6118@example.com,6263882861,Lucknow,2024-06-18
6119,Ranbir Lad,customer6119@example.com,9621476753,Nashik,2024-10-25
6120,Mekhala Rama,customer6120@example.com,6814316931,Chandigarh,2024-10-01
6121,Frado Bora,customer6121@example.com,9860831739,Nagpur,2026-06-13
6122,Kamala Bava,customer6122@example.com,9169204180,Bengaluru,2026-02-22
6123,Chaman Goswami,customer6123@example.com,8959912271,Bhopal,2025-04-15
6124,Nikita Dugar,customer6124@example.com,7727367006,Bengaluru,2025-08-12
6125,Bahadurjit Kothari,customer6125@example.com,8313942195,Surat,2024-02-28
6126,Dayita Shankar,customer6126@example.com,7586411236,Hyderabad,2024-05-30
6127,Qadim Lanka,customer6127@example.com,6445004772,Nagpur,2025-09-19
6128,Sarthak Chokshi,customer6128@example.com,8562659919,Indore,2025-01-24
6129,Charvi Kata,customer6129@example.com,9779312044,Lucknow,2025-05-30
6130,Ojasvi Thaman,customer6130@example.com,8194208220,Hyderabad,2025-01-10
6131,Ayaan Bali,customer6131@example.com,7269047292,Lucknow,2025-04-06
6132,Lohit Mand,customer6132@example.com,8605595817,Kochi,2025-11-28
6133,Chandresh Dua,customer6133@example.com,8122379444,Bhopal,2024-05-06
6134,Vidhi Sarma,customer6134@example.com,7908657923,Ahmedabad,2025-10-04
6135,Devansh Shroff,customer6135@example.com,7197599867,Kochi,2025-09-29
6136,Raghav Barad,customer6136@example.com,8816113830,Delhi,2025-03-14
6137,Sarthak Nagar,customer6137@example.com,9487281294,Pune,2023-03-21
6138,Mohammed Kari,customer6138@example.com,6720528393,Chandigarh,2023-12-13
6139,Champak Gade,customer6139@example.com,7563273803,Chandigarh,2024-06-02
6140,Avni Sami,customer6140@example.com,9541548878,Surat,2025-09-03
6141,Hamsini Golla,customer6141@example.com,7721836413,Lucknow,2023-04-25
6142,Gayathri Dutta,customer6142@example.com,9554746940,Hyderabad,2024-07-26
6143,Sai Deol,customer6143@example.com,9103770038,Lucknow,2026-01-30
6144,Vivaan Andra,customer6144@example.com,8310292418,Surat,2024-01-20
6145,Amol Desai,customer6145@example.com,9431291604,Nagpur,2024-05-12
6146,Nandini Chokshi,customer6146@example.com,9821817031,Indore,2026-03-10
6147,Samarth Anne,customer6147@example.com,9770077519,Bhopal,2023-10-27
6148,Anthony Kanda,customer6148@example.com,9856097944,Indore,2023-03-17
6149,Zehaan Rege,customer6149@example.com,7854977420,Lucknow,2026-01-03
6150,Ridhi Bir,customer6150@example.com,9863219174,Chennai,2025-10-02
6151,Priya Shan,customer6151@example.com,6781438634,Kolkata,2025-03-14
6152,Advaith Sarma,customer6152@example.com,6211596276,Pune,2025-05-21
6153,Lucky Sridhar,customer6153@example.com,9498424533,Chennai,2023-01-31
6154,Divya Krish,customer6154@example.com,7865748636,Lucknow,2026-02-25
6155,Oscar Mall,customer6155@example.com,6869868224,Hyderabad,2023-07-28
6156,Shivansh Bhalla,customer6156@example.com,8298865769,Kolkata,2023-03-09
6157,Oscar Kashyap,customer6157@example.com,8692912511,Ahmedabad,2024-04-11
6158,Vinaya Garde,customer6158@example.com,9336203946,Hyderabad,2025-01-02
6159,Ayush Kalita,customer6159@example.com,8530439652,Indore,2025-11-08
6160,Karan Batra,customer6160@example.com,7328653103,Surat,2024-01-03
6161,Chaman Shanker,customer6161@example.com,9712859962,Kochi,2024-07-15
6162,Amol Chand,customer6162@example.com,7144962203,Kolkata,2023-06-10
6163,Nicholas Gade,customer6163@example.com,9269521001,Mumbai,2025-02-24
6164,Brinda Ben,customer6164@example.com,9842484622,Nashik,2024-02-03
6165,Dalbir Sarna,customer6165@example.com,7954629625,Chandigarh,2024-03-12
6166,Aashi Shere,customer6166@example.com,8995580586,Kochi,2025-06-29
6167,Vamakshi Tandon,customer6167@example.com,8948674318,Chandigarh,2025-03-28
6168,Abha Sachdev,customer6168@example.com,6849876519,Nashik,2025-03-07
6169,Qadim Lalla,customer6169@example.com,7509558538,Jaipur,2023-10-14
6170,Libni Parsa,customer6170@example.com,7332292554,Mumbai,2023-12-03
6171,Ridhi Dube,customer6171@example.com,8192727939,Ahmedabad,2023-08-19
6172,Manbir Nori,customer6172@example.com,6280842961,Jaipur,2025-07-03
6173,Pranit Dugal,customer6173@example.com,9752783881,Lucknow,2025-01-06
6174,Banjeet Oza,customer6174@example.com,8986034059,Lucknow,2023-09-04
6175,Meera Walla,customer6175@example.com,6195534026,Chandigarh,2025-05-03
6176,Aachal Tripathi,customer6176@example.com,8439126378,Ahmedabad,2023-09-11
6177,Yug Sunder,customer6177@example.com,7760085677,Kochi,2026-04-09
6178,Raghav Seth,customer6178@example.com,7367871969,Ahmedabad,2023-03-25
6179,Quincy Chaudhry,customer6179@example.com,6860383943,Chennai,2025-06-19
6180,Frado Chadha,customer6180@example.com,8277387785,Hyderabad,2024-10-20
6181,Jagdish Wali,customer6181@example.com,8631584905,Hyderabad,2023-05-21
6182,Yochana Barman,customer6182@example.com,8995834316,Nashik,2025-11-20
6183,Hiral Sagar,customer6183@example.com,8195436910,Bengaluru,2025-09-20
6184,Ethan Sha,customer6184@example.com,7286695342,Bengaluru,2025-12-27
6185,Vedhika Manne,customer6185@example.com,9333080866,Hyderabad,2023-09-19
6186,Umang Dora,customer6186@example.com,8252123357,Bhopal,2025-12-03
6187,Hemang Krishnamurthy,customer6187@example.com,6956987070,Ahmedabad,2025-09-24
6188,Pranav Nadkarni,customer6188@example.com,9469889156,Delhi,2024-06-01
6189,Wakeeta Chaudry,customer6189@example.com,7768957900,Jaipur,2025-04-27
6190,Parth Dhar,customer6190@example.com,6113255945,Nagpur,2023-02-12
6191,Lipika Kumar,customer6191@example.com,6296929259,Chandigarh,2023-05-14
6192,Thomas Sha,customer6192@example.com,7113178962,Hyderabad,2026-03-01
6193,Nihal Bail,customer6193@example.com,9851389537,Bengaluru,2025-07-17
6194,Bimala Doctor,customer6194@example.com,7900432569,Chandigarh,2023-07-23
6195,Isaiah Prashad,customer6195@example.com,9373412037,Pune,2025-04-07
6196,Krisha Nagi,customer6196@example.com,8209929646,Kolkata,2026-02-22
6197,Lavanya Handa,customer6197@example.com,9867614570,Lucknow,2025-05-18
6198,Aarav Zacharia,customer6198@example.com,7738076247,Kochi,2025-03-22
6199,Samaksh Mann,customer6199@example.com,7963472973,Kolkata,2024-07-23
6200,Chasmum Savant,customer6200@example.com,8374152011,Indore,2025-10-08
6201,Dalaja Thakkar,customer6201@example.com,6775138150,Surat,2025-03-31
6202,Yashoda Narayanan,customer6202@example.com,9730821221,Mumbai,2024-08-28
6203,Anika Shetty,customer6203@example.com,8562213640,Bhopal,2025-12-17
6204,Ojas Anne,customer6204@example.com,6743712642,Mumbai,2024-06-08
6205,Krishna Tripathi,customer6205@example.com,9330174206,Jaipur,2026-05-30
6206,Ekbal Munshi,customer6206@example.com,9724843231,Bhopal,2023-06-02
6207,Sara Taneja,customer6207@example.com,6667152659,Bengaluru,2024-08-05
6208,Qabil Ranganathan,customer6208@example.com,7526602514,Bengaluru,2024-08-15
6209,Shaurya Dutta,customer6209@example.com,9921672834,Hyderabad,2024-03-19
6210,Oeshi Kaul,customer6210@example.com,8464533239,Bhopal,2025-06-07
6211,Qasim Sethi,customer6211@example.com,9836438469,Chandigarh,2024-03-05
6212,Urvi Nagar,customer6212@example.com,9428846113,Kochi,2025-09-23
6213,Nathaniel Parmer,customer6213@example.com,9794527770,Nashik,2024-11-30
6214,Anay Sahota,customer6214@example.com,9408031175,Kochi,2025-02-13
6215,Mohini Palla,customer6215@example.com,6836713006,Mumbai,2023-03-01
6216,Lucky Desai,customer6216@example.com,8759840374,Indore,2026-06-21
6217,Jyoti Dugar,customer6217@example.com,6586089373,Bhopal,2023-10-10
6218,Bhavika Dada,customer6218@example.com,8965030086,Bhopal,2023-09-15
6219,Ekantika Roy,customer6219@example.com,8676757904,Surat,2025-11-16
6220,Brijesh Doshi,customer6220@example.com,6483984416,Nagpur,2024-08-09
6221,Diya Ratti,customer6221@example.com,6232345249,Ahmedabad,2024-01-17
6222,Rajata Konda,customer6222@example.com,6576738165,Kolkata,2023-11-23
6223,Mitesh Rege,customer6223@example.com,8800631016,Surat,2023-03-25
6224,Chaman Gole,customer6224@example.com,6476019290,Lucknow,2024-02-28
6225,Raagini Purohit,customer6225@example.com,7424444773,Hyderabad,2023-12-13
6226,Gautami Lad,customer6226@example.com,8338828159,Nagpur,2025-09-14
6227,Harinakshi Chatterjee,customer6227@example.com,7652124909,Chennai,2026-06-27
6228,Samarth Chhabra,customer6228@example.com,8467398684,Delhi,2026-06-21
6229,Banjeet Bassi,customer6229@example.com,6239274060,Kolkata,2023-10-17
6230,Udarsh Dugar,customer6230@example.com,6256322124,Jaipur,2023-03-26
6231,Fiyaz Goel,customer6231@example.com,6570421832,Ahmedabad,2024-04-09
6232,Girindra Ghose,customer6232@example.com,6390043877,Kolkata,2023-08-28
6233,Kashish Minhas,customer6233@example.com,7427743872,Ahmedabad,2024-12-21
6234,Kashish Yohannan,customer6234@example.com,6523344199,Delhi,2026-05-30
6235,Radhika Sahni,customer6235@example.com,6744947470,Kolkata,2026-06-17
6236,Neelima Misra,customer6236@example.com,9457858747,Pune,2026-06-25
6237,Hemang Choudhary,customer6237@example.com,7488279044,Pune,2023-10-10
6238,Adweta Yogi,customer6238@example.com,8430827148,Bengaluru,2023-12-13
6239,Lopa More,customer6239@example.com,7503968891,Mumbai,2023-12-03
6240,Kiaan Acharya,customer6240@example.com,9791705124,Jaipur,2024-04-06
6241,Lipika Goel,customer6241@example.com,8285190847,Pune,2025-03-08
6242,Riya Vohra,customer6242@example.com,7808491383,Bengaluru,2023-09-22
6243,Yash Murthy,customer6243@example.com,9374039288,Mumbai,2026-05-27
6244,Lipika Ratti,customer6244@example.com,6267738331,Lucknow,2023-04-19
6245,Mohini Mukhopadhyay,customer6245@example.com,6991868778,Bengaluru,2025-04-07
6246,Radhika Dayal,customer6246@example.com,7217566705,Indore,2025-10-28
6247,Chaman Gole,customer6247@example.com,6257354096,Hyderabad,2023-02-10
6248,Lohit Sarin,customer6248@example.com,9363910229,Chennai,2025-02-06
6249,Praneel Borde,customer6249@example.com,8120439917,Bhopal,2023-03-19
6250,Qadim Badal,customer6250@example.com,9670100363,Mumbai,2026-05-04
6251,Devansh Bath,customer6251@example.com,7132899444,Jaipur,2025-06-04
6252,Nihal Kulkarni,customer6252@example.com,8578856099,Kochi,2023-11-02
6253,Isaiah Manda,customer6253@example.com,7396490247,Kolkata,2026-03-22
6254,Yasti Choudhury,customer6254@example.com,9221251437,Kochi,2026-05-24
6255,Urishilla Sekhon,customer6255@example.com,8742326328,Indore,2024-06-26
6256,Niharika Mall,customer6256@example.com,8389092653,Indore,2023-07-13
6257,Naveen Varkey,customer6257@example.com,6218433840,Surat,2024-10-08
6258,Indrajit Bahri,customer6258@example.com,9279506626,Kochi,2025-03-13
6259,Theodore Sankaran,customer6259@example.com,7153840387,Pune,2023-01-10
6260,Nimrat Bail,customer6260@example.com,8503145645,Lucknow,2023-08-12
6261,Aarnav Bhatia,customer6261@example.com,7730841761,Bengaluru,2024-08-11
6262,Ijaya Hegde,customer6262@example.com,9228954843,Kochi,2023-01-09
6263,Gayathri Hari,customer6263@example.com,9636233012,Hyderabad,2024-08-01
6264,Ranbir Char,customer6264@example.com,7249097362,Chandigarh,2023-07-25
6265,Ekanta Batra,customer6265@example.com,7214118630,Kochi,2025-01-14
6266,Praneel Madan,customer6266@example.com,7998504482,Bengaluru,2025-09-28
6267,Wahab Agarwal,customer6267@example.com,6955463072,Jaipur,2023-12-10
6268,Neel Sahni,customer6268@example.com,8981264490,Bhopal,2024-12-03
6269,David Bhasin,customer6269@example.com,6930628038,Nagpur,2024-02-16
6270,Mitali Walla,customer6270@example.com,6679089148,Kolkata,2026-03-30
6271,Nihal Shankar,customer6271@example.com,7730655969,Ahmedabad,2024-08-14
6272,Yagnesh Karan,customer6272@example.com,9876280887,Lucknow,2023-06-17
6273,Samuel Thaker,customer6273@example.com,9193564839,Kolkata,2026-04-13
6274,Samar Kala,customer6274@example.com,6348400005,Pune,2026-05-28
6275,Nikita Chacko,customer6275@example.com,8711795965,Mumbai,2023-05-02
6276,Ishaan Rau,customer6276@example.com,8438886944,Indore,2025-06-13
6277,Mitali Sha,customer6277@example.com,9356574514,Surat,2025-12-12
6278,Yug Saraf,customer6278@example.com,9198498809,Chandigarh,2025-04-18
6279,Ikbal Acharya,customer6279@example.com,8113100767,Kolkata,2023-08-06
6280,Ranveer Dubey,customer6280@example.com,6996316096,Nagpur,2026-04-02
6281,Sai Kara,customer6281@example.com,8748081881,Surat,2024-05-11
6282,Hardik Zachariah,customer6282@example.com,6521312086,Jaipur,2024-11-15
6283,Ikshita Grover,customer6283@example.com,9490351203,Nashik,2023-11-15
6284,Dev Wadhwa,customer6284@example.com,6318989272,Hyderabad,2024-09-08
6285,Eshana Bahri,customer6285@example.com,8707223832,Nashik,2024-07-14
6286,Vasatika Tailor,customer6286@example.com,7695874803,Surat,2026-02-28
6287,Girish Bassi,customer6287@example.com,6482510276,Pune,2024-09-02
6288,Kamala Ganesh,customer6288@example.com,8330957775,Ahmedabad,2023-04-19
6289,Harish Lata,customer6289@example.com,6378244359,Chandigarh,2026-01-10
6290,Falan Datta,customer6290@example.com,9500264292,Pune,2024-09-27
6291,Sai Rout,customer6291@example.com,7825293980,Lucknow,2024-01-02
6292,Triveni Thakur,customer6292@example.com,8811045475,Delhi,2024-02-18
6293,Indira Saini,customer6293@example.com,8879980325,Indore,2023-01-11
6294,Chandani Palla,customer6294@example.com,7333188653,Mumbai,2026-02-19
6295,Pranav Badal,customer6295@example.com,7612832961,Kolkata,2023-05-05
6296,Mahika Puri,customer6296@example.com,9123241693,Mumbai,2024-11-24
6297,Mohini Walla,customer6297@example.com,8126371800,Pune,2025-03-09
6298,Onkar Pandya,customer6298@example.com,6141543258,Bengaluru,2025-06-30
6299,Lakshit Naik,customer6299@example.com,6785351801,Bengaluru,2025-11-06
6300,Samarth Morar,customer6300@example.com,9924923554,Bhopal,2024-05-03
6301,Hemal Nanda,customer6301@example.com,9559810580,Ahmedabad,2026-03-12
6302,Anjali Saran,customer6302@example.com,6322822647,Kochi,2023-11-27
6303,Sai Misra,customer6303@example.com,9267458291,Indore,2023-10-10
6304,Arin Saxena,customer6304@example.com,8514387133,Chandigarh,2024-06-13
6305,Vaishnavi Dhar,customer6305@example.com,7788283942,Jaipur,2026-06-28
6306,Pallavi Modi,customer6306@example.com,8573203081,Hyderabad,2023-06-28
6307,Raksha Randhawa,customer6307@example.com,9364294717,Indore,2024-11-22
6308,Anthony Aggarwal,customer6308@example.com,9637709273,Nashik,2024-08-17
6309,Damyanti Tank,customer6309@example.com,7682393675,Nagpur,2026-02-16
6310,Indira Mane,customer6310@example.com,7669893250,Nashik,2025-07-23
6311,Anya Borra,customer6311@example.com,6551232387,Kolkata,2024-07-27
6312,Yamini Mittal,customer6312@example.com,9287800421,Ahmedabad,2024-07-26
6313,Nirja Shere,customer6313@example.com,7966760419,Chennai,2024-06-30
6314,Bhavya Shanker,customer6314@example.com,8597920176,Pune,2023-04-21
6315,Samuel Rastogi,customer6315@example.com,7448090991,Kolkata,2024-11-04
6316,Lajita Master,customer6316@example.com,8607923843,Pune,2025-08-01
6317,Alka Mann,customer6317@example.com,7491266359,Nagpur,2026-01-26
6318,Advaith Ganesan,customer6318@example.com,6267938609,Bengaluru,2023-11-21
6319,Advaith Narain,customer6319@example.com,9812129043,Chennai,2023-12-06
6320,Jagat Balay,customer6320@example.com,7521289215,Nagpur,2026-04-12
6321,Mohini Dewan,customer6321@example.com,7314101527,Indore,2024-09-08
6322,Balveer Ranganathan,customer6322@example.com,8456226125,Ahmedabad,2023-02-15
6323,Bimala Bhat,customer6323@example.com,9396652325,Chandigarh,2025-05-05
6324,Praneel Madan,customer6324@example.com,7108780363,Bhopal,2023-04-21
6325,Jagrati Venkatesh,customer6325@example.com,8805322477,Ahmedabad,2024-02-22
6326,Timothy Acharya,customer6326@example.com,6465477407,Jaipur,2026-05-05
6327,Benjamin Narayan,customer6327@example.com,7767938468,Jaipur,2025-09-17
6328,Dalaja Zachariah,customer6328@example.com,9978243274,Kolkata,2023-07-13
6329,Urvi Lala,customer6329@example.com,6802221255,Indore,2025-05-04
6330,Idika Sagar,customer6330@example.com,6566480926,Chandigarh,2024-07-21
6331,Akshay Dixit,customer6331@example.com,8666645596,Surat,2025-02-07
6332,Kamala Arya,customer6332@example.com,8543844418,Bhopal,2023-10-19
6333,Aadi Kala,customer6333@example.com,7618978462,Pune,2026-04-22
6334,Hemani Ramakrishnan,customer6334@example.com,6554635009,Ahmedabad,2023-12-10
6335,Harsh Parekh,customer6335@example.com,9307859880,Nagpur,2023-09-18
6336,Anay Parmar,customer6336@example.com,6206659127,Ahmedabad,2024-10-21
6337,Brinda Chatterjee,customer6337@example.com,8899295838,Nashik,2024-08-04
6338,Rehaan Sarma,customer6338@example.com,8890049399,Bhopal,2023-01-28
6339,Rachana Sen,customer6339@example.com,6755025438,Chandigarh,2026-03-02
6340,Yadavi Srinivasan,customer6340@example.com,6792218082,Chennai,2025-06-21
6341,Jagat Wali,customer6341@example.com,6573047128,Indore,2023-01-27
6342,Neel Sachdeva,customer6342@example.com,6618754906,Pune,2024-09-10
6343,Azaan Chowdhury,customer6343@example.com,7712082188,Pune,2024-11-26
6344,Prisha Pradhan,customer6344@example.com,7622981206,Hyderabad,2025-11-13
6345,Champak Kashyap,customer6345@example.com,8581889167,Kochi,2025-11-08
6346,Chakrika Mitter,customer6346@example.com,7727775408,Ahmedabad,2023-06-29
6347,Karan Bassi,customer6347@example.com,8713145806,Chandigarh,2024-08-12
6348,Veda Mahal,customer6348@example.com,6249803371,Kolkata,2025-11-24
6349,Pahal Rattan,customer6349@example.com,8987195657,Delhi,2023-11-06
6350,Nitesh Mitra,customer6350@example.com,9589061340,Chandigarh,2023-02-17
6351,Krishna Dhar,customer6351@example.com,9534208563,Hyderabad,2025-06-12
6352,Jackson Naik,customer6352@example.com,9636369739,Chennai,2025-01-30
6353,Rajata Sridhar,customer6353@example.com,7606424466,Lucknow,2025-08-15
6354,Divya Sandal,customer6354@example.com,7272217230,Hyderabad,2025-01-09
6355,Qarin Golla,customer6355@example.com,6114144308,Ahmedabad,2025-05-19
6356,Abhiram Narula,customer6356@example.com,9974269824,Pune,2026-05-06
6357,Tanveer Menon,customer6357@example.com,6467378432,Chandigarh,2024-02-18
6358,Ayushman Kuruvilla,customer6358@example.com,6512364143,Chandigarh,2023-06-16
6359,Damyanti Srinivasan,customer6359@example.com,8650997031,Delhi,2026-01-30
6360,Chavvi Mani,customer6360@example.com,6283586677,Bengaluru,2025-01-28
6361,Kashish Kapoor,customer6361@example.com,7974981294,Lucknow,2025-08-22
6362,Eta Garde,customer6362@example.com,8903538860,Indore,2025-01-30
6363,Vincent Warrior,customer6363@example.com,9342022741,Lucknow,2024-12-28
6364,Dhriti Ahuja,customer6364@example.com,6712416803,Chennai,2023-07-18
6365,Finn Devan,customer6365@example.com,9440292982,Lucknow,2024-10-19
6366,Gauri Pall,customer6366@example.com,9574690756,Lucknow,2026-02-13
6367,Harsh Ganesan,customer6367@example.com,9991025507,Nashik,2025-02-28
6368,Aarush Krish,customer6368@example.com,9204336374,Surat,2025-08-30
6369,Joshua Goyal,customer6369@example.com,8784249249,Kolkata,2023-05-05
6370,Ekansh Sodhi,customer6370@example.com,9901575394,Chennai,2024-09-20
6371,Luke Sheth,customer6371@example.com,6840903114,Nagpur,2023-11-05
6372,Naksh Sandal,customer6372@example.com,9812664043,Lucknow,2024-10-01
6373,Yatin Pal,customer6373@example.com,8849325848,Nashik,2024-09-06
6374,Ekani Nair,customer6374@example.com,7423252086,Jaipur,2024-07-29
6375,Pratyush Mody,customer6375@example.com,6222471734,Delhi,2024-11-18
6376,Hiral Dey,customer6376@example.com,6104515400,Mumbai,2024-10-29
6377,Harrison Ravi,customer6377@example.com,6738074892,Kochi,2026-04-21
6378,Yadavi Narang,customer6378@example.com,9943365243,Ahmedabad,2025-08-17
6379,Jyoti Chad,customer6379@example.com,6520311023,Nagpur,2023-04-08
6380,Ekalinga Bhakta,customer6380@example.com,6565279366,Mumbai,2023-10-08
6381,Charles Wadhwa,customer6381@example.com,9493555373,Pune,2024-08-31
6382,Janani Morar,customer6382@example.com,9468861304,Hyderabad,2026-01-24
6383,Aarna Sem,customer6383@example.com,7739085218,Indore,2023-11-28
6384,Damyanti Luthra,customer6384@example.com,6853841144,Pune,2024-12-02
6385,Victor Pau,customer6385@example.com,8533096905,Bhopal,2023-01-21
6386,Ishanvi Dhaliwal,customer6386@example.com,8791581190,Pune,2024-04-10
6387,Raksha Wadhwa,customer6387@example.com,9856280473,Kolkata,2024-04-16
6388,Isaac Shenoy,customer6388@example.com,6816353176,Lucknow,2023-12-09
6389,Ishani Mital,customer6389@example.com,7699266518,Pune,2026-04-22
6390,Ryan Lad,customer6390@example.com,6765779838,Nashik,2024-11-17
6391,Samar Bansal,customer6391@example.com,6620217631,Kochi,2024-04-27
6392,Vihaan Suresh,customer6392@example.com,8326369552,Lucknow,2023-01-15
6393,Tristan Hayer,customer6393@example.com,9410466995,Kochi,2024-06-17
6394,Teerth Sama,customer6394@example.com,8596984843,Kolkata,2025-10-28
6395,Ekapad Iyer,customer6395@example.com,6206506661,Indore,2023-07-05
6396,Qabil Sane,customer6396@example.com,6292979268,Delhi,2024-04-10
6397,Yochana Som,customer6397@example.com,7943997071,Hyderabad,2023-02-20
6398,Ekansh Pandit,customer6398@example.com,7130034576,Mumbai,2025-03-03
6399,Varsha Soman,customer6399@example.com,6191827203,Jaipur,2026-04-09
6400,Aditya Mangal,customer6400@example.com,7220894238,Jaipur,2025-12-25
6401,Qarin Mutti,customer6401@example.com,9941939012,Hyderabad,2025-05-06
6402,Dhriti Golla,customer6402@example.com,8276398265,Surat,2024-10-25
6403,Sai Mohan,customer6403@example.com,8874517621,Delhi,2023-07-30
6404,Eta Kala,customer6404@example.com,7338732535,Chennai,2025-05-31
6405,Upkaar Subramanian,customer6405@example.com,8909265691,Mumbai,2025-03-08
6406,Harrison Vala,customer6406@example.com,9789017677,Chennai,2024-02-21
6407,Ishani Sandal,customer6407@example.com,6429154021,Bengaluru,2025-06-16
6408,Raghav Master,customer6408@example.com,9319369406,Lucknow,2026-03-06
6409,Lakshmi Taneja,customer6409@example.com,7789241234,Hyderabad,2024-01-30
6410,Varenya Savant,customer6410@example.com,8740548474,Kolkata,2025-10-28
6411,Nicholas Rao,customer6411@example.com,8394558225,Delhi,2023-09-20
6412,Dayita Kapur,customer6412@example.com,6568316251,Mumbai,2023-10-28
6413,Meghana Deshpande,customer6413@example.com,8289648796,Chandigarh,2026-04-02
6414,Krisha Sani,customer6414@example.com,7954255277,Kochi,2023-11-11
6415,Harita Ben,customer6415@example.com,6711414193,Chennai,2023-03-24
6416,Balhaar Choudhury,customer6416@example.com,6377474870,Bhopal,2023-09-07
6417,Harini Srinivasan,customer6417@example.com,8200155730,Kolkata,2024-10-28
6418,Anay Wali,customer6418@example.com,6497400641,Nashik,2023-06-18
6419,Harini Gade,customer6419@example.com,7605125225,Indore,2026-04-22
6420,Frederick Zachariah,customer6420@example.com,7786107675,Nashik,2023-09-01
6421,Bina Mani,customer6421@example.com,6795716804,Lucknow,2024-06-02
6422,Chaitaly Ramakrishnan,customer6422@example.com,9577130417,Nagpur,2024-07-16
6423,Yoshita Varughese,customer6423@example.com,8761071859,Hyderabad,2024-10-02
6424,Tanvi Prabhakar,customer6424@example.com,7980402318,Chandigarh,2023-04-17
6425,Onkar Prabhakar,customer6425@example.com,6553756568,Bhopal,2024-09-06
6426,Falguni Pall,customer6426@example.com,8145652496,Chennai,2024-01-03
6427,Zarna Choudhry,customer6427@example.com,8958838484,Bengaluru,2023-03-07
6428,Praneel Dhar,customer6428@example.com,8165469570,Jaipur,2023-11-27
6429,Ridhi Shere,customer6429@example.com,6851078837,Bhopal,2024-06-13
6430,Laksh Mistry,customer6430@example.com,7367458001,Bhopal,2023-08-31
6431,Siya Bumb,customer6431@example.com,7532987126,Nashik,2025-01-04
6432,Akshay Narasimhan,customer6432@example.com,8917045923,Lucknow,2024-06-08
6433,Adweta Narasimhan,customer6433@example.com,7595783704,Hyderabad,2025-02-24
6434,Amaira Jhaveri,customer6434@example.com,9634715495,Kolkata,2025-12-03
6435,Watika Dutta,customer6435@example.com,7159044160,Delhi,2024-03-20
6436,Henry Butala,customer6436@example.com,7367244424,Nashik,2026-02-28
6437,Teerth Balan,customer6437@example.com,7404363062,Nagpur,2023-02-05
6438,Yadavi Om,customer6438@example.com,8876809503,Indore,2025-10-04
6439,Ishaan Bumb,customer6439@example.com,9539985562,Delhi,2026-01-14
6440,Vyanjana Yohannan,customer6440@example.com,8469274418,Jaipur,2025-08-14
6441,Anvi Nayar,customer6441@example.com,7135686307,Surat,2023-08-29
6442,Arin Ganesan,customer6442@example.com,7753409987,Nashik,2025-06-14
6443,Sai Sidhu,customer6443@example.com,6442001945,Mumbai,2025-01-25
6444,Kamala Mutti,customer6444@example.com,8765515868,Pune,2024-10-12
6445,Pavani Sampath,customer6445@example.com,6753517903,Bengaluru,2026-02-16
6446,Timothy Prakash,customer6446@example.com,8712000470,Hyderabad,2025-06-12
6447,Dhriti Thaman,customer6447@example.com,7207921386,Delhi,2025-10-05
6448,Ucchal Arora,customer6448@example.com,7890870073,Indore,2024-06-01
6449,Robert Date,customer6449@example.com,7411961135,Chennai,2025-03-24
6450,Anmol Dara,customer6450@example.com,9898175170,Delhi,2025-06-01
6451,Wridesh Buch,customer6451@example.com,9183941780,Surat,2026-05-04
6452,Yuvraj Walia,customer6452@example.com,9918053510,Pune,2024-05-06
6453,Urvi Mohanty,customer6453@example.com,6681149448,Nashik,2023-03-24
6454,Divya Palla,customer6454@example.com,8510379376,Kochi,2026-06-06
6455,Yagnesh Sandhu,customer6455@example.com,9109140108,Surat,2024-10-13
6456,Daniel Wali,customer6456@example.com,7446421566,Chennai,2023-07-24
6457,Harrison Thakkar,customer6457@example.com,9803111124,Chennai,2026-03-28
6458,Brijesh Mander,customer6458@example.com,7178474822,Delhi,2025-02-16
6459,Darsh Deshmukh,customer6459@example.com,9940775651,Hyderabad,2024-01-27
6460,Simon Shenoy,customer6460@example.com,8548406727,Delhi,2023-08-30
6461,Nandini Boase,customer6461@example.com,8865496611,Kochi,2026-02-14
6462,Watika Jha,customer6462@example.com,6486581163,Surat,2025-09-02
6463,Neelima Dey,customer6463@example.com,7245220200,Kochi,2024-08-10
6464,Farhan Kalla,customer6464@example.com,9134342881,Bhopal,2023-01-26
6465,Yashodhara Rattan,customer6465@example.com,7855128867,Jaipur,2023-05-08
6466,Shaurya Pandit,customer6466@example.com,9497576612,Chennai,2024-01-23
6467,Darpan Amble,customer6467@example.com,6140044435,Kochi,2026-02-21
6468,Ekanta Sani,customer6468@example.com,6127460944,Mumbai,2023-02-20
6469,Jeevika Manne,customer6469@example.com,8330633178,Delhi,2024-10-23
6470,Yatin Chadha,customer6470@example.com,8839871717,Indore,2024-01-01
6471,Libni Prashad,customer6471@example.com,9477978924,Pune,2025-05-03
6472,Vinaya Grewal,customer6472@example.com,7600564202,Kochi,2023-09-26
6473,Idika D’Alia,customer6473@example.com,9806422153,Chandigarh,2024-11-21
6474,Ladli Mannan,customer6474@example.com,8399691190,Lucknow,2025-09-20
6475,Maya Basak,customer6475@example.com,8240968586,Jaipur,2024-03-15
6476,Yashoda Khatri,customer6476@example.com,7214780864,Chennai,2025-07-31
6477,Vedika Gopal,customer6477@example.com,6842875457,Lucknow,2025-05-16
6478,Ayaan Dutt,customer6478@example.com,9743887017,Jaipur,2024-02-19
6479,Kritika Rout,customer6479@example.com,8142423445,Ahmedabad,2026-04-07
6480,Hemal Krish,customer6480@example.com,7378178172,Chennai,2024-10-25
6481,Peter Verma,customer6481@example.com,7114184597,Chandigarh,2025-06-16
6482,Krishna Kumer,customer6482@example.com,6999271361,Mumbai,2026-03-11
6483,Ekapad Sachar,customer6483@example.com,9366394784,Lucknow,2025-05-03
6484,Bakhshi Cheema,customer6484@example.com,7145993255,Jaipur,2023-11-02
6485,Ekiya Jayaraman,customer6485@example.com,8788170563,Jaipur,2025-05-22
6486,Chandani Rout,customer6486@example.com,9265861963,Kolkata,2025-10-27
6487,Brijesh Prakash,customer6487@example.com,9774362078,Kochi,2025-01-31
6488,Baljiwan Gulati,customer6488@example.com,6799571763,Delhi,2026-06-30
6489,Krishna Swaminathan,customer6489@example.com,8422674191,Chandigarh,2024-08-06
6490,Abhiram Lalla,customer6490@example.com,9481196015,Lucknow,2026-04-13
6491,Vidhi Saini,customer6491@example.com,9406310356,Ahmedabad,2024-07-02
6492,Pahal Desai,customer6492@example.com,7791590858,Nashik,2026-05-01
6493,Adya Lad,customer6493@example.com,8247453273,Hyderabad,2025-04-13
6494,Sudiksha D’Alia,customer6494@example.com,9255881244,Ahmedabad,2026-01-22
6495,Edhitha Kakar,customer6495@example.com,6285727174,Lucknow,2024-04-05
6496,Nisha Basu,customer6496@example.com,9961887841,Bhopal,2025-04-26
6497,Warhi Ratti,customer6497@example.com,6112601174,Chandigarh,2024-06-09
6498,Aarush Ghose,customer6498@example.com,8988632579,Bhopal,2023-01-10
6499,Yashasvi Yadav,customer6499@example.com,7401069907,Nagpur,2024-06-07
6500,Yashodhara Sha,customer6500@example.com,7430477302,Chennai,2025-05-09
6501,Ekaja Panchal,customer6501@example.com,7517525312,Bhopal,2025-11-24
6502,Warjas Narasimhan,customer6502@example.com,6195901575,Mumbai,2026-03-16
6503,Laban Swaminathan,customer6503@example.com,8350779761,Delhi,2023-09-03
6504,Sudiksha Lata,customer6504@example.com,7865578195,Jaipur,2025-10-08
6505,Ansh Sandal,customer6505@example.com,6420471837,Bengaluru,2023-05-06
6506,Hitesh Rajagopal,customer6506@example.com,8315530122,Kolkata,2025-09-04
6507,Bakhshi Jain,customer6507@example.com,7967039447,Nashik,2024-01-27
6508,Sathvik Thakur,customer6508@example.com,9213953830,Bhopal,2024-06-25
6509,Yashica Tak,customer6509@example.com,8941077075,Ahmedabad,2025-11-13
6510,Upma Savant,customer6510@example.com,7672898775,Bhopal,2023-06-18
6511,Yauvani Kapadia,customer6511@example.com,8710426531,Hyderabad,2024-10-23
6512,Tanish Ravel,customer6512@example.com,8598126768,Bhopal,2026-01-29
6513,Vaishnavi Sengupta,customer6513@example.com,9963834040,Ahmedabad,2023-11-07
6514,Zayan Chandra,customer6514@example.com,7458699876,Jaipur,2025-11-18
6515,Abhiram Arora,customer6515@example.com,6421212728,Mumbai,2024-01-29
6516,Ikshita Hans,customer6516@example.com,6204368214,Bengaluru,2025-08-09
6517,Arin Grewal,customer6517@example.com,9846662864,Hyderabad,2023-12-25
6518,Meghana Deol,customer6518@example.com,8752795763,Indore,2026-02-15
6519,Aishani Ganesan,customer6519@example.com,7850853065,Chandigarh,2024-04-06
6520,Adweta Bir,customer6520@example.com,7713627346,Bhopal,2026-06-24
6521,Viraj Chada,customer6521@example.com,9687475490,Chandigarh,2023-06-02
6522,Ishani Seshadri,customer6522@example.com,8142432700,Lucknow,2024-12-25
6523,Krish Amble,customer6523@example.com,9996799114,Nashik,2025-03-22
6524,Ati Bhatti,customer6524@example.com,9587733479,Nagpur,2024-10-23
6525,Daksh Talwar,customer6525@example.com,8717210092,Surat,2023-12-24
6526,Harish Kale,customer6526@example.com,6345383617,Pune,2025-11-22
6527,Anika Prabhu,customer6527@example.com,6515432478,Nashik,2024-07-22
6528,Faqid Bhargava,customer6528@example.com,6295035104,Bhopal,2023-10-06
6529,Dayamai Chaudhary,customer6529@example.com,7482942218,Nagpur,2024-12-18
6530,Maanas Malhotra,customer6530@example.com,8255891329,Bhopal,2025-05-20
6531,Ayaan Soman,customer6531@example.com,8768050311,Ahmedabad,2024-03-13
6532,Madhavi Kumer,customer6532@example.com,8693396243,Hyderabad,2026-02-27
6533,Samarth Goswami,customer6533@example.com,7568868127,Surat,2023-08-08
6534,Kashvi Brar,customer6534@example.com,6211245275,Kolkata,2023-12-23
6535,Chanchal Dhawan,customer6535@example.com,7623472791,Bhopal,2025-06-14
6536,Bimala Atwal,customer6536@example.com,6972169498,Nagpur,2025-11-23
6537,Tanish Gera,customer6537@example.com,8749682379,Chandigarh,2024-07-24
6538,Harish Chokshi,customer6538@example.com,9257575543,Kolkata,2025-06-17
6539,Balendra Hans,customer6539@example.com,8834415698,Kochi,2024-10-26
6540,Lavanya Vora,customer6540@example.com,8486306004,Nashik,2026-01-11
6541,Hardik Raj,customer6541@example.com,8509927174,Kolkata,2024-11-04
6542,Chandresh Soman,customer6542@example.com,9599902710,Indore,2023-12-28
6543,Manthan Rastogi,customer6543@example.com,7593985043,Chennai,2026-04-30
6544,Omkaar Bhalla,customer6544@example.com,6820047298,Ahmedabad,2024-03-19
6545,Bakhshi Balay,customer6545@example.com,9740872995,Kolkata,2024-08-04
6546,Warjas Raman,customer6546@example.com,6400798997,Indore,2026-02-05
6547,Krishna Boase,customer6547@example.com,9686302331,Jaipur,2024-05-16
6548,Ronith Rout,customer6548@example.com,8565298761,Kochi,2024-05-15
6549,Advaith Nori,customer6549@example.com,9646775925,Nashik,2024-12-03
6550,Vamakshi Munshi,customer6550@example.com,9251163224,Bhopal,2025-08-21
6551,Darpan Char,customer6551@example.com,7829422662,Nagpur,2025-04-05
6552,Yagnesh Deshpande,customer6552@example.com,9771366100,Pune,2024-06-19
6553,Advik Bal,customer6553@example.com,6621603454,Ahmedabad,2023-09-20
6554,Tarak Shenoy,customer6554@example.com,6459476824,Ahmedabad,2025-07-05
6555,Ranveer Banerjee,customer6555@example.com,6916613747,Bengaluru,2024-06-23
6556,Onveer Dyal,customer6556@example.com,8144784459,Chennai,2023-02-06
6557,Ikbal Jayaraman,customer6557@example.com,8549795261,Hyderabad,2025-11-26
6558,Benjamin Upadhyay,customer6558@example.com,6831198602,Chennai,2024-10-19
6559,Faqid Ramakrishnan,customer6559@example.com,9586301057,Lucknow,2023-04-05
6560,Lucky Grewal,customer6560@example.com,6238713778,Lucknow,2023-05-03
6561,Aryan Kulkarni,customer6561@example.com,8412013695,Bengaluru,2023-11-21
6562,Ati Reddy,customer6562@example.com,7258394953,Nagpur,2023-03-18
6563,Warhi Choudhry,customer6563@example.com,8161611828,Chandigarh,2024-04-28
6564,Ekapad Som,customer6564@example.com,8221266780,Delhi,2025-07-27
6565,Suhani Kunda,customer6565@example.com,7149610368,Kochi,2025-08-22
6566,Yash Ray,customer6566@example.com,6832336397,Jaipur,2024-09-28
6567,Maanav Kar,customer6567@example.com,9601960129,Nashik,2026-02-13
6568,Chaaya Deep,customer6568@example.com,7996498558,Hyderabad,2024-06-19
6569,Jalsa Dhawan,customer6569@example.com,9189085421,Bhopal,2024-05-21
6570,Mekhala Aurora,customer6570@example.com,9187259678,Nashik,2024-08-29
6571,Hema Golla,customer6571@example.com,9272351815,Jaipur,2025-08-06
6572,Anamika Butala,customer6572@example.com,9946804827,Bhopal,2025-11-24
6573,Anay Magar,customer6573@example.com,9150873075,Kochi,2024-05-01
6574,Sanaya Som,customer6574@example.com,8676939611,Bhopal,2023-05-26
6575,Keya Bajaj,customer6575@example.com,8558558990,Delhi,2025-04-07
6576,Qadim Salvi,customer6576@example.com,8218459838,Kochi,2024-06-17
6577,Diya Chandra,customer6577@example.com,8600079877,Mumbai,2024-02-19
6578,Kalpit Singhal,customer6578@example.com,9113074383,Jaipur,2023-03-28
6579,Farhan Shroff,customer6579@example.com,9920209004,Chennai,2024-07-23
6580,Arjun Desai,customer6580@example.com,6274952173,Bengaluru,2023-06-09
6581,Hemani Parmer,customer6581@example.com,6911758366,Kochi,2025-01-19
6582,Isaac Raja,customer6582@example.com,6320534314,Pune,2025-12-18
6583,Karan Cherian,customer6583@example.com,8693439531,Delhi,2026-05-21
6584,Indrajit Nagarajan,customer6584@example.com,7812353591,Jaipur,2025-03-11
6585,Onkar Sani,customer6585@example.com,8394515158,Ahmedabad,2024-05-17
6586,Bhavika Wason,customer6586@example.com,6725799277,Bhopal,2024-11-20
6587,Aadhya Srinivas,customer6587@example.com,9530420723,Nagpur,2025-06-12
6588,Yoshita Sama,customer6588@example.com,6537269805,Chennai,2023-02-22
6589,Tanish Sheth,customer6589@example.com,6591025334,Nagpur,2025-06-04
6590,Daniel Andra,customer6590@example.com,7109909100,Chennai,2024-04-28
6591,Devika Shan,customer6591@example.com,7235764104,Hyderabad,2025-05-08
6592,Arjun Vaidya,customer6592@example.com,8905050937,Nashik,2025-02-17
6593,Raksha Chakrabarti,customer6593@example.com,7110830883,Chennai,2026-05-14
6594,Bachittar Swaminathan,customer6594@example.com,8579185157,Delhi,2023-08-18
6595,Kalpit Chada,customer6595@example.com,9271913663,Mumbai,2026-02-28
6596,Charita Bassi,customer6596@example.com,7350634704,Bengaluru,2023-07-05
6597,Netra Wadhwa,customer6597@example.com,7950272811,Chennai,2024-04-10
6598,Maya Datta,customer6598@example.com,9577332019,Bengaluru,2023-10-27
6599,Eshana Karpe,customer6599@example.com,8831577069,Nagpur,2025-03-03
6600,Amruta Uppal,customer6600@example.com,8830212208,Indore,2026-04-05
6601,Anamika Sen,customer6601@example.com,9197958165,Delhi,2023-08-23
6602,Yamini Dugar,customer6602@example.com,7581064147,Ahmedabad,2024-05-30
6603,Udarsh Wable,customer6603@example.com,9899495695,Lucknow,2026-05-24
6604,Eiravati Mahal,customer6604@example.com,9481614643,Bhopal,2025-07-16
6605,Rachit Divan,customer6605@example.com,9142808068,Hyderabad,2025-11-08
6606,Om Bhatti,customer6606@example.com,8998773831,Kochi,2025-03-20
6607,Ryan Swamy,customer6607@example.com,9824493036,Nagpur,2024-05-02
6608,Akshay Parmer,customer6608@example.com,9785568553,Jaipur,2024-06-11
6609,Aarav Joshi,customer6609@example.com,6105767619,Lucknow,2024-05-29
6610,Aarnav Bhat,customer6610@example.com,9288715309,Nashik,2025-02-25
6611,Andrew Venkataraman,customer6611@example.com,8846660838,Lucknow,2025-12-21
6612,Yuvraj Manne,customer6612@example.com,7350835950,Indore,2026-06-22
6613,Sudiksha Khatri,customer6613@example.com,7180160523,Indore,2024-08-16
6614,Aayush Aggarwal,customer6614@example.com,9164161138,Chennai,2023-04-14
6615,Jairaj Krishnan,customer6615@example.com,7398143567,Surat,2023-02-02
6616,Nidra Agate,customer6616@example.com,8801128632,Indore,2026-04-16
6617,George Rajagopalan,customer6617@example.com,7457255623,Surat,2025-01-10
6618,Wahab Dewan,customer6618@example.com,9350497196,Bengaluru,2023-09-06
6619,Saksham Shan,customer6619@example.com,8922930156,Bengaluru,2024-01-06
6620,Chaitanya Rama,customer6620@example.com,9238774927,Ahmedabad,2025-02-25
6621,Gayathri Mital,customer6621@example.com,7858741632,Nashik,2025-12-17
6622,Pavani Srinivasan,customer6622@example.com,9137887818,Lucknow,2023-03-05
6623,Lipika Konda,customer6623@example.com,6570589207,Chandigarh,2023-05-26
6624,Chandresh Bajaj,customer6624@example.com,8746302670,Bengaluru,2023-04-08
6625,Theodore Krish,customer6625@example.com,7235010228,Jaipur,2025-06-16
6626,Jagat Chatterjee,customer6626@example.com,7664985065,Hyderabad,2023-06-28
6627,Sanaya Butala,customer6627@example.com,7570246236,Ahmedabad,2024-04-30
6628,Frederick Nadkarni,customer6628@example.com,8136613476,Ahmedabad,2025-01-26
6629,Kala Lad,customer6629@example.com,7911716900,Chandigarh,2025-12-08
6630,Yachana Dhaliwal,customer6630@example.com,6959921179,Chennai,2026-03-19
6631,Mason Badami,customer6631@example.com,7810871116,Bengaluru,2025-10-18
6632,Abha Arora,customer6632@example.com,9499973002,Kochi,2026-02-07
6633,Janani Jani,customer6633@example.com,7275475946,Kolkata,2024-06-30
6634,William Mall,customer6634@example.com,9563558651,Pune,2023-11-21
6635,Nirja Balan,customer6635@example.com,9392085371,Chandigarh,2025-05-28
6636,Ekanta Prashad,customer6636@example.com,9229155661,Indore,2024-01-03
6637,Bhanumati Mahajan,customer6637@example.com,9546445429,Chandigarh,2024-08-10
6638,Rachana Sathe,customer6638@example.com,8395647735,Pune,2026-04-10
6639,Chatresh Chandran,customer6639@example.com,6663887942,Nashik,2024-07-11
6640,Lakshit Loke,customer6640@example.com,9939272531,Chennai,2024-06-04
6641,Liam Zacharia,customer6641@example.com,6377079583,Indore,2025-04-20
6642,Yashica Doshi,customer6642@example.com,9684956593,Chandigarh,2023-11-16
6643,Tristan Varghese,customer6643@example.com,7119659435,Surat,2026-02-11
6644,Bhavya Agarwal,customer6644@example.com,6775225565,Hyderabad,2023-08-21
6645,Mahika Dhaliwal,customer6645@example.com,9753300329,Chandigarh,2025-11-02
6646,Hiral Tella,customer6646@example.com,9564356344,Lucknow,2025-04-27
6647,Watika Lala,customer6647@example.com,8272659835,Nashik,2024-10-03
6648,Laban Sibal,customer6648@example.com,7668897582,Nashik,2023-09-13
6649,Jagrati Hans,customer6649@example.com,7636458362,Bhopal,2025-06-21
6650,Devika Dutta,customer6650@example.com,7266043683,Ahmedabad,2023-01-31
6651,Hemangini Sha,customer6651@example.com,6297330842,Lucknow,2025-03-28
6652,Abhiram Menon,customer6652@example.com,7867173115,Bengaluru,2023-09-13
6653,Nathaniel Chandra,customer6653@example.com,8404570336,Chennai,2023-01-21
6654,Garima Chhabra,customer6654@example.com,9176428465,Indore,2024-12-19
6655,Omya Boase,customer6655@example.com,9369174772,Nashik,2025-11-26
6656,Falak Pal,customer6656@example.com,6106106023,Mumbai,2024-09-21
6657,Bhavini Rao,customer6657@example.com,7382591993,Chandigarh,2023-11-07
6658,Azad Bhat,customer6658@example.com,8823494407,Nashik,2024-11-13
6659,Oscar Kanda,customer6659@example.com,8292704273,Nagpur,2026-01-25
6660,Aishani Sandhu,customer6660@example.com,7784527964,Pune,2025-11-01
6661,Arjun Bhagat,customer6661@example.com,9760924890,Kolkata,2025-07-05
6662,Joshua Kibe,customer6662@example.com,7671025640,Lucknow,2024-06-07
6663,Tara Chadha,customer6663@example.com,7740749150,Bhopal,2025-03-01
6664,Gaurav Gill,customer6664@example.com,8574212498,Nagpur,2023-02-25
6665,Joshua Sane,customer6665@example.com,6480327164,Indore,2023-12-30
6666,Indali Chakraborty,customer6666@example.com,6340996975,Bengaluru,2025-01-05
6667,Ayushman Lalla,customer6667@example.com,7229552706,Surat,2024-12-05
6668,Advay Tank,customer6668@example.com,9842130453,Jaipur,2026-03-09
6669,Radhika Nair,customer6669@example.com,8418274796,Jaipur,2026-03-19
6670,Aarna Muni,customer6670@example.com,7752818440,Delhi,2023-09-27
6671,Chakradhar Mody,customer6671@example.com,6634581232,Nagpur,2024-09-21
6672,Maanas Sarraf,customer6672@example.com,8166032228,Mumbai,2024-11-15
6673,Theodore Mital,customer6673@example.com,8575887521,Kolkata,2025-02-15
6674,Aryan Chhabra,customer6674@example.com,6467841028,Nagpur,2024-08-17
6675,Gaurangi Khalsa,customer6675@example.com,8603215949,Hyderabad,2024-01-03
6676,Jasmit Tata,customer6676@example.com,7913212808,Chandigarh,2024-06-16
6677,Dayamai Swamy,customer6677@example.com,8966187170,Nashik,2025-04-13
6678,Aashi Keer,customer6678@example.com,6727729586,Chandigarh,2026-05-24
6679,Oviya Chacko,customer6679@example.com,7305359844,Chennai,2026-06-23
6680,Nimrat Warrior,customer6680@example.com,9736296336,Pune,2025-02-12
6681,Nihal Nadkarni,customer6681@example.com,6406873315,Jaipur,2024-07-30
6682,Jonathan Shanker,customer6682@example.com,6981044603,Nagpur,2023-12-23
6683,Meera Sethi,customer6683@example.com,6443351312,Surat,2023-12-22
6684,Yashodhara Ramanathan,customer6684@example.com,8506468043,Delhi,2023-11-20
6685,Lila Panchal,customer6685@example.com,6532358820,Bhopal,2024-06-04
6686,Michael De,customer6686@example.com,6531842786,Nashik,2024-02-07
6687,Faraj Sathe,customer6687@example.com,6160939451,Surat,2025-11-16
6688,Riya Uppal,customer6688@example.com,7339214683,Jaipur,2023-05-20
6689,Chaaya Solanki,customer6689@example.com,8348874713,Surat,2023-03-18
6690,Faris Dutta,customer6690@example.com,9929638249,Jaipur,2025-08-16
6691,Sarthak Pathak,customer6691@example.com,8372309500,Chennai,2025-07-03
6692,Balhaar Sachar,customer6692@example.com,8143701301,Bhopal,2024-07-04
6693,Yashvi Mitter,customer6693@example.com,7817267567,Lucknow,2023-08-31
6694,Charvi Dhingra,customer6694@example.com,6362499269,Pune,2024-12-01
6695,Wahab Munshi,customer6695@example.com,6113629960,Lucknow,2023-02-06
6696,Shaurya Mohanty,customer6696@example.com,7696096933,Chandigarh,2023-04-15
6697,Damyanti Saini,customer6697@example.com,7523825476,Delhi,2023-10-23
6698,Michael Choudhry,customer6698@example.com,7631748159,Mumbai,2023-05-31
6699,Gabriel Nayar,customer6699@example.com,7433770395,Bengaluru,2025-01-26
6700,Zayyan Parekh,customer6700@example.com,6835262659,Lucknow,2026-02-09
6701,Ishanvi Kunda,customer6701@example.com,8513210079,Nashik,2023-12-28
6702,Anay Ratta,customer6702@example.com,7172723232,Mumbai,2023-01-04
6703,Barkha Chakrabarti,customer6703@example.com,6270344006,Nagpur,2025-09-03
6704,Harrison Tailor,customer6704@example.com,7818514443,Ahmedabad,2023-03-05
6705,Faris Wali,customer6705@example.com,6198961771,Nashik,2023-04-05
6706,Ubika Krish,customer6706@example.com,6667249685,Bengaluru,2023-04-27
6707,Pushti Kaur,customer6707@example.com,9453345735,Bengaluru,2024-07-30
6708,Umang Nazareth,customer6708@example.com,9645352955,Chennai,2023-06-29
6709,Xiti Thakkar,customer6709@example.com,6801444773,Bengaluru,2024-03-05
6710,Dhruv Wable,customer6710@example.com,6644237122,Surat,2023-09-11
6711,Oni Yadav,customer6711@example.com,6281402954,Kolkata,2026-01-24
6712,Nidhi Ravel,customer6712@example.com,6896855756,Lucknow,2025-08-22
6713,Andrew Palan,customer6713@example.com,8233436130,Bhopal,2024-09-15
6714,Harrison Bassi,customer6714@example.com,6304087116,Surat,2024-11-05
6715,Gavin Dyal,customer6715@example.com,9355237173,Ahmedabad,2023-07-16
6716,Deepa Hayre,customer6716@example.com,7597679903,Bengaluru,2026-03-20
6717,Fitan Grewal,customer6717@example.com,9280423197,Surat,2025-12-21
6718,Ayushman Dani,customer6718@example.com,6264343234,Kolkata,2026-02-03
6719,Charan Mukhopadhyay,customer6719@example.com,6860007209,Pune,2023-06-05
6720,Aayush Khatri,customer6720@example.com,8121598409,Surat,2024-01-10
6721,Lucky Chaudhry,customer6721@example.com,9663650821,Chandigarh,2026-04-25
6722,Chatresh Bhardwaj,customer6722@example.com,7165138389,Kolkata,2024-06-26
6723,Nihal Bhatia,customer6723@example.com,7158768471,Hyderabad,2024-09-29
6724,Henry Sekhon,customer6724@example.com,8718643944,Bhopal,2026-05-08
6725,Faris Chakraborty,customer6725@example.com,6147237782,Lucknow,2023-07-17
6726,Bachittar Arya,customer6726@example.com,6385243468,Jaipur,2023-09-23
6727,Chameli Soman,customer6727@example.com,8283932908,Kochi,2024-06-27
6728,Wridesh Chhabra,customer6728@example.com,6125047975,Mumbai,2025-12-24
6729,Hardik Shukla,customer6729@example.com,8429938485,Bengaluru,2023-01-18
6730,Chakradev Cheema,customer6730@example.com,8497811123,Mumbai,2024-07-28
6731,Nachiket Pant,customer6731@example.com,7597666679,Jaipur,2025-09-22
6732,Yashica Kuruvilla,customer6732@example.com,9661515694,Nagpur,2024-01-07
6733,Bhavani Shukla,customer6733@example.com,9425666718,Hyderabad,2026-02-27
6734,Janya Andra,customer6734@example.com,9687479993,Nashik,2023-12-19
6735,Faraj Jha,customer6735@example.com,9596338419,Lucknow,2024-01-03
6736,Harini Kapoor,customer6736@example.com,6218993328,Chandigarh,2026-01-18
6737,Noah Dar,customer6737@example.com,9718878023,Jaipur,2024-05-23
6738,Urmi Ganesan,customer6738@example.com,8826157885,Bhopal,2023-03-15
6739,Aarush Sinha,customer6739@example.com,6911289704,Lucknow,2023-05-26
6740,Upadhriti Bhalla,customer6740@example.com,9200616290,Nashik,2026-02-06
6741,Upadhriti Choudhury,customer6741@example.com,6162351782,Bhopal,2024-12-06
6742,Hitesh Sandhu,customer6742@example.com,8871812152,Bhopal,2026-02-09
6743,Yauvani Choudhry,customer6743@example.com,6797889813,Delhi,2026-01-30
6744,Mohammed Dayal,customer6744@example.com,7634038870,Hyderabad,2025-01-29
6745,Leena Krishnamurthy,customer6745@example.com,7373399653,Bhopal,2024-11-29
6746,Vritti Dara,customer6746@example.com,6778031599,Surat,2024-02-01
6747,Vedhika Nigam,customer6747@example.com,7268972128,Kochi,2023-10-19
6748,Banjeet Sem,customer6748@example.com,7980550864,Nashik,2025-05-19
6749,Hitesh Amble,customer6749@example.com,7628218221,Lucknow,2024-08-02
6750,Bhavini Aurora,customer6750@example.com,7602485313,Ahmedabad,2026-05-20
6751,Indira Shroff,customer6751@example.com,9322297019,Nagpur,2025-06-18
6752,Alexander Gara,customer6752@example.com,9236254719,Delhi,2024-01-11
6753,Chaaya Hari,customer6753@example.com,9595712384,Bhopal,2024-08-08
6754,Tanay Rana,customer6754@example.com,7325939411,Bhopal,2025-07-06
6755,Nicholas Dara,customer6755@example.com,6259378426,Chandigarh,2023-01-22
6756,Baljiwan Rajagopalan,customer6756@example.com,8494033330,Ahmedabad,2023-12-05
6757,Indira Shah,customer6757@example.com,8904053040,Pune,2024-02-25
6758,Mitali Sodhi,customer6758@example.com,6757918561,Pune,2025-02-05
6759,Lopa Savant,customer6759@example.com,8798701652,Indore,2024-03-09
6760,Dominic Sarkar,customer6760@example.com,7976992509,Chennai,2026-06-26
6761,Yatan Patla,customer6761@example.com,9151319295,Pune,2024-02-29
6762,Gaurav Nagy,customer6762@example.com,9275378734,Mumbai,2025-10-08
6763,Jack Ray,customer6763@example.com,7824445740,Surat,2023-04-09
6764,Maanav Rama,customer6764@example.com,6876521703,Kolkata,2023-02-11
6765,Aayush Srinivasan,customer6765@example.com,7145281787,Indore,2023-02-02
6766,Teerth Hora,customer6766@example.com,9726982239,Indore,2023-02-25
6767,Chakradhar Virk,customer6767@example.com,9484727452,Lucknow,2024-06-29
6768,Naksh Manda,customer6768@example.com,8730011536,Bhopal,2024-09-28
6769,Isaiah Yohannan,customer6769@example.com,6147145498,Chennai,2026-01-11
6770,Laksh Mani,customer6770@example.com,6372142235,Bhopal,2024-11-19
6771,Yahvi Bhatti,customer6771@example.com,6637425911,Bengaluru,2023-11-02
6772,Arjun Anne,customer6772@example.com,7593767043,Hyderabad,2025-07-03
6773,Hredhaan Sandal,customer6773@example.com,9848273163,Surat,2023-10-20
6774,Alexander Mutti,customer6774@example.com,7620966590,Lucknow,2023-03-21
6775,Chakradhar Din,customer6775@example.com,9608344822,Mumbai,2025-02-04
6776,Jyoti Bobal,customer6776@example.com,6704045559,Bengaluru,2024-07-23
6777,Vamakshi Patla,customer6777@example.com,7455438859,Lucknow,2023-05-07
6778,Bina Raval,customer6778@example.com,8468722368,Bengaluru,2023-04-04
6779,Vihaan Narayan,customer6779@example.com,7690403068,Chennai,2024-09-11
6780,Dayita Chana,customer6780@example.com,7944002054,Chandigarh,2025-05-26
6781,Aarush Nanda,customer6781@example.com,8575002879,Chandigarh,2024-11-02
6782,Jagat Majumdar,customer6782@example.com,6607383613,Lucknow,2023-12-27
6783,Osha Lad,customer6783@example.com,9581509442,Kolkata,2025-03-08
6784,Vritti Tiwari,customer6784@example.com,8132401636,Lucknow,2025-09-13
6785,Jason Nagarajan,customer6785@example.com,6592403535,Kolkata,2023-08-22
6786,Yatin Nazareth,customer6786@example.com,6904140861,Ahmedabad,2025-11-21
6787,Indrajit Devan,customer6787@example.com,7544439891,Hyderabad,2024-04-03
6788,Saumya Tailor,customer6788@example.com,9735862940,Lucknow,2025-09-18
6789,Guneet Desai,customer6789@example.com,9690494369,Nashik,2023-03-12
6790,Kashish Tank,customer6790@example.com,6264528270,Kolkata,2026-01-28
6791,Harita Pathak,customer6791@example.com,6804366808,Ahmedabad,2026-06-21
6792,Mohammed Puri,customer6792@example.com,7425623512,Delhi,2024-03-09
6793,Triya Dyal,customer6793@example.com,7441763663,Chandigarh,2025-12-13
6794,Leela Bahl,customer6794@example.com,8423497110,Kochi,2025-06-25
6795,Chakrika Master,customer6795@example.com,9380618018,Hyderabad,2023-02-24
6796,Kala Mammen,customer6796@example.com,8387933636,Bhopal,2025-05-10
6797,Turvi Sidhu,customer6797@example.com,7698422381,Delhi,2024-07-19
6798,Balhaar Parmar,customer6798@example.com,7167869533,Pune,2025-04-03
6799,Riya Chaudry,customer6799@example.com,7267167984,Hyderabad,2024-02-26
6800,Triveni Jani,customer6800@example.com,7406687603,Mumbai,2026-03-08
6801,Xiti Sheth,customer6801@example.com,8186168119,Mumbai,2023-02-13
6802,Janaki Rajagopalan,customer6802@example.com,6721163456,Pune,2025-06-26
6803,Vasana Wali,customer6803@example.com,7459809995,Mumbai,2025-06-11
6804,Vasana Bhat,customer6804@example.com,6743621971,Bengaluru,2023-04-13
6805,Guneet Sur,customer6805@example.com,8749350784,Bhopal,2025-11-15
6806,Damyanti Kari,customer6806@example.com,8224112951,Nagpur,2023-10-29
6807,Quincy Sathe,customer6807@example.com,8645037650,Indore,2025-10-11
6808,Elijah Mitra,customer6808@example.com,9785807145,Delhi,2024-04-01
6809,Tripti Golla,customer6809@example.com,9707202429,Chennai,2023-04-20
6810,Chandresh Edwin,customer6810@example.com,7138300868,Nagpur,2026-04-17
6811,Gaurangi Lad,customer6811@example.com,6338486076,Hyderabad,2025-02-11
6812,Neha Divan,customer6812@example.com,8137276680,Jaipur,2026-04-21
6813,Quincy Varty,customer6813@example.com,7446854205,Lucknow,2024-02-17
6814,Chakradev Sen,customer6814@example.com,7826697505,Ahmedabad,2024-07-19
6815,Priya Krishna,customer6815@example.com,7949557773,Kochi,2024-11-07
6816,Advaith Sehgal,customer6816@example.com,7154574945,Mumbai,2024-04-10
6817,Samuel Dhawan,customer6817@example.com,6981756143,Bengaluru,2026-01-20
6818,Ekansh Jhaveri,customer6818@example.com,6509457787,Nagpur,2026-01-15
6819,Sathvik Rattan,customer6819@example.com,8867728579,Hyderabad,2026-05-11
6820,Omisha Devi,customer6820@example.com,8365559447,Nagpur,2023-04-04
6821,Jeremiah Kamdar,customer6821@example.com,6402558698,Hyderabad,2026-01-28
6822,Yamini Soman,customer6822@example.com,6421082503,Hyderabad,2023-11-16
6823,Niharika Balan,customer6823@example.com,6768654971,Surat,2023-10-23
6824,Zansi Virk,customer6824@example.com,7408950541,Jaipur,2026-03-24
6825,Vivaan Goda,customer6825@example.com,9314861765,Kochi,2026-02-25
6826,Gaurika Prabhakar,customer6826@example.com,6895310629,Kochi,2025-01-08
6827,Aashi Ahuja,customer6827@example.com,9932384888,Ahmedabad,2026-02-21
6828,Atharv Vohra,customer6828@example.com,9316760421,Chennai,2025-02-03
6829,Urvi Iyengar,customer6829@example.com,8513297483,Delhi,2024-07-14
6830,Fiyaz Narang,customer6830@example.com,6466766918,Chennai,2025-12-23
6831,Pushti Kurian,customer6831@example.com,6353518222,Chandigarh,2024-11-11
6832,Dipta Handa,customer6832@example.com,6302459782,Bengaluru,2024-02-09
6833,Nisha Seshadri,customer6833@example.com,6497983118,Bengaluru,2023-02-04
6834,Urvi Tella,customer6834@example.com,9585710520,Pune,2023-08-08
6835,Xalak Nori,customer6835@example.com,8696175263,Kochi,2023-12-08
6836,Aachal Dutt,customer6836@example.com,6568835666,Nashik,2025-07-26
6837,Faraj Bala,customer6837@example.com,7723042295,Chennai,2025-01-17
6838,Aashi Din,customer6838@example.com,8987664694,Kolkata,2023-11-08
6839,Vansha Kade,customer6839@example.com,8627714597,Jaipur,2024-11-24
6840,Kalpit Shah,customer6840@example.com,8613894774,Kolkata,2025-05-29
6841,Pranit Bhasin,customer6841@example.com,9890322986,Ahmedabad,2024-03-25
6842,Parth Din,customer6842@example.com,8154623471,Surat,2024-01-25
6843,Harshil Cherian,customer6843@example.com,9657444947,Surat,2026-02-19
6844,Ucchal Prabhakar,customer6844@example.com,6217628432,Chandigarh,2025-05-23
6845,Pooja Dara,customer6845@example.com,6151754265,Hyderabad,2025-04-22
6846,Hredhaan Sampath,customer6846@example.com,6411861231,Ahmedabad,2026-05-16
6847,Dakshesh Menon,customer6847@example.com,7183877625,Bengaluru,2026-01-24
6848,Kamya Comar,customer6848@example.com,6765618220,Ahmedabad,2024-01-08
6849,Amrita Raval,customer6849@example.com,7800546906,Jaipur,2023-11-29
6850,Bachittar Prasad,customer6850@example.com,8338102250,Hyderabad,2026-02-03
6851,Hemang Sandal,customer6851@example.com,6195702288,Delhi,2024-01-30
6852,Sarthak Gola,customer6852@example.com,9423793102,Indore,2025-08-24
6853,Ayushman Gole,customer6853@example.com,7600466954,Hyderabad,2024-09-12
6854,Akshay Chandran,customer6854@example.com,8124313398,Kochi,2025-05-16
6855,Qarin Rao,customer6855@example.com,8999058166,Indore,2024-06-22
6856,Warhi Brahmbhatt,customer6856@example.com,9778799249,Pune,2025-08-13
6857,Pahal Bakshi,customer6857@example.com,9992741249,Lucknow,2026-03-17
6858,Shravya Shetty,customer6858@example.com,9680226716,Nagpur,2025-09-12
6859,Tarak Buch,customer6859@example.com,9192935355,Nashik,2024-03-28
6860,Rishi Sehgal,customer6860@example.com,7251351802,Chandigarh,2024-09-08
6861,Hema Apte,customer6861@example.com,7166948168,Bhopal,2026-03-02
6862,Bishakha Issac,customer6862@example.com,6450416643,Bhopal,2023-10-20
6863,Qasim Sachdev,customer6863@example.com,9324815770,Bengaluru,2025-01-26
6864,Qadim Kulkarni,customer6864@example.com,8308219317,Kolkata,2023-03-01
6865,Krisha Kapur,customer6865@example.com,8355987121,Kochi,2025-03-09
6866,Ridhi Dutta,customer6866@example.com,8480352908,Nagpur,2024-06-02
6867,Sachi Sant,customer6867@example.com,6159029317,Nashik,2025-08-19
6868,Abdul Zacharia,customer6868@example.com,8734671554,Mumbai,2024-09-02
6869,Bachittar Rao,customer6869@example.com,8856291164,Bengaluru,2026-04-20
6870,Abha Bhat,customer6870@example.com,7595060971,Nashik,2024-10-16
6871,Inaya Nair,customer6871@example.com,7722371705,Nashik,2024-04-16
6872,Theodore Kar,customer6872@example.com,8421392528,Bhopal,2023-06-28
6873,Turvi Dugar,customer6873@example.com,7902674066,Pune,2024-08-31
6874,Pranit Zachariah,customer6874@example.com,8190602094,Indore,2025-07-24
6875,Nathaniel Dalal,customer6875@example.com,8250043859,Chandigarh,2023-03-12
6876,Tristan Pall,customer6876@example.com,6363451050,Indore,2023-11-05
6877,Chanchal Sanghvi,customer6877@example.com,7959549943,Pune,2025-01-09
6878,Jeremiah Sani,customer6878@example.com,7843282432,Jaipur,2023-07-28
6879,Sneha Rana,customer6879@example.com,8669144276,Bhopal,2023-11-07
6880,Onveer Setty,customer6880@example.com,7417802632,Pune,2023-05-01
6881,Daksha Parekh,customer6881@example.com,7210058128,Pune,2023-07-13
6882,Vrinda Lanka,customer6882@example.com,9833882923,Hyderabad,2025-07-18
6883,Arin Sethi,customer6883@example.com,7311650611,Chandigarh,2026-03-26
6884,Yashasvi Saran,customer6884@example.com,6682499459,Ahmedabad,2024-05-28
6885,Aarnav Sahota,customer6885@example.com,8791082927,Pune,2024-11-22
6886,Januja Sachar,customer6886@example.com,6318938145,Delhi,2024-06-07
6887,Omkaar Basu,customer6887@example.com,8202660351,Ahmedabad,2026-05-13
6888,Harshil Garg,customer6888@example.com,8364971029,Jaipur,2023-09-05
6889,Noah Grewal,customer6889@example.com,7622896718,Kolkata,2023-07-14
6890,Kamya Mistry,customer6890@example.com,8343583051,Nashik,2023-11-04
6891,Bachittar Mammen,customer6891@example.com,8611215232,Surat,2025-02-25
6892,Bakhshi Kar,customer6892@example.com,6832226930,Pune,2023-08-18
6893,Naksh Pall,customer6893@example.com,8140915320,Mumbai,2023-08-03
6894,Yug Jhaveri,customer6894@example.com,8205980313,Ahmedabad,2024-02-16
6895,Abeer Ganesh,customer6895@example.com,6357461827,Chandigarh,2023-08-04
6896,Ishita Bhavsar,customer6896@example.com,7595407002,Lucknow,2025-04-10
6897,Mitesh Prasad,customer6897@example.com,8768230714,Bhopal,2025-11-30
6898,Hemangini Bhargava,customer6898@example.com,8103385191,Lucknow,2025-01-09
6899,Upkaar Nazareth,customer6899@example.com,6102412712,Indore,2024-08-08
6900,Falguni Bandi,customer6900@example.com,6719680684,Kochi,2025-02-14
6901,Nidhi Thaman,customer6901@example.com,6733589240,Hyderabad,2023-07-25
6902,Sathvik Hari,customer6902@example.com,8354073495,Chandigarh,2025-10-14
6903,Reyansh Gaba,customer6903@example.com,9399979201,Kolkata,2023-03-28
6904,Yatin Ramesh,customer6904@example.com,6146054090,Chandigarh,2025-02-24
6905,Pooja Deo,customer6905@example.com,9739183590,Lucknow,2023-01-02
6906,Avi Palan,customer6906@example.com,8217509576,Lucknow,2026-01-26
6907,Jason Date,customer6907@example.com,7954719062,Kochi,2024-01-06
6908,Anamika Chana,customer6908@example.com,9870200847,Kochi,2025-11-11
6909,Dakshesh Sawhney,customer6909@example.com,7427155338,Bengaluru,2025-04-15
6910,Maya Munshi,customer6910@example.com,6772272809,Ahmedabad,2024-01-12
6911,Daksh Dalal,customer6911@example.com,8841325240,Jaipur,2025-12-14
6912,Xavier Taneja,customer6912@example.com,6277652165,Jaipur,2023-02-03
6913,Rudra Borra,customer6913@example.com,9627107196,Lucknow,2025-02-02
6914,Tripti More,customer6914@example.com,6644915577,Pune,2024-06-06
6915,Arunima Dutta,customer6915@example.com,8477342987,Kolkata,2024-08-03
6916,Alexander Rajagopalan,customer6916@example.com,8609729347,Nashik,2023-05-05
6917,Amrita Chander,customer6917@example.com,8970861569,Indore,2024-12-18
6918,Sara Oommen,customer6918@example.com,6752547540,Surat,2025-06-22
6919,Kevin Golla,customer6919@example.com,6309265764,Mumbai,2026-05-28
6920,Sanya Borra,customer6920@example.com,8314143212,Nashik,2025-05-03
6921,Harish Subramaniam,customer6921@example.com,7556409252,Chandigarh,2025-09-20
6922,Vincent Rattan,customer6922@example.com,6796077015,Hyderabad,2025-04-25
6923,Pallavi Mahal,customer6923@example.com,9722820363,Jaipur,2026-05-26
6924,Eiravati Dora,customer6924@example.com,6367098589,Bhopal,2023-03-24
6925,Zayan Rajagopal,customer6925@example.com,6811122572,Delhi,2025-02-21
6926,Lucky Bal,customer6926@example.com,9468869516,Jaipur,2025-08-12
6927,Jai Sen,customer6927@example.com,9444706549,Lucknow,2024-12-20
6928,Avi Agrawal,customer6928@example.com,8414513556,Delhi,2025-10-12
6929,Amruta Murty,customer6929@example.com,7653411535,Chandigarh,2023-07-29
6930,Anamika Bhat,customer6930@example.com,9298756127,Kochi,2024-06-19
6931,Ojas Cherian,customer6931@example.com,8552279483,Surat,2023-11-27
6932,Irya Karpe,customer6932@example.com,6289015129,Bengaluru,2024-05-23
6933,Isha Anne,customer6933@example.com,9291016928,Hyderabad,2024-09-13
6934,Girindra Madan,customer6934@example.com,7575204033,Kolkata,2024-12-18
6935,Liam Chaudhry,customer6935@example.com,6119013927,Delhi,2025-06-24
6936,Chandani Khanna,customer6936@example.com,7817795839,Ahmedabad,2023-10-25
6937,Zansi Sathe,customer6937@example.com,7680122755,Jaipur,2024-08-07
6938,Triya Dey,customer6938@example.com,6457176815,Lucknow,2025-06-28
6939,Unnati Date,customer6939@example.com,6757730206,Bhopal,2023-08-17
6940,Zayan Deep,customer6940@example.com,6985479612,Kolkata,2026-06-10
6941,Girik Thaker,customer6941@example.com,9909234019,Ahmedabad,2024-10-24
6942,Aachal Nagy,customer6942@example.com,6782688672,Chennai,2025-11-05
6943,Pranit Amble,customer6943@example.com,6195876008,Lucknow,2023-12-17
6944,Vasudha Tailor,customer6944@example.com,8240349790,Chennai,2023-01-18
6945,Raagini Tailor,customer6945@example.com,8669228196,Ahmedabad,2024-06-11
6946,Rushil Joshi,customer6946@example.com,9468337949,Kolkata,2023-09-27
6947,Onkar Sani,customer6947@example.com,9908197021,Mumbai,2023-11-12
6948,Girish Parmar,customer6948@example.com,8268628655,Lucknow,2023-11-16
6949,Noah Oak,customer6949@example.com,7930773769,Kolkata,2024-10-29
6950,Bimala Sant,customer6950@example.com,7905966860,Indore,2025-08-21
6951,Dakshesh Venkatesh,customer6951@example.com,9125751003,Mumbai,2024-12-25
6952,Yahvi Parmer,customer6952@example.com,6772426556,Chandigarh,2024-04-15
6953,Onveer Nagi,customer6953@example.com,8347698946,Kolkata,2024-08-24
6954,Vanya Deshmukh,customer6954@example.com,7175586387,Pune,2023-10-07
6955,Orinder Badami,customer6955@example.com,7305927781,Jaipur,2023-10-25
6956,Mitali Subramaniam,customer6956@example.com,9698706712,Nagpur,2024-06-01
6957,Om Patil,customer6957@example.com,8816344683,Jaipur,2024-07-06
6958,Tarak Nagar,customer6958@example.com,8697494916,Nagpur,2024-03-05
6959,Faris Ramanathan,customer6959@example.com,8161880663,Mumbai,2024-04-01
6960,Nathan Gera,customer6960@example.com,7825652774,Bengaluru,2026-01-22
6961,Inaya Anand,customer6961@example.com,7459244326,Bhopal,2023-07-17
6962,Qadim Pandit,customer6962@example.com,6694359260,Delhi,2025-03-30
6963,Om Mital,customer6963@example.com,7156150754,Surat,2025-06-12
6964,Orinder Sabharwal,customer6964@example.com,7469425746,Jaipur,2024-07-10
6965,Zayan Gole,customer6965@example.com,7570779117,Hyderabad,2026-06-19
6966,Gautam Gara,customer6966@example.com,8199076102,Kochi,2026-03-18
6967,Yatan Mahal,customer6967@example.com,9196062207,Hyderabad,2026-06-10
6968,Bhavna Gill,customer6968@example.com,6520746141,Surat,2024-08-01
6969,Agastya Sahni,customer6969@example.com,7505118880,Kolkata,2023-03-28
6970,Onkar Sawhney,customer6970@example.com,8711841526,Mumbai,2024-07-24
6971,Krish Rout,customer6971@example.com,6748024226,Lucknow,2025-05-26
6972,Aadi Lala,customer6972@example.com,6326771821,Kochi,2025-08-12
6973,Charles Patel,customer6973@example.com,9576997760,Kochi,2024-01-25
6974,Rishi Goyal,customer6974@example.com,8624831080,Jaipur,2025-10-17
6975,Vansha Mane,customer6975@example.com,8964420607,Surat,2025-02-03
6976,Anirudh Kata,customer6976@example.com,6561403010,Kochi,2025-07-13
6977,Chandresh Chad,customer6977@example.com,9311898478,Chennai,2026-04-24
6978,Yatan Prabhakar,customer6978@example.com,6593054486,Surat,2025-07-30
6979,Peter Desai,customer6979@example.com,8527064835,Lucknow,2023-03-20
6980,Chanchal Sheth,customer6980@example.com,7604008769,Nashik,2024-05-23
6981,Gabriel Kapadia,customer6981@example.com,8291331558,Chandigarh,2023-10-14
6982,Abdul Batra,customer6982@example.com,9360947645,Indore,2024-07-08
6983,Ansh Wadhwa,customer6983@example.com,8396500568,Chandigarh,2024-02-16
6984,Triya Sunder,customer6984@example.com,6316661261,Mumbai,2024-03-28
6985,Ekani Ratta,customer6985@example.com,7644194712,Bhopal,2025-11-18
6986,Mugdha Choudhry,customer6986@example.com,8921795623,Pune,2025-01-18
6987,Christopher Som,customer6987@example.com,8882443551,Kochi,2025-01-27
6988,Kai Raman,customer6988@example.com,8682518064,Lucknow,2024-06-15
6989,Tejas Vora,customer6989@example.com,8290986556,Mumbai,2023-12-11
6990,Advaith Aurora,customer6990@example.com,7422490640,Hyderabad,2026-04-21
6991,Vedant Sheth,customer6991@example.com,9852781512,Nagpur,2024-01-08
6992,Ryan Madan,customer6992@example.com,7860879409,Nashik,2026-04-30
6993,Gautam Saxena,customer6993@example.com,9738392626,Jaipur,2026-05-04
6994,Manan Kapoor,customer6994@example.com,8129024589,Pune,2023-11-29
6995,Samesh Hora,customer6995@example.com,9198590416,Nagpur,2024-05-31
6996,Ishwar Arora,customer6996@example.com,9475156756,Mumbai,2025-02-23
6997,Barkha Chander,customer6997@example.com,8903436565,Kochi,2025-05-28
6998,Chandani Devan,customer6998@example.com,7326665108,Bengaluru,2025-04-16
6999,Hardik Ramachandran,customer6999@example.com,8572855727,Jaipur,2025-08-09
7000,Anya Mani,customer7000@example.com,7226125301,Indore,2023-05-06
7001,Ronith Sharaf,customer7001@example.com,7967084331,Bhopal,2024-09-02
7002,Ucchal Singhal,customer7002@example.com,8700989684,Ahmedabad,2024-07-01
7003,Janaki Sood,customer7003@example.com,8172248952,Hyderabad,2025-11-19
7004,Azad Sami,customer7004@example.com,6583753825,Kochi,2026-06-25
7005,Zayan Master,customer7005@example.com,6313729153,Bengaluru,2025-01-06
7006,Chakradev Mall,customer7006@example.com,6355133838,Chennai,2023-05-03
7007,Ekaraj Solanki,customer7007@example.com,8834026238,Nagpur,2025-09-29
7008,Harini Chaudhry,customer7008@example.com,6568635254,Nagpur,2023-02-26
7009,Anmol Chadha,customer7009@example.com,9585365172,Indore,2026-02-18
7010,Ranbir Gera,customer7010@example.com,7952674212,Kochi,2023-12-07
7011,Qadim Barman,customer7011@example.com,7430590730,Ahmedabad,2025-09-10
7012,Bhavini Kanda,customer7012@example.com,7532188142,Nagpur,2023-07-01
7013,Darika Loke,customer7013@example.com,8307669033,Kochi,2024-03-29
7014,Faras Taneja,customer7014@example.com,9856328633,Chandigarh,2023-10-20
7015,Theodore Luthra,customer7015@example.com,6556001696,Hyderabad,2026-01-13
7016,Priya Nayak,customer7016@example.com,6476721002,Bhopal,2025-04-30
7017,Yachana Ramachandran,customer7017@example.com,9572660635,Delhi,2024-07-15
7018,Saumya Apte,customer7018@example.com,9514211820,Bengaluru,2024-01-28
7019,Jagrati Memon,customer7019@example.com,9391575637,Delhi,2023-10-24
7020,Umang Radhakrishnan,customer7020@example.com,6552812091,Kochi,2023-02-08
7021,Omya Barman,customer7021@example.com,8232179388,Chandigarh,2026-02-14
7022,Unni Ghose,customer7022@example.com,8505940988,Hyderabad,2025-01-09
7023,Zaitra Saraf,customer7023@example.com,9316084777,Kochi,2024-09-14
7024,Dev Arora,customer7024@example.com,9593303071,Jaipur,2025-12-11
7025,Harinakshi Karan,customer7025@example.com,7604385434,Delhi,2024-10-25
7026,Dhriti Subramaniam,customer7026@example.com,6586646278,Kolkata,2025-03-01
7027,Owen Chand,customer7027@example.com,7182508638,Surat,2026-05-30
7028,Arya Keer,customer7028@example.com,6873062078,Kolkata,2025-07-01
7029,Amol Bali,customer7029@example.com,9873175968,Ahmedabad,2026-03-26
7030,Vansha Walla,customer7030@example.com,7538683239,Pune,2025-11-05
7031,Adweta Sane,customer7031@example.com,7619271730,Nashik,2023-10-27
7032,Dalaja Suresh,customer7032@example.com,8459474087,Hyderabad,2023-10-01
7033,Girindra Memon,customer7033@example.com,9342712648,Indore,2023-11-28
7034,Tamanna Tiwari,customer7034@example.com,7332001328,Nagpur,2025-10-12
7035,Anya Kala,customer7035@example.com,9724812977,Chandigarh,2023-06-27
7036,Charan Randhawa,customer7036@example.com,9294135671,Lucknow,2024-02-04
7037,Fitan Seth,customer7037@example.com,8986565505,Bengaluru,2024-04-30
7038,Ojasvi Kunda,customer7038@example.com,8562040153,Nagpur,2025-06-05
7039,Unni Deep,customer7039@example.com,7367310979,Hyderabad,2024-05-19
7040,Vivaan Raval,customer7040@example.com,9377483585,Chennai,2026-05-26
7041,Jhalak Mishra,customer7041@example.com,6810072934,Surat,2026-03-13
7042,Zilmil Pradhan,customer7042@example.com,6291178672,Hyderabad,2023-11-10
7043,Darpan Dixit,customer7043@example.com,9152132290,Bhopal,2024-04-05
7044,Vaishnavi Ganesan,customer7044@example.com,8796851889,Bengaluru,2024-04-15
7045,Advay Varughese,customer7045@example.com,8510339655,Delhi,2025-08-13
7046,Gaurika Baria,customer7046@example.com,9302425291,Jaipur,2024-08-23
7047,Lekha Bahri,customer7047@example.com,7448840088,Mumbai,2025-12-28
7048,Warinder Patla,customer7048@example.com,7798180313,Bhopal,2025-11-24
7049,Priya Bandi,customer7049@example.com,6460426692,Delhi,2023-03-15
7050,Balhaar Kari,customer7050@example.com,6387106603,Lucknow,2023-10-07
7051,Sachi Loke,customer7051@example.com,7660438179,Delhi,2025-08-26
7052,Yashodhara Korpal,customer7052@example.com,9517861657,Chennai,2026-03-11
7053,Avi Randhawa,customer7053@example.com,8397951868,Kochi,2023-09-12
7054,Ria Kakar,customer7054@example.com,8597512269,Hyderabad,2023-08-18
7055,Nidhi Sinha,customer7055@example.com,8925792282,Hyderabad,2025-03-14
7056,Krishna Goswami,customer7056@example.com,9731045355,Pune,2023-01-02
7057,Osha Roy,customer7057@example.com,7676016902,Bengaluru,2024-06-12
7058,Avni Bumb,customer7058@example.com,9142619841,Chandigarh,2026-05-30
7059,Yauvani Seth,customer7059@example.com,8106715775,Mumbai,2024-02-07
7060,Falguni Kamdar,customer7060@example.com,8493737017,Bengaluru,2026-06-24
7061,Chakradhar Ram,customer7061@example.com,7488293600,Nashik,2023-11-08
7062,Samesh Sachdeva,customer7062@example.com,6252029392,Chandigarh,2025-05-25
7063,Daksha Gara,customer7063@example.com,8332850415,Bhopal,2026-01-27
7064,Mugdha Bajwa,customer7064@example.com,8449576227,Mumbai,2025-03-06
7065,Ekantika Bains,customer7065@example.com,7209800131,Surat,2024-01-16
7066,Lakshit Dewan,customer7066@example.com,9223696167,Surat,2024-03-31
7067,Tamanna Bhargava,customer7067@example.com,6144491929,Mumbai,2024-02-18
7068,Pahal Brahmbhatt,customer7068@example.com,8699481048,Mumbai,2023-10-07
7069,Saanvi Balan,customer7069@example.com,6301738728,Bhopal,2024-09-12
7070,Mahika Jha,customer7070@example.com,6416421395,Kochi,2025-10-04
7071,Darsh Boase,customer7071@example.com,9856793748,Chandigarh,2026-04-10
7072,Nicholas Aurora,customer7072@example.com,7514463360,Delhi,2025-02-10
7073,Rehaan Goel,customer7073@example.com,9148567487,Bengaluru,2023-10-08
7074,Nathaniel Swaminathan,customer7074@example.com,9966780551,Indore,2024-09-28
7075,Mitesh Sahota,customer7075@example.com,7716184878,Indore,2024-06-30
7076,Samar Kaul,customer7076@example.com,6301666052,Lucknow,2024-10-26
7077,Gautam Shankar,customer7077@example.com,9255138134,Bhopal,2025-08-17
7078,Pallavi Morar,customer7078@example.com,6957853150,Indore,2024-05-29
7079,Onveer Ravel,customer7079@example.com,9292309698,Jaipur,2025-05-10
7080,Nakul Balan,customer7080@example.com,9179376260,Surat,2023-12-07
7081,Wahab Chahal,customer7081@example.com,6255232903,Jaipur,2024-02-25
7082,Eta Mittal,customer7082@example.com,9295245877,Jaipur,2025-10-24
7083,Isaiah Mandal,customer7083@example.com,8612687136,Surat,2026-01-06
7084,Omya Sengupta,customer7084@example.com,8170415631,Mumbai,2024-10-23
7085,Lajita Gola,customer7085@example.com,9919806451,Kolkata,2026-05-04
7086,Harini Yohannan,customer7086@example.com,7282021198,Ahmedabad,2023-01-09
7087,Ranveer Agate,customer7087@example.com,8283609093,Hyderabad,2026-04-28
7088,Aarna Wali,customer7088@example.com,9685435265,Jaipur,2024-05-27
7089,Anita Kata,customer7089@example.com,8290024710,Pune,2025-04-17
7090,Yatan Bhagat,customer7090@example.com,9355587637,Kochi,2025-05-01
7091,Faqid Shukla,customer7091@example.com,7873189950,Chennai,2025-06-19
7092,Oeshi Sinha,customer7092@example.com,7228692366,Kochi,2025-11-14
7093,Libni Puri,customer7093@example.com,7235071952,Nashik,2024-10-18
7094,Tristan Comar,customer7094@example.com,6929056111,Mumbai,2026-04-23
7095,Charles Chauhan,customer7095@example.com,9922736896,Indore,2023-09-20
7096,Zayyan Dhar,customer7096@example.com,8724086795,Indore,2023-05-28
7097,Falguni Agarwal,customer7097@example.com,8954404043,Mumbai,2026-02-26
7098,Saumya Batra,customer7098@example.com,6491623308,Surat,2026-03-18
7099,Vamakshi Bhagat,customer7099@example.com,7269262360,Mumbai,2026-02-02
7100,Nitara Misra,customer7100@example.com,7939099042,Bengaluru,2025-03-04
7101,Sanaya Bava,customer7101@example.com,9349721112,Nashik,2025-10-05
7102,Azaan Varghese,customer7102@example.com,7267469379,Mumbai,2025-07-04
7103,Zarna Bhatti,customer7103@example.com,7825304981,Delhi,2025-03-01
7104,Nathaniel Ratti,customer7104@example.com,8172285763,Mumbai,2025-12-21
7105,Noah Sachdeva,customer7105@example.com,9760346642,Mumbai,2025-07-03
7106,Chaman Mistry,customer7106@example.com,7967859391,Pune,2024-09-30
7107,Ayushman Bahl,customer7107@example.com,8522534362,Mumbai,2025-07-05
7108,Manan Varty,customer7108@example.com,6791851567,Pune,2024-02-25
7109,Qarin Sibal,customer7109@example.com,7374879523,Pune,2026-01-17
7110,Gaurang Borra,customer7110@example.com,8531181801,Kochi,2026-06-04
7111,Aarnav Sampath,customer7111@example.com,8556336361,Kolkata,2025-07-28
7112,Lekha Choudhary,customer7112@example.com,9516765501,Nashik,2023-06-14
7113,Urmi Ravi,customer7113@example.com,9160045711,Chandigarh,2025-12-25
7114,Kevin Aurora,customer7114@example.com,6297496406,Nagpur,2023-05-10
7115,Kiaan Badal,customer7115@example.com,8791849504,Bhopal,2025-03-09
7116,Jagdish Shan,customer7116@example.com,9877942931,Kochi,2026-06-29
7117,Parth Sama,customer7117@example.com,7584201153,Delhi,2024-02-26
7118,Aishani Mand,customer7118@example.com,8400765563,Kolkata,2023-01-18
7119,Tejas Nanda,customer7119@example.com,9816700261,Jaipur,2024-05-22
7120,Qarin Kulkarni,customer7120@example.com,9975611237,Indore,2024-04-13
7121,Vedhika Ahuja,customer7121@example.com,6546679518,Hyderabad,2024-05-07
7122,Pranav Apte,customer7122@example.com,9352563549,Kolkata,2025-05-26
7123,Luke Misra,customer7123@example.com,7576986756,Bengaluru,2026-04-19
7124,Kashvi Kale,customer7124@example.com,9516896903,Ahmedabad,2026-03-01
7125,Anirudh Chana,customer7125@example.com,9698680514,Lucknow,2024-08-15
7126,Udant Shanker,customer7126@example.com,7581548524,Pune,2025-09-13
7127,Yuvraj Andra,customer7127@example.com,6673036902,Jaipur,2025-12-03
7128,Amaira Seth,customer7128@example.com,7139637453,Lucknow,2024-10-07
7129,Daniel Krish,customer7129@example.com,6883096075,Surat,2023-04-11
7130,Saumya Acharya,customer7130@example.com,9929496356,Nagpur,2025-06-01
7131,Chaaya Kibe,customer7131@example.com,9519631060,Chennai,2024-04-12
7132,Eesha Deol,customer7132@example.com,6882224995,Lucknow,2023-09-16
7133,Brijesh Pandey,customer7133@example.com,8739100163,Lucknow,2024-09-16
7134,Tristan Sandal,customer7134@example.com,9210401518,Nashik,2025-01-11
7135,Yachana Buch,customer7135@example.com,8724959194,Indore,2025-11-21
7136,Jhalak Mallick,customer7136@example.com,9764699996,Ahmedabad,2026-04-15
7137,Xavier Ratta,customer7137@example.com,8585649126,Nashik,2023-07-20
7138,Yashvi Din,customer7138@example.com,6354001839,Delhi,2025-07-13
7139,Indira Seth,customer7139@example.com,6682887540,Bhopal,2025-07-08
7140,Yuvraj Vasa,customer7140@example.com,7982379195,Indore,2023-12-28
7141,Aradhana Ratta,customer7141@example.com,6303500840,Jaipur,2024-12-27
7142,Max Hora,customer7142@example.com,8573329625,Hyderabad,2025-05-17
7143,Vihaan Sangha,customer7143@example.com,8939711081,Kolkata,2025-02-05
7144,Lakshmi Rau,customer7144@example.com,6497096730,Indore,2024-01-30
7145,Nikita Mander,customer7145@example.com,6470556244,Kochi,2023-12-22
7146,Kai Pradhan,customer7146@example.com,8335189786,Surat,2023-08-17
7147,Vedhika Ghosh,customer7147@example.com,8145706368,Kochi,2025-05-04
7148,Chandresh Kunda,customer7148@example.com,6100146451,Kochi,2023-08-08
7149,Lila Gour,customer7149@example.com,8342025580,Chandigarh,2025-11-26
7150,Nirja Dave,customer7150@example.com,8936732959,Bhopal,2024-03-04
7151,Leena Saha,customer7151@example.com,8218790674,Kochi,2025-08-02
7152,Elijah Setty,customer7152@example.com,7871009782,Pune,2023-04-16
7153,Peter Gulati,customer7153@example.com,6826078512,Kolkata,2025-04-14
7154,Krishna Dubey,customer7154@example.com,8173064654,Nashik,2025-06-14
7155,Tanveer Nagi,customer7155@example.com,6483480018,Jaipur,2024-05-23
7156,Mugdha Varma,customer7156@example.com,8512447893,Hyderabad,2023-01-29
7157,Warhi Seshadri,customer7157@example.com,8843535981,Kochi,2024-06-08
7158,Kashish Saraf,customer7158@example.com,9442553872,Chandigarh,2023-06-06
7159,Charvi Dara,customer7159@example.com,7625614597,Lucknow,2024-10-21
7160,Aachal Vohra,customer7160@example.com,9363577943,Jaipur,2023-08-20
7161,Chandran Virk,customer7161@example.com,7825066032,Delhi,2023-07-24
7162,Yatin Chandran,customer7162@example.com,9834965184,Chennai,2024-10-31
7163,Ryan Wable,customer7163@example.com,9796407460,Lucknow,2023-04-16
7164,Frado Dubey,customer7164@example.com,7784783409,Lucknow,2023-02-18
7165,Neha Anne,customer7165@example.com,8164163526,Pune,2025-03-01
7166,Aayush Bhavsar,customer7166@example.com,9654181040,Chennai,2025-06-01
7167,Chameli Bawa,customer7167@example.com,8563230070,Mumbai,2026-04-23
7168,Mohini Din,customer7168@example.com,7711430796,Chandigarh,2023-12-31
7169,Dalaja Karan,customer7169@example.com,6169132170,Lucknow,2024-04-02
7170,Bhavani Bobal,customer7170@example.com,9504328226,Ahmedabad,2023-11-19
7171,Charita Dani,customer7171@example.com,8484761574,Lucknow,2024-05-01
7172,Samarth Varty,customer7172@example.com,6280285594,Indore,2023-01-14
7173,Ekanta Doshi,customer7173@example.com,6710177644,Nashik,2023-04-11
7174,Kevin Bali,customer7174@example.com,8800062046,Kochi,2025-10-11
7175,Falak Rajagopal,customer7175@example.com,9480264351,Kolkata,2023-08-22
7176,Nathaniel Deshmukh,customer7176@example.com,6224011371,Nagpur,2024-09-11
7177,Advay Narayan,customer7177@example.com,6288567955,Hyderabad,2026-05-19
7178,Christopher Venkataraman,customer7178@example.com,6970160187,Pune,2025-10-15
7179,Vivaan Nayar,customer7179@example.com,9385107667,Bengaluru,2024-07-28
7180,Azaan Sundaram,customer7180@example.com,9453279606,Kolkata,2026-01-29
7181,Priya Chaudry,customer7181@example.com,9261000927,Hyderabad,2026-02-28
7182,Nandini Dass,customer7182@example.com,9907903913,Chandigarh,2023-04-21
7183,Kala Ratti,customer7183@example.com,6248009560,Nashik,2025-02-07
7184,Aayush Chada,customer7184@example.com,8962422830,Chennai,2026-03-04
7185,Janya Korpal,customer7185@example.com,7225445437,Delhi,2025-05-20
7186,Saumya Rege,customer7186@example.com,7636618131,Delhi,2023-03-14
7187,Harish Vora,customer7187@example.com,9337514655,Jaipur,2026-06-02
7188,Gauri Srinivasan,customer7188@example.com,6343944240,Chandigarh,2023-12-22
7189,Bina Ahuja,customer7189@example.com,6703028364,Bhopal,2025-12-29
7190,Yug Mohanty,customer7190@example.com,6681536669,Pune,2025-08-01
7191,Aarini Dara,customer7191@example.com,6191210795,Pune,2024-06-14
7192,Eesha Kar,customer7192@example.com,9799358743,Ahmedabad,2024-06-07
7193,Rishi Subramaniam,customer7193@example.com,6426563832,Pune,2024-01-30
7194,Nidhi Chatterjee,customer7194@example.com,6154772474,Bengaluru,2025-08-11
7195,Charles Taneja,customer7195@example.com,9996463004,Kolkata,2024-03-18
7196,Warhi Hegde,customer7196@example.com,9549094093,Nagpur,2023-03-30
7197,Ethan Taneja,customer7197@example.com,7651637392,Surat,2024-12-09
7198,David Kara,customer7198@example.com,9899686427,Kolkata,2026-01-07
7199,Gabriel Gola,customer7199@example.com,7206880666,Pune,2025-10-09
7200,Manan Nath,customer7200@example.com,6445815091,Kolkata,2024-10-22
7201,Rushil Varty,customer7201@example.com,7836669330,Chandigarh,2026-06-28
7202,Rishi Kade,customer7202@example.com,7439905885,Indore,2023-11-25
7203,Banjeet Gupta,customer7203@example.com,8618949361,Kochi,2025-02-08
7204,Qarin Memon,customer7204@example.com,9806511490,Indore,2023-05-05
7205,Anvi Sen,customer7205@example.com,8522086194,Lucknow,2025-11-10
7206,Aadi Madan,customer7206@example.com,7711087475,Jaipur,2023-12-28
7207,Raagini Bal,customer7207@example.com,8217195593,Bengaluru,2023-02-24
7208,Ojasvi Dave,customer7208@example.com,6795298620,Indore,2025-02-23
7209,Divya Bhatti,customer7209@example.com,8397478028,Mumbai,2025-05-08
7210,Upma Sachdev,customer7210@example.com,7150658772,Mumbai,2025-08-18
7211,Faraj Bora,customer7211@example.com,9850928608,Nagpur,2023-04-13
7212,Bahadurjit Parikh,customer7212@example.com,8802349539,Chennai,2023-08-21
7213,Vasudha Khare,customer7213@example.com,6255375183,Nagpur,2025-10-03
7214,Idika Brar,customer7214@example.com,9352523093,Bengaluru,2023-01-13
7215,Indira Rajagopal,customer7215@example.com,8761237290,Chandigarh,2023-06-06
7216,Aadhya Bansal,customer7216@example.com,8195407031,Nashik,2026-03-27
7217,Irya Upadhyay,customer7217@example.com,7622386655,Surat,2023-12-23
7218,Hemangini Pal,customer7218@example.com,9916425131,Ahmedabad,2026-05-12
7219,Girish Nagi,customer7219@example.com,8807540273,Pune,2023-04-06
7220,Abha Madan,customer7220@example.com,6367985509,Indore,2024-04-18
7221,Jasmit Kothari,customer7221@example.com,9165167469,Pune,2024-11-19
7222,Mitali Batta,customer7222@example.com,6220646596,Jaipur,2024-12-10
7223,Urvashi Agate,customer7223@example.com,7450146074,Jaipur,2025-05-20
7224,Bhavani Apte,customer7224@example.com,6900176590,Bengaluru,2024-10-10
7225,Advik Mukhopadhyay,customer7225@example.com,6665392157,Lucknow,2025-06-03
7226,Devika Dalal,customer7226@example.com,7347786287,Delhi,2025-05-19
7227,Andrew Kothari,customer7227@example.com,7842646265,Pune,2024-05-29
7228,Pranav Bumb,customer7228@example.com,9138017506,Nagpur,2023-06-04
7229,Shaurya Raja,customer7229@example.com,8486042200,Nashik,2025-03-18
7230,Naveen Baral,customer7230@example.com,7341838724,Pune,2025-01-04
7231,Yoshita Prabhu,customer7231@example.com,9658659927,Bengaluru,2023-12-04
7232,Arya Bail,customer7232@example.com,9178233367,Mumbai,2024-12-17
7233,Advik Doshi,customer7233@example.com,8374142121,Surat,2023-08-15
7234,Ekanta Dugar,customer7234@example.com,8843667400,Pune,2023-10-18
7235,Gautam Raja,customer7235@example.com,8225648338,Nagpur,2025-04-01
7236,Rajeshri Jhaveri,customer7236@example.com,6799537852,Nagpur,2023-01-13
7237,Warjas Oommen,customer7237@example.com,6191188610,Bhopal,2023-08-12
7238,Kevin Iyengar,customer7238@example.com,7330962400,Kochi,2024-04-11
7239,Ranveer Sidhu,customer7239@example.com,9489722569,Nagpur,2024-10-14
7240,Adya Bail,customer7240@example.com,6829263999,Mumbai,2024-10-01
7241,Rachana Sura,customer7241@example.com,7488207960,Bhopal,2023-06-29
7242,Yashasvi Subramanian,customer7242@example.com,9105629414,Jaipur,2024-07-30
7243,Om Barman,customer7243@example.com,9927056049,Nagpur,2026-05-13
7244,George Zachariah,customer7244@example.com,8158256462,Surat,2026-02-05
7245,Tristan Brar,customer7245@example.com,6780780024,Nagpur,2025-06-24
7246,Ryan Dhillon,customer7246@example.com,8689950223,Delhi,2026-02-18
7247,Kritika Chaudhry,customer7247@example.com,6275492253,Kochi,2023-10-27
7248,Gautami Yogi,customer7248@example.com,6187759803,Delhi,2025-10-03
7249,Hamsini Batta,customer7249@example.com,7778018617,Chennai,2025-08-30
7250,Nicholas Rastogi,customer7250@example.com,6435179733,Kolkata,2025-02-15
7251,Quincy Dar,customer7251@example.com,9377078499,Hyderabad,2026-02-25
7252,Neha Bali,customer7252@example.com,9933871800,Chennai,2025-10-25
7253,Suhani Dutt,customer7253@example.com,8983658346,Chandigarh,2024-02-29
7254,Andrew Murthy,customer7254@example.com,9268366559,Surat,2023-10-20
7255,Upma Amble,customer7255@example.com,7181215450,Bhopal,2024-04-21
7256,Vansha Mahajan,customer7256@example.com,7800196115,Indore,2023-11-13
7257,Arya Minhas,customer7257@example.com,8785777607,Bhopal,2024-11-20
7258,Dakshesh Wali,customer7258@example.com,8720530957,Lucknow,2024-07-16
7259,Ronith Buch,customer7259@example.com,9701908067,Bhopal,2025-11-10
7260,Devansh Mann,customer7260@example.com,6285713107,Kochi,2023-12-19
7261,Ethan Nori,customer7261@example.com,8173750289,Nagpur,2025-05-26
7262,Anita Sama,customer7262@example.com,7790262004,Jaipur,2025-12-17
7263,Lila Reddy,customer7263@example.com,8597543436,Lucknow,2023-02-21
7264,Nikita Gole,customer7264@example.com,8846343996,Kochi,2023-04-06
7265,Eta Prashad,customer7265@example.com,9495374596,Surat,2023-05-13
7266,Januja Kata,customer7266@example.com,7678405948,Indore,2023-12-23
7267,Lakshit Rajagopalan,customer7267@example.com,6154407869,Chandigarh,2024-04-15
7268,Charvi Babu,customer7268@example.com,8792506821,Indore,2025-04-16
7269,Kashvi Sunder,customer7269@example.com,7962440089,Nashik,2025-02-19
7270,Abeer Kalita,customer7270@example.com,6102418495,Jaipur,2026-05-17
7271,Zansi Rattan,customer7271@example.com,9887746092,Surat,2026-02-04
7272,Ganga Ben,customer7272@example.com,6409643992,Lucknow,2024-09-11
7273,Warjas Barman,customer7273@example.com,6164481987,Lucknow,2026-04-07
7274,Meghana Khare,customer7274@example.com,6812251810,Lucknow,2023-09-25
7275,Abhiram Prabhakar,customer7275@example.com,6554840309,Delhi,2025-05-19
7276,Kai Wali,customer7276@example.com,7419254957,Delhi,2024-01-19
7277,Pushti Lata,customer7277@example.com,7605693993,Indore,2024-07-31
7278,Jai Apte,customer7278@example.com,8808304704,Bengaluru,2024-08-11
7279,Caleb Dani,customer7279@example.com,8728277047,Indore,2025-11-08
7280,Daniel Khalsa,customer7280@example.com,9546786509,Chandigarh,2023-09-18
7281,Luke Patla,customer7281@example.com,8611794942,Chennai,2024-09-18
7282,Arin Lala,customer7282@example.com,8492386470,Nashik,2025-10-18
7283,Nakul Iyengar,customer7283@example.com,9995751855,Mumbai,2024-02-14
7284,Kamala Sibal,customer7284@example.com,6150986120,Bhopal,2023-04-23
7285,Vihaan Choudhury,customer7285@example.com,8124217706,Mumbai,2025-04-19
7286,Manya Barman,customer7286@example.com,7754802764,Surat,2025-01-26
7287,Qushi Bassi,customer7287@example.com,7402769821,Nashik,2025-09-25
7288,Ubika Palla,customer7288@example.com,9686026937,Mumbai,2025-04-10
7289,Chakrika Nagy,customer7289@example.com,6645142858,Hyderabad,2023-05-14
7290,Anjali Devan,customer7290@example.com,8744660922,Surat,2025-01-25
7291,Eiravati Mangal,customer7291@example.com,6801252940,Bhopal,2024-09-18
7292,Bhavika Narayan,customer7292@example.com,7184614132,Surat,2024-11-03
7293,Yoshita Chana,customer7293@example.com,8806415217,Kochi,2025-01-17
7294,Amol Dara,customer7294@example.com,9729447388,Ahmedabad,2024-10-25
7295,Ijaya Palla,customer7295@example.com,7837070274,Nashik,2023-04-01
7296,Bhanumati Mandal,customer7296@example.com,6558230351,Chandigarh,2024-06-17
7297,Mitali Ravi,customer7297@example.com,7724175486,Surat,2025-04-20
7298,Oliver Prabhakar,customer7298@example.com,7559561383,Kochi,2024-01-12
7299,Jatin Tak,customer7299@example.com,7466491872,Lucknow,2023-06-23
7300,Charles Murty,customer7300@example.com,7778580054,Kochi,2025-02-19
7301,Lajita Arora,customer7301@example.com,9552690142,Chandigarh,2024-03-13
7302,Nilima Chauhan,customer7302@example.com,6239772969,Mumbai,2024-05-23
7303,Liam Mukherjee,customer7303@example.com,9589673738,Lucknow,2026-04-14
7304,Azaan Sem,customer7304@example.com,7372382162,Bengaluru,2023-06-01
7305,Chaman Sen,customer7305@example.com,9916221919,Bhopal,2026-01-25
7306,Oviya Ravi,customer7306@example.com,7438505366,Nashik,2025-09-01
7307,Karan Hegde,customer7307@example.com,7557258016,Nagpur,2025-04-16
7308,Dev Pau,customer7308@example.com,7124710078,Mumbai,2025-03-06
7309,Avi Bobal,customer7309@example.com,6801643115,Bhopal,2026-02-10
7310,Rushil Agrawal,customer7310@example.com,6369600064,Mumbai,2026-05-03
7311,Ridhi Karpe,customer7311@example.com,6634262853,Delhi,2023-05-18
7312,Pallavi Taneja,customer7312@example.com,8300832719,Chennai,2025-03-21
7313,Diya Sampath,customer7313@example.com,6319754324,Delhi,2024-12-12
7314,Idika Vyas,customer7314@example.com,8329905140,Hyderabad,2025-04-25
7315,David Prakash,customer7315@example.com,6162228414,Pune,2024-08-18
7316,Praneel Kumer,customer7316@example.com,6124883313,Mumbai,2024-01-26
7317,Falan Kadakia,customer7317@example.com,9961675537,Kolkata,2025-02-12
7318,Eta Mohanty,customer7318@example.com,8165625484,Bengaluru,2023-08-23
7319,Alka Bhalla,customer7319@example.com,9493532756,Jaipur,2024-02-22
7320,Aishani Pau,customer7320@example.com,6569851217,Jaipur,2024-09-13
7321,Gunbir Nagarajan,customer7321@example.com,8782118558,Chennai,2025-04-11
7322,Chatura Nagar,customer7322@example.com,7391331689,Nagpur,2026-01-27
7323,Jatin Buch,customer7323@example.com,6462841469,Nagpur,2025-04-11
7324,Radhika Mital,customer7324@example.com,9967562096,Ahmedabad,2025-07-28
7325,Tanish Sanghvi,customer7325@example.com,9383838917,Kochi,2023-11-02
7326,Lipika Dasgupta,customer7326@example.com,9588240628,Mumbai,2025-07-26
7327,Robert Naidu,customer7327@example.com,9573106274,Jaipur,2026-05-01
7328,Aishani Sharma,customer7328@example.com,8200146696,Chennai,2025-09-10
7329,Abhimanyu Prasad,customer7329@example.com,7195346786,Chandigarh,2023-12-23
7330,Chandran Grewal,customer7330@example.com,7538494754,Nagpur,2023-05-28
7331,Vanya Som,customer7331@example.com,8482146563,Lucknow,2023-10-30
7332,Alka Konda,customer7332@example.com,8907404583,Nashik,2025-02-16
7333,Harish Grewal,customer7333@example.com,9444100043,Jaipur,2024-09-30
7334,Atharv Parsa,customer7334@example.com,8475074267,Bhopal,2025-09-03
7335,Vrinda Khurana,customer7335@example.com,6194237863,Chennai,2025-06-02
7336,Ranveer Dhawan,customer7336@example.com,8481857837,Bhopal,2026-06-22
7337,Simon Deol,customer7337@example.com,8367246828,Bhopal,2023-12-12
7338,Nidhi Mann,customer7338@example.com,8383058032,Jaipur,2025-12-12
7339,Balveer Grewal,customer7339@example.com,9828268169,Bengaluru,2023-02-20
7340,Ekanta Khatri,customer7340@example.com,8435774046,Delhi,2026-05-22
7341,Megha Sharma,customer7341@example.com,7718877510,Hyderabad,2024-10-10
7342,Rachit Kuruvilla,customer7342@example.com,9258208638,Chennai,2023-09-02
7343,Reva Solanki,customer7343@example.com,8743482040,Pune,2024-08-06
7344,Nathaniel Kapur,customer7344@example.com,7486650694,Lucknow,2024-02-16
7345,Lohit Batra,customer7345@example.com,6614424557,Chennai,2024-05-14
7346,William Gopal,customer7346@example.com,6605469867,Kolkata,2023-07-23
7347,Girindra Krishnamurthy,customer7347@example.com,9610102157,Nashik,2024-05-03
7348,Dhruv Sampath,customer7348@example.com,8112439392,Kolkata,2023-06-21
7349,Vedant Gill,customer7349@example.com,9576096831,Surat,2025-08-15
7350,Chaaya Devi,customer7350@example.com,8236705691,Jaipur,2025-11-26
7351,Chameli Talwar,customer7351@example.com,7932100560,Nagpur,2025-06-26
7352,Manthan Andra,customer7352@example.com,9293304711,Nashik,2023-10-15
7353,Garima Nagi,customer7353@example.com,9195872458,Bhopal,2023-06-07
7354,Falguni Luthra,customer7354@example.com,8561706056,Pune,2026-04-05
7355,Jonathan Ramachandran,customer7355@example.com,8413458381,Mumbai,2024-05-26
7356,Saanvi Naik,customer7356@example.com,6366639741,Mumbai,2024-09-16
7357,Ekaraj Jaggi,customer7357@example.com,8416006894,Surat,2024-04-19
7358,Jeet Balan,customer7358@example.com,8813968892,Jaipur,2024-01-23
7359,Maya Mane,customer7359@example.com,7615881582,Nashik,2024-09-21
7360,Tanay Dubey,customer7360@example.com,8417450160,Jaipur,2025-03-17
7361,Rachana Dora,customer7361@example.com,9946782684,Jaipur,2025-09-27
7362,Waida Sengupta,customer7362@example.com,9617101940,Indore,2026-03-25
7363,Unni Kamdar,customer7363@example.com,7278466840,Bhopal,2024-06-14
7364,Faqid Sachdeva,customer7364@example.com,8627799298,Chennai,2025-07-22
7365,Mitali Ratti,customer7365@example.com,6296263165,Hyderabad,2025-06-16
7366,Vanya Bala,customer7366@example.com,7393660004,Indore,2023-01-20
7367,Aarush Johal,customer7367@example.com,9682491309,Chennai,2023-05-08
7368,Charles Khanna,customer7368@example.com,7119490452,Hyderabad,2025-05-30
7369,Bakhshi Nayak,customer7369@example.com,9602417917,Chennai,2025-07-05
7370,Omkaar Thakur,customer7370@example.com,8283956684,Bengaluru,2024-03-19
7371,Krishna Mani,customer7371@example.com,6991987771,Hyderabad,2025-02-17
7372,Baljiwan Solanki,customer7372@example.com,7944205980,Delhi,2023-03-02
7373,Chatresh Deo,customer7373@example.com,8180795436,Bhopal,2024-08-01
7374,Anamika Badami,customer7374@example.com,6918112636,Indore,2023-02-03
7375,Urvashi Peri,customer7375@example.com,7845700471,Mumbai,2026-01-31
7376,Priya Setty,customer7376@example.com,7551860307,Nashik,2025-06-12
7377,Lakshit Prabhu,customer7377@example.com,7880142220,Bhopal,2024-02-16
7378,Qushi Dutta,customer7378@example.com,9270061687,Bhopal,2026-04-01
7379,Balveer Konda,customer7379@example.com,9394421082,Nagpur,2025-12-24
7380,Rayaan Trivedi,customer7380@example.com,9431756704,Ahmedabad,2023-01-26
7381,Netra Lala,customer7381@example.com,8449630832,Hyderabad,2024-01-15
7382,Ekavir Mandal,customer7382@example.com,6434162128,Bengaluru,2026-02-08
7383,Amara Murty,customer7383@example.com,9978509603,Pune,2025-11-02
7384,Sathvik Chawla,customer7384@example.com,9176328305,Pune,2023-01-25
7385,Vedhika Mall,customer7385@example.com,8121591168,Hyderabad,2025-05-23
7386,Aarini Toor,customer7386@example.com,7311539191,Bhopal,2023-08-06
7387,Bakhshi Murty,customer7387@example.com,9925127619,Chandigarh,2023-04-21
7388,Akshay Manda,customer7388@example.com,7508033743,Ahmedabad,2023-05-27
7389,Luke Saha,customer7389@example.com,9708646204,Delhi,2025-05-13
7390,Chaman Kalita,customer7390@example.com,9917159384,Hyderabad,2025-10-25
7391,Karan Kapadia,customer7391@example.com,8746392487,Nagpur,2023-05-19
7392,Lakshmi Chaudhuri,customer7392@example.com,8303276883,Ahmedabad,2025-08-18
7393,Harrison Dugar,customer7393@example.com,8696563641,Nashik,2026-06-01
7394,Hemang Narayan,customer7394@example.com,8374941068,Chandigarh,2024-01-14
7395,Harinakshi Kari,customer7395@example.com,8323356678,Kochi,2024-09-09
7396,Amol Agrawal,customer7396@example.com,6214382232,Surat,2024-05-05
7397,Qabil Seshadri,customer7397@example.com,6527935453,Bhopal,2024-02-11
7398,Nihal Devan,customer7398@example.com,7893502596,Surat,2023-08-11
7399,Daksha Tank,customer7399@example.com,7664032113,Mumbai,2025-07-07
7400,Orinder Edwin,customer7400@example.com,9440601535,Ahmedabad,2026-05-27
7401,Mitali Shenoy,customer7401@example.com,6954889289,Chandigarh,2023-11-01
7402,Devansh Varghese,customer7402@example.com,9162761470,Hyderabad,2026-05-16
7403,Kabir Jayaraman,customer7403@example.com,6529116323,Pune,2023-06-12
7404,Vasudha Bhardwaj,customer7404@example.com,9807517413,Pune,2024-06-13
7405,Bina Bir,customer7405@example.com,8232232770,Delhi,2023-11-19
7406,Chandran Rajagopalan,customer7406@example.com,8374627829,Lucknow,2024-12-21
7407,Ryan Kumer,customer7407@example.com,9167631826,Chennai,2023-09-02
7408,Nandini Mohan,customer7408@example.com,6817552525,Hyderabad,2025-09-30
7409,Anika Raman,customer7409@example.com,9677955512,Chandigarh,2023-02-18
7410,Ekta Varma,customer7410@example.com,6554899204,Delhi,2026-02-01
7411,Sachi Luthra,customer7411@example.com,8892986865,Kolkata,2023-04-29
7412,Reyansh Khurana,customer7412@example.com,8362331388,Ahmedabad,2023-10-07
7413,Sai Dube,customer7413@example.com,8260668838,Mumbai,2023-11-10
7414,Megha Dar,customer7414@example.com,6724638991,Chandigarh,2025-02-08
7415,Daniel Dhaliwal,customer7415@example.com,8728809662,Chandigarh,2023-12-09
7416,Fiyaz Rajagopalan,customer7416@example.com,9842171528,Mumbai,2023-08-21
7417,Kevin Amble,customer7417@example.com,7443625629,Hyderabad,2023-09-24
7418,Omya Naidu,customer7418@example.com,8474139439,Bhopal,2025-01-13
7419,Eiravati Sengupta,customer7419@example.com,6315036479,Bengaluru,2023-03-17
7420,Arunima Narayanan,customer7420@example.com,7400257210,Nashik,2023-12-09
7421,Mohini Naidu,customer7421@example.com,9443165326,Kolkata,2025-09-10
7422,Jagrati Tak,customer7422@example.com,7121730203,Bhopal,2026-06-18
7423,Harish Gera,customer7423@example.com,9373108565,Kochi,2023-10-19
7424,Upma Sankar,customer7424@example.com,9728321515,Nashik,2025-09-09
7425,Abdul Amble,customer7425@example.com,9428496013,Nagpur,2025-11-18
7426,Libni Viswanathan,customer7426@example.com,6467371553,Chennai,2024-06-13
7427,Geetika Verma,customer7427@example.com,8226289086,Lucknow,2026-04-11
7428,Kevin Manne,customer7428@example.com,6435403132,Bengaluru,2025-02-28
7429,Ishanvi Bora,customer7429@example.com,9883442422,Ahmedabad,2025-06-08
7430,Lavanya Pandit,customer7430@example.com,6836706220,Nagpur,2023-06-22
7431,Ekta Chhabra,customer7431@example.com,7804685441,Kochi,2023-04-30
7432,Parth Kunda,customer7432@example.com,7394401957,Indore,2025-07-01
7433,Abha Biswas,customer7433@example.com,9736986843,Jaipur,2023-09-18
7434,Chaman Ahluwalia,customer7434@example.com,8814963071,Delhi,2023-10-05
7435,Saksham Jaggi,customer7435@example.com,8304886846,Hyderabad,2024-06-15
7436,Pooja Badal,customer7436@example.com,8717029449,Kolkata,2023-08-24
7437,Eesha Singhal,customer7437@example.com,8130025211,Hyderabad,2024-10-18
7438,Devansh Sethi,customer7438@example.com,9539051212,Nashik,2023-09-12
7439,Yatan Rege,customer7439@example.com,7882739012,Jaipur,2025-12-15
7440,Chakradev Misra,customer7440@example.com,7147478303,Nashik,2023-07-11
7441,Mitesh Kala,customer7441@example.com,8895738196,Pune,2023-06-24
7442,Darsh Ghose,customer7442@example.com,6199589146,Lucknow,2025-08-05
7443,Gaurangi Bava,customer7443@example.com,6945842403,Bhopal,2023-03-11
7444,Azaan Mall,customer7444@example.com,6820514553,Jaipur,2026-01-02
7445,Simon Luthra,customer7445@example.com,7777914685,Bengaluru,2023-01-10
7446,Rachita Bhatti,customer7446@example.com,9691466055,Ahmedabad,2025-02-12
7447,Vedhika Sur,customer7447@example.com,6858703424,Chennai,2024-06-11
7448,Anjali Nayar,customer7448@example.com,6804640667,Kochi,2026-01-11
7449,Amruta Choudhary,customer7449@example.com,7513508166,Indore,2024-11-14
7450,Janani Ramachandran,customer7450@example.com,8967078704,Ahmedabad,2023-09-12
7451,Agastya Misra,customer7451@example.com,9282669531,Ahmedabad,2024-06-16
7452,Brijesh Shetty,customer7452@example.com,9336174065,Nashik,2024-11-29
7453,Irya Purohit,customer7453@example.com,6807337394,Surat,2025-11-05
7454,Chandani Upadhyay,customer7454@example.com,6284787650,Ahmedabad,2025-07-24
7455,Ekanta Tara,customer7455@example.com,8954824116,Indore,2025-09-02
7456,Zayan Bahl,customer7456@example.com,8575377828,Kolkata,2023-05-12
7457,Chakradev Dey,customer7457@example.com,6931162855,Nashik,2024-12-17
7458,Aarav Ganguly,customer7458@example.com,8773405362,Kochi,2023-08-01
7459,Anamika Din,customer7459@example.com,6269604732,Nagpur,2026-04-16
7460,Viraj Chana,customer7460@example.com,6619546848,Mumbai,2023-11-08
7461,Logan Natarajan,customer7461@example.com,8231400840,Mumbai,2024-04-17
7462,Anay Sidhu,customer7462@example.com,6733229677,Bengaluru,2024-04-19
7463,Devika Dube,customer7463@example.com,9777729804,Chandigarh,2024-12-19
7464,Utkarsh Char,customer7464@example.com,8284197238,Jaipur,2024-08-12
7465,Tripti Sinha,customer7465@example.com,8522296948,Nagpur,2025-04-15
7466,Rajeshri Sharma,customer7466@example.com,9642464401,Chandigarh,2026-04-17
7467,Jasmit Comar,customer7467@example.com,8773681290,Bhopal,2025-06-01
7468,Ekalinga Varghese,customer7468@example.com,7801549672,Chandigarh,2024-02-28
7469,Amara Virk,customer7469@example.com,9229455969,Hyderabad,2024-09-21
7470,Saksham Aggarwal,customer7470@example.com,9566085969,Chandigarh,2023-05-30
7471,Ekaja Venkatesh,customer7471@example.com,6207481810,Hyderabad,2023-01-16
7472,Yoshita Malhotra,customer7472@example.com,8726760215,Surat,2026-01-02
7473,Osha Dutt,customer7473@example.com,8154821121,Nashik,2023-12-09
7474,Thomas Ganguly,customer7474@example.com,8327834056,Nashik,2026-05-06
7475,Azaan Patel,customer7475@example.com,9158620438,Bengaluru,2024-01-31
7476,Ati Gandhi,customer7476@example.com,7821169250,Lucknow,2025-07-11
7477,Osha Srivastava,customer7477@example.com,9855920939,Surat,2024-07-14
7478,Zaitra Kadakia,customer7478@example.com,8811363553,Indore,2025-09-30
7479,Sachi Hans,customer7479@example.com,8149070792,Nagpur,2024-12-01
7480,Leena Rau,customer7480@example.com,8528846607,Bengaluru,2024-09-28
7481,Tanay Chadha,customer7481@example.com,7163622594,Pune,2025-05-06
7482,George Wagle,customer7482@example.com,6923978701,Surat,2024-06-14
7483,Upadhriti Zachariah,customer7483@example.com,9439108394,Nashik,2025-11-19
7484,Chaitaly Din,customer7484@example.com,8672027700,Pune,2023-04-03
7485,Janaki Oak,customer7485@example.com,7760276041,Lucknow,2024-08-06
7486,Oeshi Bajaj,customer7486@example.com,6144114649,Kolkata,2023-11-24
7487,Michael Keer,customer7487@example.com,7301529857,Bhopal,2023-09-11
7488,Triveni Dhawan,customer7488@example.com,8389514865,Mumbai,2025-09-05
7489,Urvi Dani,customer7489@example.com,9159518608,Kolkata,2023-09-14
7490,Yadavi Bala,customer7490@example.com,9309482283,Chennai,2023-02-26
7491,Onveer Kari,customer7491@example.com,6417491357,Bhopal,2024-12-24
7492,Daksh Banik,customer7492@example.com,6475027217,Pune,2023-03-26
7493,Diya Mahajan,customer7493@example.com,7788421866,Bengaluru,2023-10-11
7494,Christopher Mand,customer7494@example.com,6906530269,Chennai,2023-05-14
7495,Sanya Naidu,customer7495@example.com,9515659313,Chennai,2023-08-17
7496,Ekavir Saxena,customer7496@example.com,7456621225,Delhi,2023-04-29
7497,Watika Murthy,customer7497@example.com,9149525055,Bhopal,2023-11-20
7498,Samaksh Vohra,customer7498@example.com,9338420985,Nagpur,2026-04-27
7499,Balveer Sethi,customer7499@example.com,6823920916,Ahmedabad,2024-02-10
7500,Turvi Varkey,customer7500@example.com,8998392257,Delhi,2023-06-04
7501,Ira Bhattacharyya,customer7501@example.com,6414374423,Bhopal,2026-06-01
7502,Wakeeta Bhardwaj,customer7502@example.com,9467614103,Nagpur,2025-09-06
7503,Kala Uppal,customer7503@example.com,7575841064,Chandigarh,2026-02-21
7504,Oliver Ravel,customer7504@example.com,7469923060,Mumbai,2024-12-30
7505,Yashasvi Lall,customer7505@example.com,9739700744,Bhopal,2023-06-20
7506,Nirja Jha,customer7506@example.com,8592742578,Indore,2024-12-11
7507,Nachiket Badal,customer7507@example.com,8331800562,Chennai,2024-06-11
7508,Mohini Buch,customer7508@example.com,8260556316,Bhopal,2025-07-09
7509,Wazir Rastogi,customer7509@example.com,7871377812,Indore,2023-12-31
7510,Pranit Contractor,customer7510@example.com,6359467525,Indore,2023-09-01
7511,Gauri Chakrabarti,customer7511@example.com,6737547907,Chennai,2023-08-19
7512,Mohammed Zacharia,customer7512@example.com,6908633161,Jaipur,2025-01-26
7513,Guneet Vaidya,customer7513@example.com,9304201302,Ahmedabad,2025-05-28
7514,Avi Suresh,customer7514@example.com,8760265221,Hyderabad,2024-05-30
7515,Neelima Rama,customer7515@example.com,8978213986,Nagpur,2025-01-18
7516,Jagat Batta,customer7516@example.com,8351433482,Lucknow,2024-08-30
7517,Kevin Kanda,customer7517@example.com,6507818104,Kochi,2026-04-27
7518,Manan Dhawan,customer7518@example.com,8115529988,Surat,2023-06-11
7519,Vihaan Kapur,customer7519@example.com,9459069068,Indore,2023-07-21
7520,Yasti Sarkar,customer7520@example.com,7199845426,Mumbai,2025-01-21
7521,Suhani Batra,customer7521@example.com,7965618146,Indore,2024-03-06
7522,Diya Basu,customer7522@example.com,9858582933,Surat,2026-06-17
7523,Vritti Narang,customer7523@example.com,6911189068,Pune,2025-09-30
7524,Yasti Sachdev,customer7524@example.com,6214503073,Surat,2025-09-21
7525,Rayaan Nigam,customer7525@example.com,8108791169,Mumbai,2023-05-17
7526,Sanaya Arya,customer7526@example.com,8749080142,Chandigarh,2023-03-20
7527,Riya Keer,customer7527@example.com,8637176869,Lucknow,2023-05-14
7528,Onkar Kamdar,customer7528@example.com,9657721401,Nashik,2023-05-07
7529,Ekantika Narayan,customer7529@example.com,6926572656,Jaipur,2023-08-06
7530,Brijesh Nadkarni,customer7530@example.com,6897670372,Bhopal,2024-11-10
7531,Bachittar Parmar,customer7531@example.com,6728897210,Jaipur,2023-09-17
7532,Girik Vohra,customer7532@example.com,6358958267,Jaipur,2023-04-09
7533,Tristan Varty,customer7533@example.com,6505074598,Bengaluru,2026-01-21
7534,Ati Lall,customer7534@example.com,8119758164,Ahmedabad,2024-01-16
7535,Deepa Pillai,customer7535@example.com,8631131304,Mumbai,2023-11-15
7536,Henry Bose,customer7536@example.com,7436717356,Indore,2024-08-23
7537,Devansh Morar,customer7537@example.com,6553923806,Hyderabad,2025-02-03
7538,Charan Chaudry,customer7538@example.com,7307337693,Mumbai,2024-05-20
7539,Utkarsh Naidu,customer7539@example.com,9298183385,Ahmedabad,2024-04-10
7540,Rushil Rattan,customer7540@example.com,9768074767,Nagpur,2024-10-16
7541,Ishaan Nair,customer7541@example.com,9990504271,Indore,2024-02-19
7542,Falan Barad,customer7542@example.com,8757168648,Delhi,2025-03-06
7543,Shravya Sekhon,customer7543@example.com,7240700012,Surat,2024-10-11
7544,Lucky Kata,customer7544@example.com,9662248871,Chandigarh,2024-05-07
7545,Amara Parikh,customer7545@example.com,9706464173,Nagpur,2026-01-19
7546,Yauvani Manne,customer7546@example.com,8618487045,Jaipur,2024-10-07
7547,Nisha Solanki,customer7547@example.com,9497193381,Lucknow,2026-03-30
7548,Aryan Kata,customer7548@example.com,8827694878,Kochi,2024-03-03
7549,Prisha Misra,customer7549@example.com,9955071364,Nashik,2025-07-21
7550,Dominic Sankaran,customer7550@example.com,9669881918,Delhi,2023-03-17
7551,Krish Nagar,customer7551@example.com,7843167489,Pune,2025-11-27
7552,Tejas Tara,customer7552@example.com,9253634049,Indore,2026-06-23
7553,Jagat Pant,customer7553@example.com,9272516536,Chandigarh,2024-09-08
7554,Jasmit Sethi,customer7554@example.com,9167948707,Lucknow,2023-10-30
7555,Manan Sarna,customer7555@example.com,7824792078,Hyderabad,2026-05-11
7556,Hemang Upadhyay,customer7556@example.com,8725994099,Bhopal,2024-01-03
7557,Sathvik Barad,customer7557@example.com,9436592338,Bhopal,2025-05-11
7558,Gaurang Narula,customer7558@example.com,9568565387,Surat,2023-11-12
7559,Daksha Gade,customer7559@example.com,6320806853,Chandigarh,2025-10-05
7560,Utkarsh Gill,customer7560@example.com,6426368791,Surat,2024-02-11
7561,Gautam Prashad,customer7561@example.com,7256134113,Jaipur,2024-05-06
7562,Ekapad Palan,customer7562@example.com,9258082459,Hyderabad,2023-05-11
7563,Yug Sant,customer7563@example.com,6729686625,Lucknow,2026-01-18
7564,Arjun Shukla,customer7564@example.com,9494037719,Ahmedabad,2023-09-28
7565,Charita Manne,customer7565@example.com,9601311542,Hyderabad,2024-05-22
7566,Urishilla Kumar,customer7566@example.com,6675882717,Bhopal,2024-06-07
7567,Patrick Das,customer7567@example.com,8131648475,Pune,2024-12-16
7568,Ishanvi Mander,customer7568@example.com,9903691708,Hyderabad,2025-09-15
7569,Vidhi Loyal,customer7569@example.com,7387198358,Kolkata,2026-01-03
7570,Panini Bhatt,customer7570@example.com,9612779475,Lucknow,2024-03-11
7571,Aarush Nayar,customer7571@example.com,6535796428,Pune,2025-02-17
7572,Neel Gandhi,customer7572@example.com,9722914718,Bhopal,2023-06-26
7573,Yochana Chandra,customer7573@example.com,6971539071,Chandigarh,2023-07-05
7574,Ekbal Mangat,customer7574@example.com,6487777412,Indore,2025-12-01
7575,Vedant Mital,customer7575@example.com,6383810227,Chennai,2025-05-23
7576,Varsha Raju,customer7576@example.com,6867821697,Indore,2025-03-16
7577,Aadhya Jani,customer7577@example.com,8694773964,Nashik,2025-05-26
7578,Shivani Mani,customer7578@example.com,7842902215,Delhi,2024-12-30
7579,Kabir Dass,customer7579@example.com,8766608054,Jaipur,2026-01-20
7580,Bhavya Khurana,customer7580@example.com,8370080046,Hyderabad,2024-10-12
7581,Ayush Doshi,customer7581@example.com,6518949899,Kolkata,2025-05-28
7582,Ijaya Balan,customer7582@example.com,6864630981,Nashik,2023-01-29
7583,Rachit Dada,customer7583@example.com,6816484176,Bhopal,2025-02-01
7584,Ojasvi Purohit,customer7584@example.com,7494665033,Nashik,2024-03-26
7585,Tripti Dasgupta,customer7585@example.com,8149260394,Jaipur,2025-12-12
7586,Ojasvi Sachdev,customer7586@example.com,6740170080,Pune,2023-07-19
7587,Faras Agarwal,customer7587@example.com,9229188753,Nagpur,2023-02-18
7588,Dhriti Ramesh,customer7588@example.com,6591811491,Nagpur,2026-03-22
7589,Arunima Ghosh,customer7589@example.com,6303340340,Nagpur,2025-02-08
7590,Krish Dave,customer7590@example.com,6431909392,Bhopal,2023-05-27
7591,Thomas Luthra,customer7591@example.com,8447345206,Lucknow,2024-04-02
7592,Elijah Joshi,customer7592@example.com,8135058571,Nashik,2024-07-15
7593,Pallavi Kant,customer7593@example.com,9632598285,Ahmedabad,2025-12-07
7594,Vinaya Parmar,customer7594@example.com,6742874284,Bengaluru,2024-07-19
7595,Girindra Som,customer7595@example.com,6493841363,Delhi,2025-06-19
7596,Ekbal Narang,customer7596@example.com,6317325700,Chandigarh,2024-09-25
7597,Daksha Majumdar,customer7597@example.com,7696213099,Bhopal,2025-07-08
7598,Jai Mahal,customer7598@example.com,7711420177,Mumbai,2024-08-23
7599,Avi Gala,customer7599@example.com,8615662640,Mumbai,2025-07-22
7600,Yatan Palla,customer7600@example.com,9994493409,Surat,2023-04-18
7601,Tanvi Modi,customer7601@example.com,8887487454,Delhi,2023-11-20
7602,Jalsa Saraf,customer7602@example.com,9794429003,Ahmedabad,2025-03-03
7603,Logan Puri,customer7603@example.com,9559078523,Hyderabad,2023-10-16
7604,Imaran Rajagopal,customer7604@example.com,7944246146,Jaipur,2023-02-12
7605,Vrishti Dave,customer7605@example.com,7710548581,Jaipur,2023-07-03
7606,Tejas Bhavsar,customer7606@example.com,9938429671,Kolkata,2024-06-16
7607,Lakshmi Natt,customer7607@example.com,7674865476,Nagpur,2024-10-24
7608,Nakul Goswami,customer7608@example.com,7578726249,Pune,2023-10-28
7609,Reva Prashad,customer7609@example.com,7675998986,Nagpur,2024-08-08
7610,George Misra,customer7610@example.com,9325570748,Mumbai,2025-07-19
7611,Atharv Kalita,customer7611@example.com,7752243103,Surat,2024-08-01
7612,Aarnav Gola,customer7612@example.com,7360931195,Chennai,2024-04-08
7613,Hemal Bhatt,customer7613@example.com,9906628286,Ahmedabad,2023-08-29
7614,Anika Mani,customer7614@example.com,6579627913,Kolkata,2025-05-14
7615,Mohini Srivastava,customer7615@example.com,6697667659,Mumbai,2023-11-23
7616,Pranit Walla,customer7616@example.com,8751312130,Chandigarh,2025-05-28
7617,Aadi Mital,customer7617@example.com,8629554289,Indore,2026-06-20
7618,Wridesh Kaur,customer7618@example.com,9952760246,Lucknow,2023-12-16
7619,Zayyan Patel,customer7619@example.com,7586991606,Delhi,2023-12-27
7620,Kritika Chacko,customer7620@example.com,6503091527,Kochi,2023-03-17
7621,Vasatika Master,customer7621@example.com,8307693554,Bengaluru,2026-05-26
7622,Manthan Parmar,customer7622@example.com,7113844015,Lucknow,2024-01-02
7623,Ishwar Lad,customer7623@example.com,9227539114,Lucknow,2025-11-13
7624,Zansi Shukla,customer7624@example.com,9824141706,Delhi,2024-04-11
7625,Tanay Bhatt,customer7625@example.com,6650004727,Indore,2025-03-28
7626,Abhiram Mann,customer7626@example.com,8338716992,Kochi,2023-09-16
7627,Ekanta Mangal,customer7627@example.com,7528927014,Bengaluru,2023-06-12
7628,Ridhi Tandon,customer7628@example.com,6868325955,Ahmedabad,2024-10-26
7629,Pavani Chandran,customer7629@example.com,6767556039,Nashik,2023-11-22
7630,Charles Wadhwa,customer7630@example.com,9699696264,Ahmedabad,2024-09-01
7631,Yadavi Behl,customer7631@example.com,8285927657,Kochi,2023-06-13
7632,Harish Wason,customer7632@example.com,6825285523,Indore,2023-04-16
7633,Yagnesh Chada,customer7633@example.com,8787697691,Delhi,2026-02-26
7634,Samuel Chad,customer7634@example.com,9822425451,Nashik,2026-05-07
7635,George Bhattacharyya,customer7635@example.com,7650685601,Bengaluru,2025-08-18
7636,Veer Sant,customer7636@example.com,9300729752,Pune,2023-07-28
7637,Nitara Garde,customer7637@example.com,7721925017,Surat,2024-05-05
7638,Alexander Sunder,customer7638@example.com,9229423883,Bhopal,2023-08-09
7639,Tanmayi Chatterjee,customer7639@example.com,9731888603,Mumbai,2026-03-08
7640,Nidra Vohra,customer7640@example.com,6966182053,Surat,2023-12-14
7641,Pallavi Mitra,customer7641@example.com,7360695162,Chennai,2023-07-02
7642,Ganga Sha,customer7642@example.com,7883461679,Delhi,2024-01-16
7643,Niharika Agate,customer7643@example.com,9976011470,Surat,2023-07-11
7644,Priya Hora,customer7644@example.com,6770320331,Mumbai,2025-12-29
7645,Ekbal Pradhan,customer7645@example.com,6887065138,Nashik,2023-11-09
7646,Praneel Hayre,customer7646@example.com,6386903158,Bengaluru,2025-03-31
7647,Netra Bandi,customer7647@example.com,6161719570,Kochi,2025-11-14
7648,Qasim Hayer,customer7648@example.com,7580954165,Nashik,2023-02-04
7649,Qasim Thakkar,customer7649@example.com,8887627553,Mumbai,2024-04-11
7650,Gautami Nayak,customer7650@example.com,7272199912,Mumbai,2025-02-06
7651,Eta Devi,customer7651@example.com,8187064869,Nagpur,2023-08-29
7652,Bhavya Chandran,customer7652@example.com,8390385022,Delhi,2025-07-10
7653,Bimala Dube,customer7653@example.com,6836983355,Bhopal,2024-04-12
7654,Netra Rege,customer7654@example.com,8434084873,Chennai,2025-01-27
7655,Balhaar Chauhan,customer7655@example.com,7826141968,Mumbai,2025-06-26
7656,Faqid Kunda,customer7656@example.com,8161354535,Indore,2023-05-18
7657,Lucky Bahl,customer7657@example.com,7247160073,Nagpur,2023-03-15
7658,Neelima Samra,customer7658@example.com,6252535338,Bengaluru,2026-01-31
7659,Samesh Venkataraman,customer7659@example.com,7726688473,Hyderabad,2023-12-05
7660,Kabir Deshmukh,customer7660@example.com,7764253207,Pune,2024-09-07
7661,Arunima Barad,customer7661@example.com,7400220060,Jaipur,2026-03-11
7662,Ekaja Kata,customer7662@example.com,7800632603,Lucknow,2024-03-24
7663,Qarin Goda,customer7663@example.com,9397949034,Mumbai,2024-08-17
7664,Kashish Purohit,customer7664@example.com,6494820448,Nagpur,2023-09-26
7665,Ayaan Chandran,customer7665@example.com,9792813305,Chandigarh,2024-06-09
7666,Faqid Comar,customer7666@example.com,8546742787,Delhi,2024-11-02
7667,Aahana Warrior,customer7667@example.com,6364465774,Surat,2026-03-04
7668,Shaurya Kapoor,customer7668@example.com,8409160064,Nagpur,2025-12-18
7669,Reyansh Kari,customer7669@example.com,8489001830,Nagpur,2024-02-16
7670,Januja Golla,customer7670@example.com,6216628066,Kolkata,2025-06-17
7671,Jackson Kala,customer7671@example.com,6962181100,Hyderabad,2024-12-30
7672,Yagnesh Kumar,customer7672@example.com,8376527625,Kolkata,2025-05-31
7673,Nisha Mander,customer7673@example.com,9515966525,Nashik,2026-01-15
7674,Jonathan Kalita,customer7674@example.com,6750000114,Lucknow,2026-06-18
7675,Quincy Tella,customer7675@example.com,9430907849,Jaipur,2025-11-05
7676,Chanchal Misra,customer7676@example.com,6510619479,Jaipur,2023-04-03
7677,Priya Ahluwalia,customer7677@example.com,8431473521,Nashik,2024-02-23
7678,Aishani Vala,customer7678@example.com,9881974447,Chandigarh,2025-04-24
7679,Pushti Hans,customer7679@example.com,9168598994,Jaipur,2024-01-29
7680,Owen Bhagat,customer7680@example.com,7754110130,Jaipur,2025-05-16
7681,Yug Sarkar,customer7681@example.com,7924239556,Ahmedabad,2024-07-27
7682,Urvashi Kibe,customer7682@example.com,8837464035,Nagpur,2025-05-19
7683,Jalsa Goel,customer7683@example.com,6380205615,Chandigarh,2025-07-25
7684,Vincent Parekh,customer7684@example.com,6677184203,Kochi,2026-02-02
7685,George Natt,customer7685@example.com,7972875514,Ahmedabad,2023-09-04
7686,Leela Raval,customer7686@example.com,8647457773,Indore,2024-06-13
7687,Gaurangi Bhatti,customer7687@example.com,6731461740,Hyderabad,2024-02-11
7688,Vinaya Ramakrishnan,customer7688@example.com,9441122197,Pune,2025-03-24
7689,Kala Koshy,customer7689@example.com,8250724597,Indore,2026-05-01
7690,Omaja Saha,customer7690@example.com,9306340733,Nagpur,2024-02-10
7691,Henry Lata,customer7691@example.com,6256615180,Chandigarh,2025-08-15
7692,Kala Kanda,customer7692@example.com,6559196003,Delhi,2025-01-12
7693,Nidhi Prabhakar,customer7693@example.com,9138315565,Kochi,2024-02-03
7694,Bhavya Sathe,customer7694@example.com,9842948319,Bengaluru,2024-02-17
7695,Meera Saraf,customer7695@example.com,7668664396,Nashik,2023-11-01
7696,Viraj Nigam,customer7696@example.com,7246068912,Bhopal,2025-11-09
7697,Nikita Datta,customer7697@example.com,6328370648,Nagpur,2025-06-01
7698,Zaid Dube,customer7698@example.com,8257589539,Bhopal,2025-09-16
7699,Samaksh Rama,customer7699@example.com,7147279525,Kochi,2025-02-14
7700,Matthew Mishra,customer7700@example.com,7363921505,Hyderabad,2023-03-21
7701,Hamsini Soman,customer7701@example.com,8702076161,Chennai,2024-05-23
7702,Naksh Shankar,customer7702@example.com,8803956391,Mumbai,2023-08-05
7703,Ronith Kapur,customer7703@example.com,6468955895,Hyderabad,2023-11-20
7704,Anika Kala,customer7704@example.com,6653234556,Nashik,2024-11-24
7705,Nirja Narasimhan,customer7705@example.com,8861375070,Bengaluru,2024-04-27
7706,Yatin Bal,customer7706@example.com,8511507588,Jaipur,2023-12-17
7707,Harrison Ramaswamy,customer7707@example.com,7478397096,Chandigarh,2023-08-16
7708,Chaman Singhal,customer7708@example.com,8108940028,Kochi,2024-04-08
7709,Faras Sagar,customer7709@example.com,7817683749,Jaipur,2024-07-17
7710,Irya Kapur,customer7710@example.com,8215600939,Delhi,2024-05-05
7711,Harrison Ramesh,customer7711@example.com,6292793918,Kolkata,2023-04-21
7712,Triya Chakrabarti,customer7712@example.com,9905126965,Bhopal,2026-02-15
7713,Yash Bajaj,customer7713@example.com,8890080356,Delhi,2025-03-26
7714,Sathvik Som,customer7714@example.com,7746944610,Pune,2026-05-03
7715,Ladli Bhargava,customer7715@example.com,9785605736,Indore,2026-05-30
7716,Ojas Agrawal,customer7716@example.com,7146306710,Chandigarh,2024-05-06
7717,Anusha Yadav,customer7717@example.com,7756741816,Mumbai,2024-09-24
7718,Vasatika Bahl,customer7718@example.com,7616890147,Nagpur,2025-11-19
7719,Libni Maharaj,customer7719@example.com,9804016341,Nashik,2024-09-28
7720,Jacob Deep,customer7720@example.com,7821131493,Nashik,2024-11-13
7721,Bhavika Rao,customer7721@example.com,6702493142,Pune,2025-10-03
7722,Chameli Sathe,customer7722@example.com,8297241275,Delhi,2023-04-28
7723,Qarin Naik,customer7723@example.com,6997011723,Nashik,2024-07-02
7724,Maanas Gala,customer7724@example.com,6506711546,Delhi,2026-02-19
7725,Chaman Padmanabhan,customer7725@example.com,7230094359,Pune,2024-08-01
7726,Samesh Halder,customer7726@example.com,9444705984,Kochi,2025-01-11
7727,Triveni Dewan,customer7727@example.com,7837629484,Bhopal,2026-06-23
7728,Advay Kale,customer7728@example.com,7670639109,Surat,2023-07-19
7729,Adweta Tiwari,customer7729@example.com,6154814510,Kolkata,2023-04-07
7730,Imaran Golla,customer7730@example.com,9734268921,Indore,2023-12-23
7731,Leela Master,customer7731@example.com,7123371725,Delhi,2023-09-11
7732,Gaurang Rout,customer7732@example.com,9125089486,Chennai,2025-09-14
7733,Atharv Sabharwal,customer7733@example.com,9990306533,Hyderabad,2023-05-25
7734,Tejas Narasimhan,customer7734@example.com,7572198312,Bengaluru,2026-02-02
7735,Indrajit Bali,customer7735@example.com,7443660117,Delhi,2024-06-03
7736,Lopa Chokshi,customer7736@example.com,8169809027,Hyderabad,2024-08-31
7737,Inaya Bala,customer7737@example.com,8406297406,Bhopal,2025-12-22
7738,Nandini Koshy,customer7738@example.com,7424962916,Ahmedabad,2026-01-08
7739,Bahadurjit Bumb,customer7739@example.com,8706350941,Hyderabad,2023-05-09
7740,Upkaar Kata,customer7740@example.com,6655084441,Kolkata,2023-03-22
7741,Anita Kale,customer7741@example.com,8779000555,Lucknow,2025-02-19
7742,Oni Subramaniam,customer7742@example.com,9476696968,Delhi,2023-08-13
7743,Anusha Walla,customer7743@example.com,6793623106,Lucknow,2023-08-14
7744,Baghyawati Bath,customer7744@example.com,6644257940,Indore,2026-02-05
7745,Gaurang Bhatia,customer7745@example.com,8292565514,Mumbai,2023-01-07
7746,Radha Tak,customer7746@example.com,8460736547,Nagpur,2024-11-15
7747,Baljiwan Borah,customer7747@example.com,6923192268,Nashik,2024-02-25
7748,Gavin Chawla,customer7748@example.com,6194173290,Surat,2023-05-23
7749,Advaith Mandal,customer7749@example.com,8639922660,Ahmedabad,2023-02-02
7750,Aryan Batta,customer7750@example.com,6611124285,Bengaluru,2024-11-18
7751,Neel Barad,customer7751@example.com,6388209167,Pune,2025-10-07
7752,Omisha Sahni,customer7752@example.com,8478162079,Ahmedabad,2024-09-26
7753,Netra Bali,customer7753@example.com,9146783080,Kochi,2024-09-18
7754,Balveer Koshy,customer7754@example.com,6220565792,Kochi,2025-09-07
7755,Maanas Dara,customer7755@example.com,8226454650,Bengaluru,2025-03-09
7756,Aarna Thaker,customer7756@example.com,6989133099,Indore,2026-06-16
7757,Chasmum Lal,customer7757@example.com,8172480750,Surat,2023-10-31
7758,Darpan Kadakia,customer7758@example.com,8821470361,Chennai,2024-02-04
7759,Rudra Borde,customer7759@example.com,6179784066,Bhopal,2025-08-28
7760,Darsh Sridhar,customer7760@example.com,7144292220,Bhopal,2026-06-02
7761,Vedika Chaudhry,customer7761@example.com,9257795764,Chennai,2026-05-20
7762,Lavanya Bhargava,customer7762@example.com,9627728967,Lucknow,2024-08-14
7763,Ekiya Srivastava,customer7763@example.com,9348441625,Lucknow,2025-03-22
7764,Gabriel Tandon,customer7764@example.com,6889827396,Surat,2023-12-18
7765,Samar Deshmukh,customer7765@example.com,6146926898,Nagpur,2026-04-10
7766,Dayamai Babu,customer7766@example.com,8125633700,Jaipur,2025-02-19
7767,Chavvi Shetty,customer7767@example.com,9956265003,Bhopal,2025-05-10
7768,Neel Verma,customer7768@example.com,7364178046,Mumbai,2024-07-02
7769,Bimala Chanda,customer7769@example.com,7150414824,Nagpur,2025-03-10
7770,Kevin Walla,customer7770@example.com,6920334149,Delhi,2026-02-26
7771,Chandani Nadig,customer7771@example.com,6724880632,Hyderabad,2025-08-23
7772,Vedhika Borde,customer7772@example.com,8357672290,Hyderabad,2025-02-09
7773,Rajata Soni,customer7773@example.com,6316506890,Bhopal,2024-07-10
7774,Vritti Rai,customer7774@example.com,8866355906,Lucknow,2025-08-17
7775,Priya Guha,customer7775@example.com,8327594333,Nagpur,2025-10-08
7776,William Buch,customer7776@example.com,9720418197,Hyderabad,2024-04-30
7777,Xalak Mitra,customer7777@example.com,8131803762,Indore,2024-12-17
7778,Ladli Das,customer7778@example.com,6547401342,Hyderabad,2025-09-07
7779,Omkaar Krish,customer7779@example.com,9584746460,Jaipur,2024-09-19
7780,Jagat Pall,customer7780@example.com,8596757766,Delhi,2025-12-06
7781,Chanakya Borra,customer7781@example.com,7313641608,Lucknow,2024-11-26
7782,Fitan Nayak,customer7782@example.com,8975188668,Delhi,2025-08-11
7783,Garima Behl,customer7783@example.com,6407126744,Bengaluru,2025-02-15
7784,Rachita Goyal,customer7784@example.com,8774162530,Surat,2023-02-17
7785,Ekalinga Ray,customer7785@example.com,9635011807,Chennai,2025-11-20
7786,Hemangini Nazareth,customer7786@example.com,6232541725,Indore,2025-05-16
7787,Ekantika Gill,customer7787@example.com,8420233598,Nagpur,2024-12-08
7788,Devika Borde,customer7788@example.com,6388471431,Nashik,2023-05-15
7789,Liam Patla,customer7789@example.com,6353301958,Hyderabad,2023-01-08
7790,Vidhi Bhattacharyya,customer7790@example.com,7354663127,Bengaluru,2024-08-20
7791,Anya Verma,customer7791@example.com,9805499950,Pune,2023-06-28
7792,Pooja Ramakrishnan,customer7792@example.com,9703512748,Chennai,2026-04-21
7793,Yashawini Kant,customer7793@example.com,8952664065,Chennai,2024-12-02
7794,Azaan Pingle,customer7794@example.com,7484634213,Lucknow,2024-06-21
7795,Harini Sant,customer7795@example.com,7569682060,Lucknow,2023-07-04
7796,Ijaya Ratti,customer7796@example.com,6343609189,Hyderabad,2025-07-24
7797,Jasmit Patla,customer7797@example.com,8899830287,Nashik,2026-02-25
7798,Madhav Gour,customer7798@example.com,6469133249,Indore,2025-04-16
7799,Gabriel Shah,customer7799@example.com,8969416844,Kochi,2023-01-19
7800,Madhavi Raval,customer7800@example.com,9242683125,Surat,2026-04-29
7801,Janaki Ravel,customer7801@example.com,8356540966,Bengaluru,2023-06-12
7802,Atharv Lad,customer7802@example.com,9578649020,Jaipur,2024-08-01
7803,Abhiram Soni,customer7803@example.com,8195953737,Hyderabad,2023-10-29
7804,Brijesh Butala,customer7804@example.com,9349216976,Nashik,2023-12-17
7805,Anvi Choudhry,customer7805@example.com,9856103675,Ahmedabad,2024-05-03
7806,Abdul Radhakrishnan,customer7806@example.com,7632930639,Bengaluru,2025-06-16
7807,Pranit Lad,customer7807@example.com,6725805124,Jaipur,2025-01-14
7808,Yauvani Saxena,customer7808@example.com,8205626501,Lucknow,2025-07-19
7809,Abdul Aggarwal,customer7809@example.com,7119429054,Nagpur,2023-09-29
7810,Nilima Bhargava,customer7810@example.com,8943844370,Jaipur,2024-10-13
7811,Harish Sunder,customer7811@example.com,8315817164,Surat,2026-01-04
7812,Lohit Amble,customer7812@example.com,9338442102,Pune,2025-05-30
7813,Nikita Ganguly,customer7813@example.com,8675279358,Jaipur,2023-12-17
7814,Yachana Choudhry,customer7814@example.com,6246872786,Hyderabad,2024-11-09
7815,Indali Edwin,customer7815@example.com,7205144921,Surat,2025-11-24
7816,Veer Dhar,customer7816@example.com,8143045955,Bengaluru,2026-05-11
7817,Pratyush Gill,customer7817@example.com,8877873931,Surat,2023-05-11
7818,Bhanumati Arya,customer7818@example.com,8290054059,Nashik,2024-11-17
7819,Urishilla Narain,customer7819@example.com,9832030696,Delhi,2023-10-12
7820,Reyansh Parmar,customer7820@example.com,7487033118,Lucknow,2023-08-07
7821,Azad Agarwal,customer7821@example.com,9409211443,Delhi,2023-09-16
7822,George Barad,customer7822@example.com,6363683968,Delhi,2025-12-30
7823,Sneha D’Alia,customer7823@example.com,7497672529,Kolkata,2025-10-26
7824,Kashish Chaudry,customer7824@example.com,8902237279,Bhopal,2025-08-15
7825,Yatin Palan,customer7825@example.com,7197018449,Kochi,2025-05-23
7826,Dipta Hari,customer7826@example.com,7436387862,Bhopal,2024-12-04
7827,Saanvi Dhingra,customer7827@example.com,8172443990,Nashik,2024-07-06
7828,Karan Amble,customer7828@example.com,8388921053,Kochi,2024-05-27
7829,Bimala Dalal,customer7829@example.com,9361178086,Nashik,2024-05-12
7830,Vrishti Baria,customer7830@example.com,9471609112,Indore,2024-03-24
7831,Wridesh Balakrishnan,customer7831@example.com,8982221149,Bhopal,2026-05-08
7832,Anay Bora,customer7832@example.com,9391562603,Ahmedabad,2025-10-17
7833,Charita Chaudry,customer7833@example.com,8172989739,Bengaluru,2023-12-21
7834,Forum Kibe,customer7834@example.com,7611506742,Nagpur,2025-08-12
7835,Faras Natarajan,customer7835@example.com,9677868603,Kolkata,2024-07-28
7836,Yashvi Chandran,customer7836@example.com,9139127228,Chandigarh,2023-07-08
7837,Bhavna Singh,customer7837@example.com,7346560871,Hyderabad,2023-12-17
7838,Suhani Mani,customer7838@example.com,9381319177,Delhi,2024-09-11
7839,Balhaar Gill,customer7839@example.com,7823970530,Kochi,2025-05-04
7840,Yashvi Kapoor,customer7840@example.com,8999591085,Pune,2024-04-17
7841,Lekha Kapadia,customer7841@example.com,9713915835,Kochi,2024-01-28
7842,Widisha Bakshi,customer7842@example.com,6920726102,Bhopal,2023-12-12
7843,Ucchal D’Alia,customer7843@example.com,9363594740,Jaipur,2026-04-29
7844,Gunbir Kapadia,customer7844@example.com,7211104482,Bhopal,2023-12-17
7845,Zashil Khatri,customer7845@example.com,9131788493,Kochi,2026-05-24
7846,Akshay Nagar,customer7846@example.com,8792414458,Bhopal,2023-02-14
7847,Ekantika Padmanabhan,customer7847@example.com,7974870839,Indore,2023-06-24
7848,Kashish Mohan,customer7848@example.com,7292091886,Jaipur,2023-12-07
7849,Arunima Grover,customer7849@example.com,6124097525,Chennai,2026-02-05
7850,Oni Sani,customer7850@example.com,6726024552,Kochi,2024-07-03
7851,Chanchal Parmer,customer7851@example.com,7892894081,Bhopal,2024-04-23
7852,Zinal Sanghvi,customer7852@example.com,8151378976,Pune,2024-11-23
7853,Krishna Bhavsar,customer7853@example.com,6296175792,Kolkata,2023-02-28
7854,Lipika Narula,customer7854@example.com,7268722118,Kolkata,2024-08-14
7855,Tripti Khosla,customer7855@example.com,9785310827,Lucknow,2024-07-02
7856,Sneha Mahajan,customer7856@example.com,7407743403,Surat,2024-11-08
7857,Sachi Bassi,customer7857@example.com,6290602086,Chandigarh,2026-01-09
7858,Mohini Nadkarni,customer7858@example.com,9735634911,Chennai,2023-02-04
7859,Sachi Sachdeva,customer7859@example.com,9244279390,Delhi,2024-10-04
7860,Udant Sahota,customer7860@example.com,6776484635,Jaipur,2023-11-07
7861,Chandani Bhardwaj,customer7861@example.com,8877753831,Nagpur,2024-01-04
7862,Ishita Kannan,customer7862@example.com,7108897475,Kochi,2025-09-24
7863,Yauvani Mand,customer7863@example.com,8768382293,Nagpur,2026-04-13
7864,Varenya Rastogi,customer7864@example.com,9959439097,Jaipur,2024-07-30
7865,Mitali Merchant,customer7865@example.com,8858740501,Nashik,2023-08-17
7866,Charvi Sharaf,customer7866@example.com,7169894675,Bengaluru,2025-09-11
7867,Pranit Naidu,customer7867@example.com,7267404926,Ahmedabad,2025-09-14
7868,Baghyawati Gour,customer7868@example.com,6208318734,Nagpur,2024-01-04
7869,Lohit Krishna,customer7869@example.com,7505492771,Delhi,2023-12-10
7870,Simon Mitra,customer7870@example.com,9522192778,Surat,2025-07-05
7871,Azad Mahal,customer7871@example.com,7157404911,Lucknow,2025-02-14
7872,Suhani Date,customer7872@example.com,7271606079,Mumbai,2024-12-18
7873,Indrajit Narayanan,customer7873@example.com,8506167429,Mumbai,2025-08-05
7874,Yatin Rao,customer7874@example.com,6570493878,Hyderabad,2023-11-16
7875,Falak Warrior,customer7875@example.com,6640657017,Chennai,2024-03-09
7876,Divya Shanker,customer7876@example.com,9339259265,Pune,2025-10-20
7877,Ayush Rajagopalan,customer7877@example.com,6773785785,Surat,2025-12-19
7878,Wishi Radhakrishnan,customer7878@example.com,8457021142,Kolkata,2026-02-16
7879,Nicholas Mall,customer7879@example.com,8432081664,Mumbai,2023-01-21
7880,Jyoti Sethi,customer7880@example.com,9393709439,Nashik,2025-06-26
7881,William Kala,customer7881@example.com,7452649814,Bengaluru,2023-12-16
7882,Maanas Nigam,customer7882@example.com,9887077944,Delhi,2023-02-01
7883,Jagrati Golla,customer7883@example.com,8924566147,Mumbai,2025-08-29
7884,Fitan Nagy,customer7884@example.com,7608710836,Ahmedabad,2025-03-08
7885,Lila Kara,customer7885@example.com,9728021883,Ahmedabad,2023-08-12
7886,Ati Bahri,customer7886@example.com,6646601138,Ahmedabad,2023-01-09
7887,Radhika Ramanathan,customer7887@example.com,7313538457,Bengaluru,2025-08-16
7888,Gautam Savant,customer7888@example.com,7986815496,Indore,2024-05-29
7889,Hardik Sunder,customer7889@example.com,7859332737,Jaipur,2025-02-12
7890,Naksh Dewan,customer7890@example.com,8238740849,Delhi,2025-08-19
7891,Avi Mittal,customer7891@example.com,6920089208,Chennai,2024-07-24
7892,Nikita Shetty,customer7892@example.com,9911126157,Nagpur,2026-05-11
7893,Jagdish Parmer,customer7893@example.com,7363018916,Indore,2025-03-26
7894,Patrick Ravi,customer7894@example.com,6198232147,Delhi,2026-06-20
7895,Shaurya Soman,customer7895@example.com,8294482288,Pune,2026-05-21
7896,Meghana Kant,customer7896@example.com,6660202770,Nashik,2024-01-08
7897,Isha Bali,customer7897@example.com,9237096816,Nashik,2025-02-14
7898,Jairaj Kashyap,customer7898@example.com,8477810154,Surat,2026-03-04
7899,Xiti Bath,customer7899@example.com,9687071849,Nagpur,2023-09-12
7900,Ishita Amble,customer7900@example.com,8112350095,Kochi,2025-09-29
7901,Matthew Bath,customer7901@example.com,9481919065,Nagpur,2025-09-23
7902,Girish Bava,customer7902@example.com,8450107842,Jaipur,2024-02-25
7903,Wriddhish Kohli,customer7903@example.com,8191577601,Nagpur,2026-01-23
7904,Kashvi Kara,customer7904@example.com,9634190685,Ahmedabad,2025-11-14
7905,Vidhi Chad,customer7905@example.com,8251373747,Jaipur,2025-10-10
7906,Aarnav Bhardwaj,customer7906@example.com,6718375104,Kochi,2023-12-09
7907,Qarin Om,customer7907@example.com,6979154725,Ahmedabad,2025-06-10
7908,Hardik Puri,customer7908@example.com,7471289542,Chandigarh,2024-12-07
7909,Qarin Oak,customer7909@example.com,7218998991,Delhi,2026-04-20
7910,Avni Tailor,customer7910@example.com,8650636858,Surat,2024-01-23
7911,Yoshita Pillay,customer7911@example.com,7544144875,Hyderabad,2024-03-23
7912,Dayamai Agate,customer7912@example.com,9356983878,Jaipur,2024-12-15
7913,Luke Karan,customer7913@example.com,9562901757,Delhi,2024-10-15
7914,Bhavika Padmanabhan,customer7914@example.com,7353866585,Mumbai,2026-01-19
7915,Laban Kaur,customer7915@example.com,9107323061,Nagpur,2025-04-17
7916,Lekha Sidhu,customer7916@example.com,7737778185,Chennai,2023-02-20
7917,Faqid Mane,customer7917@example.com,6532228690,Bhopal,2026-01-15
7918,Krisha Mann,customer7918@example.com,6958079058,Bengaluru,2025-12-31
7919,Bhavna Konda,customer7919@example.com,6636193593,Chennai,2026-06-15
7920,Agastya Dani,customer7920@example.com,8195373383,Hyderabad,2023-02-12
7921,Ira Hayre,customer7921@example.com,8179852268,Hyderabad,2023-04-01
7922,Faris Seth,customer7922@example.com,7869533081,Hyderabad,2025-09-24
7923,Priya Salvi,customer7923@example.com,7238239085,Chandigarh,2023-06-19
7924,Harini Bhardwaj,customer7924@example.com,8851819394,Bhopal,2023-05-31
7925,Peter Sinha,customer7925@example.com,8404259049,Bhopal,2025-02-18
7926,Ekalinga Dass,customer7926@example.com,7208281784,Bhopal,2025-03-30
7927,Nathaniel Chadha,customer7927@example.com,6870304632,Lucknow,2024-12-04
7928,Vansha Bhakta,customer7928@example.com,9539306721,Lucknow,2023-07-17
7929,Ethan Bhasin,customer7929@example.com,8307045258,Hyderabad,2026-04-17
7930,Kevin Korpal,customer7930@example.com,8547617483,Ahmedabad,2025-08-16
7931,Ishaan Raman,customer7931@example.com,7498447220,Delhi,2023-06-18
7932,Riya Bajwa,customer7932@example.com,6435886234,Mumbai,2023-01-26
7933,Vanya Sane,customer7933@example.com,6223795752,Hyderabad,2025-10-30
7934,Gautami Korpal,customer7934@example.com,6267375482,Surat,2024-11-16
7935,Matthew Issac,customer7935@example.com,6214969427,Mumbai,2024-01-17
7936,Jatin Zacharia,customer7936@example.com,6195231482,Delhi,2026-03-05
7937,Nachiket Bora,customer7937@example.com,7104457514,Lucknow,2023-05-01
7938,Kritika Varughese,customer7938@example.com,8584386033,Bengaluru,2025-01-21
7939,Yauvani Pillai,customer7939@example.com,9518628911,Nashik,2024-05-01
7940,Thomas Tank,customer7940@example.com,9648935910,Jaipur,2023-03-08
7941,Fiyaz Mangal,customer7941@example.com,8944677982,Kochi,2023-12-17
7942,Devika Hans,customer7942@example.com,9569064745,Hyderabad,2026-03-01
7943,Banjeet Balakrishnan,customer7943@example.com,7870271175,Jaipur,2025-10-26
7944,Sudiksha Nayar,customer7944@example.com,7786891546,Hyderabad,2025-06-29
7945,Manthan Kohli,customer7945@example.com,8967448553,Pune,2025-01-06
7946,Sarthak Dhar,customer7946@example.com,7611806555,Nashik,2024-03-18
7947,Rajeshri Padmanabhan,customer7947@example.com,9339220458,Ahmedabad,2024-01-03
7948,Lajita Joshi,customer7948@example.com,7359465442,Indore,2024-10-17
7949,Varenya Wason,customer7949@example.com,9326326242,Chandigarh,2025-08-16
7950,Harshil Swaminathan,customer7950@example.com,6554865748,Nagpur,2023-01-28
7951,Watika Sachar,customer7951@example.com,8394483598,Kolkata,2024-09-15
7952,Ekbal Om,customer7952@example.com,7913314097,Chennai,2026-06-04
7953,Liam Barman,customer7953@example.com,9919275532,Hyderabad,2024-12-26
7954,Guneet Maharaj,customer7954@example.com,6890790555,Chennai,2025-10-11
7955,Lipika Pandit,customer7955@example.com,8126641689,Bengaluru,2024-10-23
7956,Priya Ramaswamy,customer7956@example.com,8819677245,Jaipur,2023-07-10
7957,Qarin Sankar,customer7957@example.com,9707268273,Bengaluru,2024-05-14
7958,Thomas Pillay,customer7958@example.com,6161175429,Hyderabad,2025-12-22
7959,Maanas Sura,customer7959@example.com,7982399496,Bhopal,2025-02-18
7960,Ati Mutti,customer7960@example.com,8149114579,Lucknow,2023-01-07
7961,Thomas Kothari,customer7961@example.com,9150409617,Bengaluru,2024-11-25
7962,Jasmit Ramanathan,customer7962@example.com,7670511811,Delhi,2023-08-29
7963,Libni Singh,customer7963@example.com,9182791841,Chandigarh,2023-04-16
7964,Abha Wadhwa,customer7964@example.com,8118650153,Chandigarh,2023-11-28
7965,Yasti Memon,customer7965@example.com,8959958123,Indore,2024-10-06
7966,Nathaniel Gala,customer7966@example.com,7243778602,Mumbai,2024-01-19
7967,Bhavna Pillai,customer7967@example.com,8573232416,Kolkata,2025-01-17
7968,Anthony Mohanty,customer7968@example.com,6279017993,Surat,2023-04-05
7969,Lakshit Murty,customer7969@example.com,8756593068,Mumbai,2023-01-23
7970,Odika Dayal,customer7970@example.com,9205167056,Pune,2025-01-29
7971,Eta Rajagopal,customer7971@example.com,8919613909,Hyderabad,2023-01-22
7972,Imaran Dhar,customer7972@example.com,8802017168,Nashik,2025-07-08
7973,Oviya Date,customer7973@example.com,9366940506,Ahmedabad,2024-11-02
7974,Omisha Tailor,customer7974@example.com,7327935568,Kolkata,2025-12-01
7975,Vihaan Nagarajan,customer7975@example.com,9316684498,Surat,2023-01-01
7976,Ridhi Kale,customer7976@example.com,8796254393,Lucknow,2026-02-22
7977,Amruta Devi,customer7977@example.com,8677521293,Lucknow,2025-04-29
7978,Karan Choudhary,customer7978@example.com,9681553092,Hyderabad,2026-05-24
7979,Rajeshri Prabhu,customer7979@example.com,8324585156,Chandigarh,2024-10-14
7980,Quincy Din,customer7980@example.com,6584440396,Chennai,2026-03-18
7981,Brinda Tak,customer7981@example.com,7386496609,Chandigarh,2023-10-15
7982,Abeer Mangat,customer7982@example.com,9596109253,Mumbai,2025-12-08
7983,Waida Sheth,customer7983@example.com,6565521114,Indore,2023-11-16
7984,Kashvi Dada,customer7984@example.com,9441685921,Surat,2025-10-19
7985,Charles Shanker,customer7985@example.com,8497870173,Nagpur,2023-12-09
7986,Samar Karpe,customer7986@example.com,7873953533,Indore,2026-03-02
7987,Girik Master,customer7987@example.com,9791606185,Nashik,2025-10-29
7988,Maanas Kibe,customer7988@example.com,9306958902,Jaipur,2026-01-26
7989,Sai Dugal,customer7989@example.com,8831904429,Chandigarh,2025-07-02
7990,Anamika Nadig,customer7990@example.com,9478729971,Pune,2025-05-07
7991,Megha Sura,customer7991@example.com,8213185122,Bengaluru,2023-10-12
7992,Sai Arora,customer7992@example.com,9254795243,Kochi,2023-08-02
7993,Ronith Ray,customer7993@example.com,7351859891,Ahmedabad,2025-05-02
7994,Logan Venkatesh,customer7994@example.com,6294551450,Hyderabad,2024-09-19
7995,Sai Agrawal,customer7995@example.com,9511431588,Bengaluru,2023-12-08
7996,Ekalinga Devi,customer7996@example.com,8870097364,Chennai,2024-02-03
7997,Avi Bawa,customer7997@example.com,7428715311,Lucknow,2024-07-13
7998,Yahvi Loyal,customer7998@example.com,8311073554,Bengaluru,2026-04-25
7999,Lipika Kulkarni,customer7999@example.com,7277175812,Ahmedabad,2025-08-10
8000,Samarth Kala,customer8000@example.com,7490622793,Delhi,2023-02-17
8001,Siya Raj,customer8001@example.com,8131592790,Surat,2024-12-28
8002,Yashodhara Ganesan,customer8002@example.com,6702236907,Nagpur,2026-06-15
8003,Wishi Chada,customer8003@example.com,7396097676,Delhi,2025-12-15
8004,Lakshmi Anand,customer8004@example.com,9799397461,Kolkata,2023-02-07
8005,Zehaan Mangal,customer8005@example.com,6433985928,Kochi,2023-09-14
8006,Kiaan Bajwa,customer8006@example.com,9833863708,Nagpur,2024-07-18
8007,Oni Mammen,customer8007@example.com,8960862265,Jaipur,2023-02-05
8008,Ishaan Guha,customer8008@example.com,8226403516,Jaipur,2025-09-01
8009,Advika Pingle,customer8009@example.com,7733996254,Bengaluru,2025-09-27
8010,Tanveer Prasad,customer8010@example.com,8983153577,Chennai,2023-09-30
8011,Aadi Brahmbhatt,customer8011@example.com,7211119868,Chennai,2024-03-01
8012,Garima Manne,customer8012@example.com,6476158464,Ahmedabad,2025-01-24
8013,Imaran Soman,customer8013@example.com,8339226187,Ahmedabad,2025-05-04
8014,Darpan Zachariah,customer8014@example.com,8564092311,Chandigarh,2023-01-10
8015,Tarak Viswanathan,customer8015@example.com,8469653608,Ahmedabad,2024-05-01
8016,Bhavika Kumer,customer8016@example.com,8683117838,Kolkata,2025-11-15
8017,Darsh Manda,customer8017@example.com,8101410648,Chandigarh,2025-06-17
8018,Anita Khurana,customer8018@example.com,8938415688,Nashik,2025-06-28
8019,Ijaya Ravi,customer8019@example.com,8772293105,Chandigarh,2024-03-29
8020,Yashodhara Oak,customer8020@example.com,8594891130,Kochi,2025-11-06
8021,Tanay Narayanan,customer8021@example.com,9521874727,Nagpur,2023-04-21
8022,Harshil Maharaj,customer8022@example.com,8668297255,Pune,2026-02-19
8023,Vansha Mukherjee,customer8023@example.com,7528165456,Jaipur,2023-04-02
8024,Ekaja Pandey,customer8024@example.com,9786384560,Indore,2024-05-27
8025,Ronith Basak,customer8025@example.com,7235373440,Delhi,2023-01-07
8026,Harshil Rau,customer8026@example.com,8750733750,Chennai,2026-01-26
8027,Lakshmi Manda,customer8027@example.com,6753233386,Bengaluru,2024-11-27
8028,Imaran Sur,customer8028@example.com,8729567687,Chennai,2024-03-21
8029,Adweta Banik,customer8029@example.com,7791463133,Mumbai,2025-08-05
8030,Baljiwan Dubey,customer8030@example.com,7285436121,Pune,2023-08-01
8031,Harshil Ravel,customer8031@example.com,7440389457,Delhi,2023-06-17
8032,Veda Chauhan,customer8032@example.com,6761923954,Jaipur,2025-04-07
8033,Girik Chhabra,customer8033@example.com,6227063088,Surat,2026-06-29
8034,Zaitra Ramachandran,customer8034@example.com,9141772303,Chandigarh,2024-05-30
8035,Zansi Sami,customer8035@example.com,6746438293,Chennai,2025-11-15
8036,Frederick Singhal,customer8036@example.com,8918645929,Kolkata,2026-06-11
8037,Reva Parekh,customer8037@example.com,7355392791,Bhopal,2026-02-18
8038,Rushil Dutta,customer8038@example.com,6714582158,Ahmedabad,2024-12-06
8039,Dominic Soni,customer8039@example.com,6640245795,Hyderabad,2024-03-12
8040,Ekani Bala,customer8040@example.com,8570215255,Lucknow,2025-08-27
8041,Sarthak Prasad,customer8041@example.com,6375294548,Chennai,2025-02-16
8042,Aadhya Parikh,customer8042@example.com,7740387960,Nashik,2025-11-21
8043,Ijaya Sami,customer8043@example.com,7639964302,Pune,2023-01-15
8044,Ria Doctor,customer8044@example.com,9939795377,Kochi,2024-09-18
8045,Yatin Patla,customer8045@example.com,6725960446,Bhopal,2025-02-12
8046,Yug Upadhyay,customer8046@example.com,9494524373,Jaipur,2025-07-01
8047,Barkha Dutta,customer8047@example.com,7246586839,Hyderabad,2023-11-10
8048,Mugdha Dhar,customer8048@example.com,6543805144,Kochi,2025-09-12
8049,Upadhriti Subramaniam,customer8049@example.com,6483664040,Indore,2026-02-23
8050,Caleb Bhavsar,customer8050@example.com,9639623879,Nashik,2026-01-15
8051,Amrita Sandal,customer8051@example.com,9711083241,Surat,2023-07-29
8052,Vedhika Joshi,customer8052@example.com,9755539275,Indore,2025-06-14
8053,Samaksh Ahuja,customer8053@example.com,9988343244,Pune,2025-11-11
8054,Yutika Om,customer8054@example.com,7458476990,Delhi,2025-05-14
8055,Nakul Shere,customer8055@example.com,8652258909,Ahmedabad,2024-04-26
8056,Varenya Rajagopalan,customer8056@example.com,7886828769,Bhopal,2024-08-23
8057,Tristan Kumer,customer8057@example.com,9893442528,Chennai,2025-12-18
8058,Ekaraj Prabhakar,customer8058@example.com,8669225205,Kolkata,2024-07-16
8059,Nitesh Nagarajan,customer8059@example.com,7203683867,Lucknow,2024-07-11
8060,Zarna Prabhakar,customer8060@example.com,9900020451,Kolkata,2023-01-24
8061,Pooja Chhabra,customer8061@example.com,6836677890,Bhopal,2025-09-25
8062,Aayush Sibal,customer8062@example.com,8591364472,Pune,2025-10-04
8063,Abhimanyu Wason,customer8063@example.com,9872048663,Jaipur,2023-01-21
8064,Jeremiah Anand,customer8064@example.com,7186613109,Nashik,2023-07-25
8065,Udarsh Ganesan,customer8065@example.com,8891585112,Bhopal,2025-10-25
8066,Vaishnavi Singh,customer8066@example.com,9175549218,Ahmedabad,2026-03-11
8067,Jack Dara,customer8067@example.com,8899636887,Bhopal,2025-09-10
8068,Logan Nagar,customer8068@example.com,8138001552,Indore,2023-03-16
8069,Vasana Thaman,customer8069@example.com,8513750133,Ahmedabad,2024-12-10
8070,Rushil Agarwal,customer8070@example.com,9283780814,Nagpur,2025-01-05
8071,Abhiram Savant,customer8071@example.com,7698977911,Nashik,2024-01-31
8072,Madhav Bora,customer8072@example.com,8119623127,Indore,2024-02-25
8073,Lohit Mallick,customer8073@example.com,7381967695,Nagpur,2026-01-29
8074,Rishi Merchant,customer8074@example.com,8684692825,Nashik,2023-02-06
8075,Vrinda Kalita,customer8075@example.com,7915352780,Indore,2025-01-13
8076,Ikshita Sule,customer8076@example.com,8679090315,Bhopal,2025-11-10
8077,Upasna Chandra,customer8077@example.com,8984659222,Jaipur,2023-02-27
8078,Jai Soman,customer8078@example.com,7784911766,Nagpur,2025-06-19
8079,Krisha Patla,customer8079@example.com,6270486655,Ahmedabad,2024-06-06
8080,Inaya Rastogi,customer8080@example.com,9218607277,Chandigarh,2025-09-25
8081,Tamanna Ray,customer8081@example.com,9751809999,Jaipur,2025-10-08
8082,Banjeet Purohit,customer8082@example.com,6176973274,Surat,2025-07-09
8083,Robert Mani,customer8083@example.com,6722070373,Kochi,2025-05-21
8084,Amol Badal,customer8084@example.com,7184135326,Pune,2024-12-03
8085,Max Edwin,customer8085@example.com,6741670141,Lucknow,2026-01-14
8086,Lakshit Raghavan,customer8086@example.com,6235449521,Delhi,2023-07-15
8087,Rohan Shanker,customer8087@example.com,8700314969,Jaipur,2023-02-13
8088,Qabil Datta,customer8088@example.com,8162388333,Surat,2023-06-04
8089,Faqid Kuruvilla,customer8089@example.com,8120367068,Nagpur,2024-04-23
8090,Agastya Shanker,customer8090@example.com,6824522015,Kochi,2025-02-22
8091,Janaki Mane,customer8091@example.com,9344533778,Indore,2024-08-23
8092,Yagnesh Sama,customer8092@example.com,7904873756,Delhi,2025-10-23
8093,Ishaan Natt,customer8093@example.com,8798446180,Chennai,2024-08-09
8094,Ishwar Butala,customer8094@example.com,7353848994,Hyderabad,2024-11-15
8095,Baljiwan Char,customer8095@example.com,7330205474,Kochi,2024-10-20
8096,Ekapad Ranganathan,customer8096@example.com,6360225741,Kochi,2025-10-03
8097,Oni Andra,customer8097@example.com,6311573226,Chandigarh,2026-06-30
8098,Yamini Bali,customer8098@example.com,6208620302,Hyderabad,2023-09-30
8099,Nandini Palla,customer8099@example.com,7508163469,Chandigarh,2026-02-25
8100,Advika Sidhu,customer8100@example.com,7668873406,Mumbai,2023-06-22
8101,Tamanna Jani,customer8101@example.com,8585385519,Nashik,2026-02-16
8102,Eiravati Mani,customer8102@example.com,6361497808,Delhi,2026-03-23
8103,Ishita Swamy,customer8103@example.com,7936812193,Lucknow,2024-03-20
8104,Rachit Chokshi,customer8104@example.com,9838033148,Jaipur,2024-05-19
8105,Neha Sodhi,customer8105@example.com,9743669405,Pune,2023-09-20
8106,Zayyan Rajagopalan,customer8106@example.com,6182678901,Lucknow,2024-12-08
8107,Yashasvi Sachdev,customer8107@example.com,6964085412,Surat,2023-08-05
8108,Bhanumati Khatri,customer8108@example.com,7928918809,Indore,2025-06-10
8109,Arin Johal,customer8109@example.com,9225762583,Lucknow,2026-02-25
8110,Warda Dewan,customer8110@example.com,6661873748,Kolkata,2025-01-13
8111,Pallavi Patla,customer8111@example.com,6902772237,Nagpur,2025-04-10
8112,Zarna Dhar,customer8112@example.com,9934912111,Chandigarh,2023-05-02
8113,Maya Yohannan,customer8113@example.com,6617173998,Bhopal,2023-11-03
8114,Aishani Ganesan,customer8114@example.com,8301955160,Jaipur,2025-11-27
8115,Kabir Mannan,customer8115@example.com,7561447316,Ahmedabad,2023-12-12
8116,Balveer Banerjee,customer8116@example.com,8429420608,Bhopal,2025-11-05
8117,Ansh Raman,customer8117@example.com,8666499624,Indore,2025-02-19
8118,Gabriel Modi,customer8118@example.com,9387453626,Jaipur,2026-05-02
8119,Anay Nagarajan,customer8119@example.com,7699382441,Surat,2025-06-19
8120,Arjun Nigam,customer8120@example.com,8985781165,Chennai,2023-09-07
8121,Sathvik Dhar,customer8121@example.com,7175857511,Chennai,2025-01-21
8122,Ishwar Rattan,customer8122@example.com,6478083447,Bhopal,2025-03-11
8123,Dakshesh Hora,customer8123@example.com,9298764101,Delhi,2025-04-29
8124,Ekaja Salvi,customer8124@example.com,8255681909,Surat,2024-03-08
8125,Lakshmi Iyer,customer8125@example.com,6677385744,Kochi,2023-01-31
8126,Gaurav Bhardwaj,customer8126@example.com,9670331237,Mumbai,2025-05-13
8127,Baljiwan Ben,customer8127@example.com,7283491182,Mumbai,2025-12-31
8128,Dominic Sawhney,customer8128@example.com,7764400162,Bhopal,2025-03-15
8129,Aarush Mukherjee,customer8129@example.com,7151508461,Bhopal,2024-02-26
8130,Oscar Vyas,customer8130@example.com,8998672883,Bengaluru,2026-01-22
8131,Gautami Mallick,customer8131@example.com,8234453096,Bhopal,2024-02-27
8132,Gautami Gole,customer8132@example.com,7131758789,Indore,2023-09-28
8133,Victor Bawa,customer8133@example.com,9190606926,Chennai,2024-08-16
8134,Thomas Sawhney,customer8134@example.com,6245448075,Kochi,2023-05-12
8135,Panini Chakrabarti,customer8135@example.com,8571918685,Indore,2023-05-15
8136,Omisha Ramesh,customer8136@example.com,6315855428,Surat,2026-06-18
8137,Aryan Vala,customer8137@example.com,9474530278,Indore,2026-05-26
8138,Logan Devan,customer8138@example.com,8959663439,Nagpur,2024-08-04
8139,Zinal Bhavsar,customer8139@example.com,6992157753,Bengaluru,2024-11-01
8140,Chavvi Shanker,customer8140@example.com,8614464799,Nashik,2026-03-30
8141,Tanvi Aggarwal,customer8141@example.com,6288380584,Delhi,2023-05-01
8142,Thomas Borah,customer8142@example.com,8349897348,Chandigarh,2024-04-20
8143,Balhaar Palla,customer8143@example.com,8884255679,Kochi,2025-02-28
8144,Yash Anand,customer8144@example.com,9807720029,Hyderabad,2023-02-22
8145,Widisha Jain,customer8145@example.com,7832261434,Kochi,2023-11-18
8146,Yahvi Mannan,customer8146@example.com,9505129075,Delhi,2026-03-20
8147,Girindra Dash,customer8147@example.com,6187277749,Bhopal,2023-02-27
8148,Logan Sami,customer8148@example.com,6957407117,Lucknow,2024-08-29
8149,Urvi Reddy,customer8149@example.com,8915885534,Hyderabad,2023-04-15
8150,Ayush Chawla,customer8150@example.com,7204847488,Bengaluru,2025-09-16
8151,Vedika Sane,customer8151@example.com,6797954323,Delhi,2023-11-15
8152,Guneet Upadhyay,customer8152@example.com,6381293405,Nashik,2025-01-21
8153,Varenya Rao,customer8153@example.com,7996062025,Indore,2024-07-07
8154,Tarak Rege,customer8154@example.com,6700159858,Surat,2025-09-10
8155,Rachana Vora,customer8155@example.com,6683620613,Chandigarh,2024-02-27
8156,Aryan Chahal,customer8156@example.com,7892940458,Nagpur,2024-04-02
8157,Neel Sharaf,customer8157@example.com,8628683558,Lucknow,2024-06-05
8158,Orinder Dutt,customer8158@example.com,6849186063,Lucknow,2023-01-11
8159,Pavani Sankaran,customer8159@example.com,6464793019,Jaipur,2025-11-22
8160,Sachi Varma,customer8160@example.com,8626064910,Nagpur,2025-01-05
8161,Robert Sem,customer8161@example.com,8677978935,Nashik,2024-04-08
8162,Frederick Rana,customer8162@example.com,9524524797,Kochi,2023-05-01
8163,Omkaar Grover,customer8163@example.com,9293481390,Surat,2026-02-12
8164,Ubika Manne,customer8164@example.com,9999351486,Bengaluru,2024-09-15
8165,Eesha Wason,customer8165@example.com,9271817693,Kochi,2024-10-08
8166,Krishna Naik,customer8166@example.com,7937933901,Bengaluru,2026-03-14
8167,Vansha Srinivasan,customer8167@example.com,9132686340,Hyderabad,2023-07-16
8168,Max Saraf,customer8168@example.com,8277084325,Hyderabad,2024-08-25
8169,Warhi Rai,customer8169@example.com,9196860684,Mumbai,2023-04-04
8170,Aryan Guha,customer8170@example.com,9585567901,Chandigarh,2024-05-12
8171,Aryan Nadig,customer8171@example.com,8713102335,Ahmedabad,2024-01-04
8172,Elijah Mannan,customer8172@example.com,8942863304,Mumbai,2024-08-08
8173,Ridhi Chopra,customer8173@example.com,6745290957,Mumbai,2025-03-30
8174,Forum Subramanian,customer8174@example.com,7217336388,Hyderabad,2024-05-18
8175,Ekaraj Dewan,customer8175@example.com,9972629321,Chandigarh,2024-01-23
8176,Meghana Panchal,customer8176@example.com,6180581947,Lucknow,2023-01-31
8177,Ridhi Buch,customer8177@example.com,7988162199,Lucknow,2023-03-09
8178,Darika Vora,customer8178@example.com,8848779543,Nagpur,2023-10-18
8179,Balveer Bhalla,customer8179@example.com,7545303464,Pune,2024-02-19
8180,Caleb Agrawal,customer8180@example.com,7432951416,Hyderabad,2025-11-25
8181,Adweta Madan,customer8181@example.com,8286090221,Chennai,2023-02-08
8182,Sanya Swamy,customer8182@example.com,7463048345,Chennai,2023-06-21
8183,Ubika Bawa,customer8183@example.com,8971947607,Surat,2024-06-17
8184,Anay Dhaliwal,customer8184@example.com,6109765128,Nashik,2023-10-23
8185,Andrew Dasgupta,customer8185@example.com,7552144352,Delhi,2025-11-27
8186,Mason Oak,customer8186@example.com,6126073141,Bhopal,2026-03-12
8187,Devansh Tripathi,customer8187@example.com,6946936182,Nashik,2023-01-24
8188,Balendra Tak,customer8188@example.com,6287912115,Nagpur,2025-09-09
8189,Onveer Bajaj,customer8189@example.com,9408818640,Nashik,2023-07-11
8190,Hemangini Dixit,customer8190@example.com,7668816088,Indore,2024-01-19
8191,Neel Karan,customer8191@example.com,9458975490,Indore,2024-11-06
8192,Nikita Kade,customer8192@example.com,9507763927,Indore,2025-12-09
8193,Amol Rajagopalan,customer8193@example.com,9749555623,Surat,2026-05-19
8194,Benjamin Arya,customer8194@example.com,7559132600,Chennai,2024-01-14
8195,Rohan Bahri,customer8195@example.com,9307164817,Chennai,2023-05-18
8196,Advika Gera,customer8196@example.com,7451409513,Kochi,2024-04-24
8197,Pallavi Dewan,customer8197@example.com,9712392649,Indore,2023-03-07
8198,Siya Patla,customer8198@example.com,6881722712,Kolkata,2024-03-07
8199,Upasna Mani,customer8199@example.com,7370293321,Chennai,2024-08-23
8200,Eta Talwar,customer8200@example.com,6310803196,Nashik,2026-01-31
8201,Aradhana Mody,customer8201@example.com,9605651737,Hyderabad,2023-07-03
8202,Jhalak Reddy,customer8202@example.com,8338230911,Kolkata,2024-06-01
8203,Aadhya Bawa,customer8203@example.com,9630322153,Chandigarh,2025-04-05
8204,Waida Joshi,customer8204@example.com,9314248277,Surat,2024-12-19
8205,Daksha Kulkarni,customer8205@example.com,6352170211,Kolkata,2024-04-05
8206,Theodore Kumar,customer8206@example.com,8126032276,Pune,2026-04-14
8207,Dominic Mand,customer8207@example.com,7235410585,Lucknow,2025-02-06
8208,Pushti Yadav,customer8208@example.com,7194077158,Chennai,2023-01-30
8209,Irya Varkey,customer8209@example.com,6306230748,Bengaluru,2026-03-31
8210,Amrita Toor,customer8210@example.com,8838160734,Jaipur,2025-01-15
8211,Chaman Karnik,customer8211@example.com,8792526964,Nagpur,2024-04-19
8212,Pushti Dutta,customer8212@example.com,9836054270,Nashik,2025-02-13
8213,Warda Kalita,customer8213@example.com,9326405164,Bengaluru,2024-09-12
8214,Manya Mistry,customer8214@example.com,7879894403,Mumbai,2023-04-05
8215,Wridesh Dube,customer8215@example.com,7130314713,Bhopal,2026-06-28
8216,Triveni Solanki,customer8216@example.com,9975528112,Chandigarh,2025-12-12
8217,Urishilla Agrawal,customer8217@example.com,6693612132,Nashik,2026-03-28
8218,Yagnesh Dutt,customer8218@example.com,9278941242,Surat,2024-09-25
8219,Tejas Krishnamurthy,customer8219@example.com,6116659497,Nagpur,2024-08-26
8220,Yagnesh Sani,customer8220@example.com,7689980406,Ahmedabad,2024-05-05
8221,Azad Parekh,customer8221@example.com,9380297046,Lucknow,2026-04-12
8222,Dalaja Nagar,customer8222@example.com,9138539525,Kochi,2026-03-19
8223,Jalsa Balay,customer8223@example.com,7815714159,Kochi,2024-09-17
8224,Amruta Rattan,customer8224@example.com,7258339404,Nagpur,2024-11-14
8225,Noah Anand,customer8225@example.com,9882351735,Lucknow,2024-12-20
8226,Tanvi Hegde,customer8226@example.com,6469479498,Indore,2023-03-20
8227,Orinder Hayre,customer8227@example.com,7944761682,Nashik,2023-07-16
8228,Unni Sekhon,customer8228@example.com,9111687930,Indore,2025-07-01
8229,Vrishti Dhar,customer8229@example.com,9477343489,Hyderabad,2025-07-07
8230,Anamika Pai,customer8230@example.com,9765259096,Pune,2023-07-21
8231,Wyatt Balakrishnan,customer8231@example.com,9388505124,Mumbai,2026-05-10
8232,Oviya Devi,customer8232@example.com,6471376242,Kochi,2024-12-16
8233,Indali Choudhary,customer8233@example.com,7991996930,Surat,2024-12-22
8234,Balvan Deo,customer8234@example.com,7517908263,Nagpur,2024-04-13
8235,Charita Oza,customer8235@example.com,6939192586,Surat,2025-04-13
8236,Qasim Chandra,customer8236@example.com,9544349923,Surat,2023-02-11
8237,Shaurya Oza,customer8237@example.com,9462789869,Nagpur,2023-08-01
8238,Dhruv Dewan,customer8238@example.com,9515808498,Pune,2024-12-07
8239,Alka Kaul,customer8239@example.com,7603983100,Kolkata,2024-09-10
8240,Vyanjana Narayanan,customer8240@example.com,7477794685,Kolkata,2025-02-20
8241,Farhan Chaudhry,customer8241@example.com,6175986213,Indore,2025-04-20
8242,Lucky Khare,customer8242@example.com,8747952699,Chandigarh,2024-05-30
8243,Ayush Maharaj,customer8243@example.com,6512689932,Delhi,2025-10-28
8244,Nandini Parmar,customer8244@example.com,8911280641,Bhopal,2023-02-08
8245,Triveni Lalla,customer8245@example.com,6492429152,Ahmedabad,2025-09-26
8246,Radha Rai,customer8246@example.com,9940918749,Nagpur,2023-08-12
8247,Hemangini Choudhry,customer8247@example.com,6547490913,Jaipur,2023-09-05
8248,Januja Tandon,customer8248@example.com,7500792589,Nagpur,2023-03-19
8249,Reyansh Palla,customer8249@example.com,9477903348,Chennai,2023-02-14
8250,Brinda Oommen,customer8250@example.com,9238635586,Surat,2025-12-21
8251,Aashi Sankar,customer8251@example.com,8192991574,Surat,2026-06-29
8252,Faris Kata,customer8252@example.com,8494161461,Bengaluru,2023-03-21
8253,Girindra Brar,customer8253@example.com,9372310296,Hyderabad,2025-08-05
8254,Daksha Padmanabhan,customer8254@example.com,8900183202,Mumbai,2026-05-10
8255,Dhriti Kannan,customer8255@example.com,8368309232,Delhi,2025-03-05
8256,Azad Sahni,customer8256@example.com,7994143554,Surat,2026-04-21
8257,Urvi Grewal,customer8257@example.com,6993719074,Lucknow,2024-10-21
8258,Ojasvi Shah,customer8258@example.com,7552830680,Jaipur,2026-01-05
8259,Yug Sathe,customer8259@example.com,9537172537,Ahmedabad,2026-06-24
8260,Lekha Chandran,customer8260@example.com,8964993328,Indore,2023-08-08
8261,Gabriel Nadkarni,customer8261@example.com,6571533266,Kolkata,2024-04-07
8262,Kavya Sampath,customer8262@example.com,7340835396,Nashik,2024-05-10
8263,Pavani Kurian,customer8263@example.com,6647765028,Pune,2024-08-24
8264,Oscar Samra,customer8264@example.com,7119239208,Kolkata,2026-01-17
8265,Yoshita Kurian,customer8265@example.com,8643267351,Bhopal,2024-04-19
8266,Yasti Sathe,customer8266@example.com,8676230747,Surat,2025-11-26
8267,Nathaniel Atwal,customer8267@example.com,6243648881,Indore,2023-02-07
8268,Panini Kaur,customer8268@example.com,9728709790,Bengaluru,2023-11-02
8269,Raagini Khosla,customer8269@example.com,9253336461,Lucknow,2025-09-09
8270,Wahab Nayar,customer8270@example.com,9716412277,Nashik,2024-01-20
8271,Rajata Tak,customer8271@example.com,7297449915,Jaipur,2023-03-02
8272,Deepa Nayak,customer8272@example.com,8666495418,Nagpur,2024-03-28
8273,Forum Zacharia,customer8273@example.com,9750895523,Chandigarh,2025-07-26
8274,Jeremiah Sahota,customer8274@example.com,9915750296,Nashik,2023-04-12
8275,Vedant Chaudhry,customer8275@example.com,7188418914,Nashik,2024-11-21
8276,Tanveer Mand,customer8276@example.com,6248010985,Surat,2024-06-19
8277,Balvan Morar,customer8277@example.com,8906334587,Nashik,2025-06-14
8278,Gautam Manne,customer8278@example.com,6448874297,Bhopal,2024-10-29
8279,Dakshesh Dhillon,customer8279@example.com,9856923374,Jaipur,2024-12-07
8280,Xavier Rattan,customer8280@example.com,7417167944,Mumbai,2023-09-04
8281,Jeevika Batra,customer8281@example.com,9893272101,Nashik,2025-10-25
8282,Parth Khanna,customer8282@example.com,8455130648,Hyderabad,2024-08-15
8283,Yatin Kumer,customer8283@example.com,7422451590,Surat,2023-07-16
8284,Urishilla Pathak,customer8284@example.com,8859627129,Lucknow,2026-01-18
8285,Riya Radhakrishnan,customer8285@example.com,7301172227,Bengaluru,2026-06-04
8286,Qasim Bhatt,customer8286@example.com,9686245822,Indore,2024-10-19
8287,Garima Master,customer8287@example.com,9855290357,Indore,2025-07-29
8288,Bhavika Kuruvilla,customer8288@example.com,9125322280,Jaipur,2023-10-05
8289,Frederick Verma,customer8289@example.com,8928203525,Mumbai,2025-04-28
8290,Chandani Kothari,customer8290@example.com,7807311903,Jaipur,2025-07-23
8291,Kashish Kar,customer8291@example.com,9993818664,Chandigarh,2024-02-24
8292,Balvan Dugar,customer8292@example.com,6441481860,Jaipur,2024-12-07
8293,Veda Dani,customer8293@example.com,6147443746,Mumbai,2024-05-25
8294,Ekani Babu,customer8294@example.com,9851059251,Jaipur,2025-11-27
8295,Manan Contractor,customer8295@example.com,6661935835,Hyderabad,2024-02-07
8296,Jonathan Ramakrishnan,customer8296@example.com,8109765167,Nagpur,2025-01-19
8297,Devansh Seth,customer8297@example.com,9819725398,Chennai,2023-12-09
8298,Neel Upadhyay,customer8298@example.com,8385306433,Jaipur,2025-12-05
8299,Prisha Dhaliwal,customer8299@example.com,8702521078,Chennai,2025-08-30
8300,Chatresh Thakur,customer8300@example.com,7430062281,Ahmedabad,2023-04-15
8301,Veer Dugal,customer8301@example.com,6910000753,Bhopal,2024-06-11
8302,Guneet Koshy,customer8302@example.com,7427432070,Jaipur,2023-04-12
8303,Faqid Nagy,customer8303@example.com,8852322540,Hyderabad,2024-08-21
8304,Tejas Sharma,customer8304@example.com,9103198066,Mumbai,2025-07-19
8305,Veda Comar,customer8305@example.com,8633273673,Chennai,2024-12-22
8306,Jagrati Devan,customer8306@example.com,9702570508,Indore,2023-05-15
8307,Vinaya Agarwal,customer8307@example.com,8830149243,Lucknow,2025-09-04
8308,Brinda Pal,customer8308@example.com,6508424757,Chennai,2026-02-22
8309,Kashvi Hegde,customer8309@example.com,6644427249,Indore,2023-04-16
8310,Aachal Mahal,customer8310@example.com,7219528849,Bengaluru,2024-02-01
8311,Charan Anne,customer8311@example.com,8134705334,Hyderabad,2026-03-15
8312,Abeer Deep,customer8312@example.com,9842609971,Delhi,2023-07-20
8313,Yagnesh Talwar,customer8313@example.com,9296734251,Lucknow,2025-02-06
8314,Tanay Mukherjee,customer8314@example.com,9284670307,Jaipur,2025-07-08
8315,Christopher Garde,customer8315@example.com,7746963059,Kolkata,2026-03-06
8316,Yahvi Ratta,customer8316@example.com,6913490350,Mumbai,2024-10-18
8317,Mekhala Batta,customer8317@example.com,6755054303,Bhopal,2026-01-16
8318,Champak Magar,customer8318@example.com,8919824353,Bhopal,2024-06-28
8319,Samesh Mahajan,customer8319@example.com,6737099631,Bengaluru,2025-08-14
8320,Tripti Pall,customer8320@example.com,9704100741,Chandigarh,2023-03-23
8321,Ekapad Yadav,customer8321@example.com,8539300844,Pune,2024-03-22
8322,Wriddhish Samra,customer8322@example.com,8981719820,Chennai,2026-03-19
8323,Chaitanya Borra,customer8323@example.com,7899883925,Jaipur,2026-02-14
8324,Kevin Sekhon,customer8324@example.com,7778789507,Indore,2025-05-25
8325,Ekbal Bava,customer8325@example.com,7225495840,Chandigarh,2023-03-24
8326,Harish Kohli,customer8326@example.com,6131963110,Bengaluru,2024-10-22
8327,Avni Prashad,customer8327@example.com,9998009811,Surat,2025-05-23
8328,Harish Mukherjee,customer8328@example.com,9362475699,Nagpur,2023-03-15
8329,Manthan Agate,customer8329@example.com,8743133102,Mumbai,2023-06-24
8330,Wahab Wason,customer8330@example.com,9783174006,Surat,2024-05-11
8331,Janaki Keer,customer8331@example.com,8992931380,Hyderabad,2025-07-13
8332,Azad Hegde,customer8332@example.com,7684229039,Jaipur,2025-04-07
8333,Lila Virk,customer8333@example.com,8829461649,Chandigarh,2023-04-16
8334,Nirja Kapadia,customer8334@example.com,8717868872,Nagpur,2025-08-12
8335,Aditya Khanna,customer8335@example.com,7377654262,Jaipur,2025-07-19
8336,Varenya Korpal,customer8336@example.com,9302845440,Chandigarh,2026-03-18
8337,Advik Shukla,customer8337@example.com,8361388089,Surat,2025-07-11
8338,Vedika Sangha,customer8338@example.com,6459302695,Chennai,2025-12-22
8339,Qarin Batra,customer8339@example.com,6995902307,Indore,2024-08-22
8340,Arin Pandya,customer8340@example.com,7918976250,Surat,2026-05-23
8341,Faris Kurian,customer8341@example.com,9895199050,Hyderabad,2024-07-14
8342,Chandresh Som,customer8342@example.com,8351391626,Kolkata,2026-04-29
8343,Tanmayi Comar,customer8343@example.com,8479441778,Nashik,2023-02-18
8344,Wyatt Luthra,customer8344@example.com,6268650798,Chandigarh,2024-11-10
8345,Ayaan Walia,customer8345@example.com,8504758333,Chennai,2025-07-14
8346,Hemang Gole,customer8346@example.com,9849762348,Lucknow,2023-08-13
8347,Tara Ahuja,customer8347@example.com,8654617534,Indore,2025-11-03
8348,Faris Choudhary,customer8348@example.com,9741833125,Surat,2025-09-13
8349,Alka Modi,customer8349@example.com,9945330888,Bhopal,2024-05-21
8350,Aashi Patla,customer8350@example.com,8325667287,Bhopal,2025-05-18
8351,Urmi Dhar,customer8351@example.com,9129398150,Chandigarh,2023-04-23
8352,Hemangini Nigam,customer8352@example.com,7667548987,Pune,2025-12-02
8353,Ishwar Grewal,customer8353@example.com,6269660574,Delhi,2023-08-18
8354,Priya Tara,customer8354@example.com,7339085343,Chandigarh,2025-04-03
8355,Warinder Sarna,customer8355@example.com,8610281063,Bengaluru,2026-01-09
8356,Jackson Thaker,customer8356@example.com,7233266173,Surat,2025-09-01
8357,Lohit Sandal,customer8357@example.com,6728485370,Hyderabad,2026-03-11
8358,Irya Rattan,customer8358@example.com,9806095409,Surat,2024-10-23
8359,Krish Ratti,customer8359@example.com,8367796898,Hyderabad,2023-12-24
8360,Ridhi Kanda,customer8360@example.com,9518654911,Nagpur,2024-10-03
8361,Kashish Patla,customer8361@example.com,8759159475,Kolkata,2023-09-02
8362,Sarthak Shanker,customer8362@example.com,7306116691,Lucknow,2023-09-07
8363,Rohan Vohra,customer8363@example.com,7349239376,Chandigarh,2024-05-25
8364,Bhavini Batra,customer8364@example.com,7188787774,Nagpur,2025-02-12
8365,Logan Kalla,customer8365@example.com,8760162716,Bhopal,2025-11-11
8366,Lajita Biswas,customer8366@example.com,9475124609,Pune,2023-11-23
8367,Chameli Raman,customer8367@example.com,6543073810,Nashik,2024-09-12
8368,Patrick Talwar,customer8368@example.com,6862948189,Mumbai,2025-11-09
8369,Samarth Kamdar,customer8369@example.com,6105060355,Ahmedabad,2025-05-13
8370,Chaman Choudhry,customer8370@example.com,7724452443,Delhi,2026-03-29
8371,Tanvi Saha,customer8371@example.com,7890337925,Chennai,2024-07-26
8372,Chanchal Ghosh,customer8372@example.com,7337891959,Kochi,2024-11-10
8373,Kavya Grewal,customer8373@example.com,7563408738,Nashik,2024-08-17
8374,Yasti Karan,customer8374@example.com,9488202216,Pune,2024-04-02
8375,Mekhala Wali,customer8375@example.com,7227186428,Kochi,2025-01-10
8376,Sarthak Sagar,customer8376@example.com,8770207878,Hyderabad,2024-09-10
8377,Varenya Bala,customer8377@example.com,6103216105,Bengaluru,2026-03-29
8378,Lipika Munshi,customer8378@example.com,7619363141,Mumbai,2023-09-05
8379,Lila Uppal,customer8379@example.com,9603844537,Lucknow,2023-07-22
8380,Anthony Kalita,customer8380@example.com,9383740422,Chandigarh,2025-05-16
8381,Vihaan Aggarwal,customer8381@example.com,9942621803,Bengaluru,2023-10-23
8382,Arunima Kannan,customer8382@example.com,9600889514,Nagpur,2025-11-20
8383,Vedant Ratti,customer8383@example.com,7894624348,Bhopal,2024-07-08
8384,Farhan Padmanabhan,customer8384@example.com,8337986241,Nashik,2023-08-07
8385,Maanav Comar,customer8385@example.com,8785165004,Jaipur,2024-05-18
8386,Vasudha Bhardwaj,customer8386@example.com,9562500297,Mumbai,2025-10-10
8387,Forum Kapoor,customer8387@example.com,6380074686,Kochi,2023-04-25
8388,Devansh Bassi,customer8388@example.com,8562834204,Kochi,2023-12-19
8389,Chandresh Purohit,customer8389@example.com,6935891425,Nashik,2023-11-18
8390,Girindra Bumb,customer8390@example.com,9697106899,Pune,2023-12-27
8391,Onkar Dave,customer8391@example.com,6949294583,Bengaluru,2026-06-10
8392,Avni Srinivasan,customer8392@example.com,8853933310,Surat,2024-10-31
8393,Zilmil Hans,customer8393@example.com,9588898963,Pune,2024-02-08
8394,Gagan Yadav,customer8394@example.com,9484258240,Jaipur,2024-08-23
8395,Sanya Rattan,customer8395@example.com,8968711959,Kochi,2026-01-27
8396,Varsha Natt,customer8396@example.com,8866202205,Indore,2025-09-26
8397,Zayyan Sood,customer8397@example.com,8226125976,Surat,2023-11-12
8398,Saumya Bhandari,customer8398@example.com,8316210418,Indore,2025-07-01
8399,Neel Deshmukh,customer8399@example.com,9245420094,Surat,2024-08-15
8400,Vritti Dash,customer8400@example.com,6353639976,Kochi,2025-01-25
8401,Arya Rout,customer8401@example.com,6361395887,Bengaluru,2024-01-09
8402,Omisha Parekh,customer8402@example.com,8174628055,Lucknow,2024-11-16
8403,Harsh Andra,customer8403@example.com,8718459122,Chennai,2024-01-03
8404,Faraj Tailor,customer8404@example.com,6941093721,Mumbai,2025-09-26
8405,Dhriti Ray,customer8405@example.com,9254694868,Chennai,2026-01-31
8406,Girindra Reddy,customer8406@example.com,8571999111,Nagpur,2025-01-06
8407,Girindra Ganguly,customer8407@example.com,9444587784,Kolkata,2023-10-13
8408,Jeevika Pandey,customer8408@example.com,8726140892,Nashik,2023-08-13
8409,Pranav Sachdeva,customer8409@example.com,6536698974,Nashik,2025-01-11
8410,Omya Mody,customer8410@example.com,9886162601,Bengaluru,2024-04-12
8411,Tejas Sura,customer8411@example.com,6688558320,Delhi,2025-02-03
8412,Gaurang Kakar,customer8412@example.com,8183634257,Ahmedabad,2025-06-19
8413,Manya Wali,customer8413@example.com,9161694138,Bengaluru,2024-04-25
8414,Champak Comar,customer8414@example.com,9883230314,Lucknow,2023-05-26
8415,Agastya Tata,customer8415@example.com,6828691289,Jaipur,2023-04-03
8416,Pooja Tak,customer8416@example.com,7327061253,Bhopal,2023-02-18
8417,Ranbir Garg,customer8417@example.com,7738916023,Kolkata,2024-06-24
8418,Lopa Kapadia,customer8418@example.com,9575433960,Nagpur,2026-06-14
8419,Oviya Dara,customer8419@example.com,7852388122,Bhopal,2025-12-16
8420,Faraj Singhal,customer8420@example.com,6228978322,Bengaluru,2026-02-16
8421,Amrita Bansal,customer8421@example.com,7851834610,Kolkata,2023-09-15
8422,Dayita Bhalla,customer8422@example.com,8623904069,Bhopal,2024-12-10
8423,Vamakshi Gade,customer8423@example.com,9544532542,Chennai,2025-11-14
8424,Chakrika Prabhu,customer8424@example.com,8388472257,Kochi,2023-08-07
8425,Yahvi Kar,customer8425@example.com,9164657411,Pune,2025-11-29
8426,Oviya Keer,customer8426@example.com,6507139553,Hyderabad,2025-01-28
8427,Michael Subramaniam,customer8427@example.com,9405931438,Lucknow,2026-03-19
8428,Tejas Dube,customer8428@example.com,9829775137,Surat,2025-10-06
8429,Ekanta Oommen,customer8429@example.com,6674512384,Mumbai,2024-06-01
8430,Raksha Magar,customer8430@example.com,7775956230,Chandigarh,2025-12-18
8431,Qarin Naidu,customer8431@example.com,6326527447,Lucknow,2026-05-22
8432,Aachal Tak,customer8432@example.com,6227295659,Surat,2023-10-10
8433,Praneel Cherian,customer8433@example.com,8641329242,Mumbai,2026-05-29
8434,Raghav Ravi,customer8434@example.com,7559913532,Bengaluru,2023-02-13
8435,Jairaj Rana,customer8435@example.com,6331984846,Bhopal,2024-12-31
8436,Advika Parmar,customer8436@example.com,7464803786,Bhopal,2024-04-11
8437,Guneet Johal,customer8437@example.com,6113313019,Mumbai,2023-10-24
8438,Eesha Kaur,customer8438@example.com,7358668394,Indore,2023-08-03
8439,Dipta Ramachandran,customer8439@example.com,7181771726,Lucknow,2024-10-22
8440,Charles Kibe,customer8440@example.com,6135907323,Lucknow,2023-12-07
8441,Upma Ratta,customer8441@example.com,7459698926,Lucknow,2025-05-23
8442,Chakradhar Sangha,customer8442@example.com,9676730625,Chennai,2024-07-31
8443,Janani Yohannan,customer8443@example.com,9279943878,Bengaluru,2024-06-24
8444,Krishna Mall,customer8444@example.com,6976529962,Mumbai,2026-03-13
8445,Patrick Chokshi,customer8445@example.com,8462179275,Chennai,2024-03-02
8446,Veda Guha,customer8446@example.com,7282841255,Indore,2025-01-26
8447,Girik Sahota,customer8447@example.com,7481335139,Kolkata,2023-02-21
8448,Yashoda Bhatt,customer8448@example.com,9911825851,Ahmedabad,2024-07-26
8449,Samuel Kale,customer8449@example.com,8915425147,Bengaluru,2024-06-02
8450,Rehaan Sanghvi,customer8450@example.com,9973293425,Chennai,2026-03-26
8451,Ayush Sridhar,customer8451@example.com,8137653115,Kolkata,2023-08-22
8452,Jai Srinivas,customer8452@example.com,7637994526,Surat,2024-04-11
8453,Chaaya Apte,customer8453@example.com,6177328517,Chennai,2024-09-09
8454,Dalaja Deo,customer8454@example.com,8273374983,Bhopal,2023-01-08
8455,Onkar Madan,customer8455@example.com,7301295878,Lucknow,2024-06-24
8456,Victor Bhat,customer8456@example.com,6970123581,Nagpur,2023-02-09
8457,Yatan Goyal,customer8457@example.com,6293499457,Mumbai,2026-01-14
8458,Radha Munshi,customer8458@example.com,6900157233,Nashik,2025-01-02
8459,Akshay Chandra,customer8459@example.com,7275945039,Delhi,2025-04-18
8460,Dayita Mannan,customer8460@example.com,8972882780,Hyderabad,2023-01-20
8461,Om Minhas,customer8461@example.com,8752590367,Jaipur,2023-12-23
8462,Nachiket Balasubramanian,customer8462@example.com,7260827622,Lucknow,2025-12-07
8463,Ati Konda,customer8463@example.com,7846786343,Bhopal,2026-01-23
8464,Abhimanyu Morar,customer8464@example.com,9199484572,Nashik,2024-01-22
8465,Nisha Panchal,customer8465@example.com,7553675775,Bhopal,2026-01-19
8466,Jacob Varma,customer8466@example.com,8115554364,Delhi,2025-04-08
8467,Dhruv Nayar,customer8467@example.com,6286243943,Delhi,2026-06-12
8468,Anusha Anand,customer8468@example.com,6403083330,Nashik,2024-07-08
8469,Harshil More,customer8469@example.com,8839813579,Nagpur,2024-11-08
8470,Indali Hans,customer8470@example.com,8467589972,Lucknow,2025-08-14
8471,Reyansh Sibal,customer8471@example.com,8868649164,Nagpur,2024-12-29
8472,Ekaja Mukhopadhyay,customer8472@example.com,7813791383,Surat,2023-03-01
8473,Charita Nair,customer8473@example.com,8210614699,Lucknow,2023-10-29
8474,Daksh Trivedi,customer8474@example.com,9299971940,Bengaluru,2023-03-04
8475,Lekha Borra,customer8475@example.com,6195344588,Mumbai,2026-04-14
8476,Avi Iyengar,customer8476@example.com,8302645252,Kochi,2025-06-17
8477,Leela Nagarajan,customer8477@example.com,9663543255,Nagpur,2023-06-24
8478,Pratyush Gill,customer8478@example.com,9523005938,Delhi,2024-02-21
8479,Owen Khurana,customer8479@example.com,7337911106,Delhi,2023-10-07
8480,Lavanya Raj,customer8480@example.com,8524811889,Mumbai,2023-04-13
8481,Pallavi Ghose,customer8481@example.com,6513996500,Indore,2025-01-07
8482,Idika Kaur,customer8482@example.com,9107188952,Indore,2024-12-07
8483,Leela Chander,customer8483@example.com,7233436073,Chennai,2024-07-09
8484,Girik Bhattacharyya,customer8484@example.com,7280480481,Chennai,2023-04-04
8485,Amol Kashyap,customer8485@example.com,7990894732,Ahmedabad,2023-04-21
8486,Jonathan Mand,customer8486@example.com,6428523313,Nagpur,2026-02-24
8487,Chaitaly Agate,customer8487@example.com,7528532455,Surat,2024-02-03
8488,Panini Goel,customer8488@example.com,9689886871,Delhi,2024-12-18
8489,Anamika Rout,customer8489@example.com,6957251855,Nagpur,2026-03-15
8490,Saksham Mital,customer8490@example.com,9687005475,Pune,2026-01-13
8491,Wazir Kurian,customer8491@example.com,6221596824,Kolkata,2023-04-17
8492,Urmi Prabhakar,customer8492@example.com,7778495636,Chennai,2024-01-06
8493,Lakshmi Sarin,customer8493@example.com,8441391833,Mumbai,2024-08-02
8494,Baljiwan Tripathi,customer8494@example.com,6418254039,Chandigarh,2025-09-11
8495,Janaki Mani,customer8495@example.com,8411352396,Nagpur,2026-03-02
8496,Bhavani Krish,customer8496@example.com,8855444176,Kolkata,2023-12-16
8497,Leela Deol,customer8497@example.com,6797664809,Delhi,2023-11-07
8498,Hemal Bail,customer8498@example.com,8122932597,Kolkata,2023-10-07
8499,Amruta Jayaraman,customer8499@example.com,8962311940,Lucknow,2024-11-25
8500,Anthony Palan,customer8500@example.com,7337816787,Bengaluru,2026-01-29
8501,Kashvi Magar,customer8501@example.com,7942142699,Jaipur,2025-12-12
8502,Abhiram Kothari,customer8502@example.com,6220532331,Ahmedabad,2023-08-28
8503,Pahal Mander,customer8503@example.com,6683527235,Kolkata,2025-01-03
8504,Shaurya Naidu,customer8504@example.com,6470804808,Delhi,2025-04-02
8505,Upma Ravel,customer8505@example.com,7869389537,Kolkata,2025-09-20
8506,Chaitanya Kuruvilla,customer8506@example.com,6734575305,Delhi,2023-11-29
8507,Jeet Virk,customer8507@example.com,7310378850,Indore,2025-01-03
8508,Aayush Barad,customer8508@example.com,8945866460,Chennai,2025-01-01
8509,Anusha Deshpande,customer8509@example.com,8166961393,Lucknow,2026-05-02
8510,Simon Maharaj,customer8510@example.com,9718952816,Nagpur,2026-03-24
8511,Neelima Purohit,customer8511@example.com,8868137616,Bengaluru,2025-08-02
8512,Qushi Sengupta,customer8512@example.com,7729075792,Nagpur,2024-07-21
8513,Tanmayi Babu,customer8513@example.com,7737197136,Nagpur,2024-12-14
8514,Hredhaan Shankar,customer8514@example.com,9505089457,Pune,2026-06-20
8515,Rachita Behl,customer8515@example.com,7438506285,Bengaluru,2024-04-19
8516,Advika Sarraf,customer8516@example.com,7648141527,Pune,2025-12-03
8517,Faris Bal,customer8517@example.com,9591273067,Hyderabad,2024-06-08
8518,Abha Sem,customer8518@example.com,6781025495,Lucknow,2026-04-23
8519,Gayathri Ramanathan,customer8519@example.com,7696067622,Jaipur,2023-07-05
8520,Jagrati Sahota,customer8520@example.com,9416631225,Indore,2024-06-11
8521,Eshana Acharya,customer8521@example.com,6748258748,Surat,2024-07-28
8522,Faraj Tiwari,customer8522@example.com,7754386726,Delhi,2024-06-21
8523,Anmol Char,customer8523@example.com,6327107290,Delhi,2023-07-12
8524,Vyanjana Master,customer8524@example.com,8985171989,Bengaluru,2023-06-23
8525,Pratyush Jayaraman,customer8525@example.com,9129476170,Chennai,2024-11-30
8526,Sarthak Pillai,customer8526@example.com,7911642313,Nashik,2025-11-18
8527,Zansi Narang,customer8527@example.com,9231154945,Lucknow,2024-02-22
8528,Arunima Naik,customer8528@example.com,8794505197,Chennai,2026-01-07
8529,Gautami Rege,customer8529@example.com,9804467429,Indore,2023-11-24
8530,Veer Sundaram,customer8530@example.com,6635013539,Kolkata,2026-02-04
8531,Deepa Bath,customer8531@example.com,8374139272,Mumbai,2024-06-10
8532,Aishani Gokhale,customer8532@example.com,9885851878,Ahmedabad,2023-05-31
8533,Ekbal Sinha,customer8533@example.com,6686478566,Mumbai,2025-11-07
8534,Garima Sehgal,customer8534@example.com,6264956531,Mumbai,2024-11-28
8535,Charita Bandi,customer8535@example.com,6499678605,Hyderabad,2026-05-15
8536,Ganga Bhalla,customer8536@example.com,8148108447,Hyderabad,2024-11-16
8537,Ekiya Swaminathan,customer8537@example.com,6414458822,Bhopal,2025-01-09
8538,Orinder Puri,customer8538@example.com,7885526487,Bhopal,2023-11-21
8539,Yoshita Bora,customer8539@example.com,9645939667,Hyderabad,2024-06-30
8540,Zaid Varughese,customer8540@example.com,8499893058,Chandigarh,2024-08-19
8541,Yash Ray,customer8541@example.com,9830644901,Bengaluru,2025-08-07
8542,Lekha Hayre,customer8542@example.com,8636250967,Mumbai,2024-09-02
8543,Yauvani Panchal,customer8543@example.com,7418143592,Kolkata,2024-01-09
8544,Anirudh Chad,customer8544@example.com,9304174452,Chandigarh,2024-01-22
8545,Fariq Dhaliwal,customer8545@example.com,9667967013,Chandigarh,2025-10-21
8546,Krishna Nath,customer8546@example.com,6125285388,Jaipur,2024-05-22
8547,Sathvik Agarwal,customer8547@example.com,6619211153,Indore,2025-01-29
8548,Yahvi Pillay,customer8548@example.com,9768648646,Chennai,2024-05-13
8549,Vrishti Sharaf,customer8549@example.com,6696042799,Chandigarh,2025-07-12
8550,Krisha Soman,customer8550@example.com,8758855954,Chandigarh,2024-06-24
8551,Tarak Ram,customer8551@example.com,8985047640,Delhi,2024-05-09
8552,Oeshi Din,customer8552@example.com,8457752723,Chandigarh,2025-12-19
8553,Rishi Sami,customer8553@example.com,6125079534,Nagpur,2023-08-17
8554,Zehaan Modi,customer8554@example.com,8776091579,Kochi,2023-11-28
8555,Siddharth Kuruvilla,customer8555@example.com,6660838042,Bhopal,2025-04-15
8556,Yashoda Purohit,customer8556@example.com,9468213406,Bhopal,2024-08-09
8557,Viraj Cheema,customer8557@example.com,6512429749,Kolkata,2025-01-26
8558,Matthew Hayre,customer8558@example.com,7382707697,Pune,2025-11-02
8559,Kamala Sarraf,customer8559@example.com,9371885949,Hyderabad,2024-01-15
8560,Gaurang Sood,customer8560@example.com,9386080701,Pune,2025-10-07
8561,Saumya Kannan,customer8561@example.com,6510252750,Chandigarh,2023-01-16
8562,Sanya Mitra,customer8562@example.com,8900189491,Hyderabad,2024-06-28
8563,Ishanvi Shenoy,customer8563@example.com,7296985750,Indore,2025-12-24
8564,Priya Ghose,customer8564@example.com,8686444509,Bengaluru,2025-04-26
8565,Laban Rama,customer8565@example.com,8829809715,Kochi,2024-03-14
8566,Manya Saxena,customer8566@example.com,6575484954,Jaipur,2026-04-11
8567,Benjamin Upadhyay,customer8567@example.com,8552938661,Ahmedabad,2025-03-15
8568,Warhi Lanka,customer8568@example.com,9150899578,Ahmedabad,2025-09-18
8569,Kavya Mahajan,customer8569@example.com,7967687675,Bengaluru,2024-08-25
8570,Wriddhish Mangal,customer8570@example.com,8132235020,Nagpur,2025-09-17
8571,Lakshit Pandya,customer8571@example.com,7972769970,Bhopal,2024-03-15
8572,Sanaya Sharaf,customer8572@example.com,9607451379,Surat,2024-11-20
8573,Ayaan Khatri,customer8573@example.com,7163046823,Chandigarh,2026-01-23
8574,Lopa Shroff,customer8574@example.com,8100473459,Chennai,2023-03-28
8575,Vaishnavi Manda,customer8575@example.com,7490620910,Pune,2024-10-03
8576,Alka Doctor,customer8576@example.com,9152958031,Bhopal,2023-11-17
8577,Varsha Sama,customer8577@example.com,6775697380,Hyderabad,2024-10-31
8578,Isha Buch,customer8578@example.com,8881399670,Nagpur,2024-11-25
8579,Sai Panchal,customer8579@example.com,7353182071,Nagpur,2024-04-04
8580,Chanchal Chakrabarti,customer8580@example.com,6493290045,Chandigarh,2024-11-03
8581,Edhitha Sinha,customer8581@example.com,9622767514,Kolkata,2023-12-04
8582,Sarthak Bhargava,customer8582@example.com,6641785885,Nashik,2024-01-29
8583,Bachittar Batra,customer8583@example.com,6702213714,Lucknow,2026-03-26
8584,Bahadurjit Rege,customer8584@example.com,8933669339,Nagpur,2024-02-13
8585,Mitali Parikh,customer8585@example.com,7441169606,Kochi,2025-01-13
8586,Wyatt Mannan,customer8586@example.com,6882896963,Lucknow,2026-03-09
8587,Hemal Konda,customer8587@example.com,9255923551,Bengaluru,2025-03-27
8588,Pahal Pau,customer8588@example.com,9192526616,Chennai,2023-01-28
8589,Hema Gole,customer8589@example.com,9441433268,Hyderabad,2024-11-03
8590,Kalpit Sabharwal,customer8590@example.com,6348283753,Chennai,2025-09-11
8591,Azad Arya,customer8591@example.com,8520293984,Ahmedabad,2023-03-10
8592,Abha Shukla,customer8592@example.com,8546162950,Mumbai,2023-04-11
8593,Farhan Boase,customer8593@example.com,8757504764,Bhopal,2023-11-14
8594,Yatan Morar,customer8594@example.com,8343546746,Lucknow,2023-07-05
8595,Oviya Brahmbhatt,customer8595@example.com,9603767175,Ahmedabad,2024-12-13
8596,Yachana Rastogi,customer8596@example.com,6633169317,Bengaluru,2024-01-18
8597,Faris Chadha,customer8597@example.com,7139291200,Jaipur,2025-06-16
8598,Eesha Thakkar,customer8598@example.com,6717377568,Chennai,2026-03-26
8599,Sara Malhotra,customer8599@example.com,7391693937,Chandigarh,2025-11-17
8600,Pooja Bose,customer8600@example.com,6543759071,Nashik,2024-06-24
8601,Damini Singhal,customer8601@example.com,7811211367,Chennai,2023-08-01
8602,Pavani Chander,customer8602@example.com,8527033979,Chandigarh,2023-08-02
8603,Yasti Sur,customer8603@example.com,7357099456,Ahmedabad,2023-07-19
8604,Avni Shenoy,customer8604@example.com,8321278458,Pune,2026-04-05
8605,Mugdha Rajagopal,customer8605@example.com,7987275228,Bengaluru,2024-04-20
8606,Amol Pradhan,customer8606@example.com,6624108314,Chandigarh,2025-09-23
8607,Jyoti Raval,customer8607@example.com,7600473378,Ahmedabad,2025-06-19
8608,Kavya Badal,customer8608@example.com,7865286967,Lucknow,2024-05-05
8609,Anya Gala,customer8609@example.com,8123018021,Nagpur,2024-10-25
8610,Vincent Aggarwal,customer8610@example.com,6429041585,Chandigarh,2023-07-17
8611,Quincy Taneja,customer8611@example.com,8702836740,Kolkata,2024-11-18
8612,Bhavika Badal,customer8612@example.com,8247259633,Nashik,2024-08-18
8613,Arunima Srivastava,customer8613@example.com,9795160497,Kolkata,2023-11-12
8614,Pahal Ghosh,customer8614@example.com,8372410700,Hyderabad,2024-08-01
8615,Ekalinga Kulkarni,customer8615@example.com,8346408986,Indore,2024-02-04
8616,Isha Bhavsar,customer8616@example.com,9825717408,Surat,2025-01-27
8617,Gaurang Wali,customer8617@example.com,6454488630,Indore,2023-07-26
8618,Krisha Bali,customer8618@example.com,9485433682,Bhopal,2024-09-16
8619,Vedhika Mohanty,customer8619@example.com,6410278532,Ahmedabad,2025-10-23
8620,Yagnesh Kala,customer8620@example.com,8820763626,Mumbai,2024-01-28
8621,Zehaan Setty,customer8621@example.com,7163929491,Kolkata,2023-01-30
8622,Oliver Lal,customer8622@example.com,8488113114,Lucknow,2024-08-27
8623,Chandani Mittal,customer8623@example.com,6114723005,Chennai,2023-01-31
8624,Aarnav Guha,customer8624@example.com,6411050822,Hyderabad,2025-06-21
8625,Adweta Manda,customer8625@example.com,6741540379,Ahmedabad,2024-04-04
8626,Anay Ganesan,customer8626@example.com,8611184266,Kochi,2025-04-29
8627,Yamini Srivastava,customer8627@example.com,9200927574,Chennai,2024-02-18
8628,Ishanvi Butala,customer8628@example.com,9653427363,Kolkata,2023-07-08
8629,Odika Mukherjee,customer8629@example.com,9917140571,Nagpur,2025-12-26
8630,Varenya Mittal,customer8630@example.com,8439565650,Surat,2023-07-26
8631,Samar Chana,customer8631@example.com,6276048614,Hyderabad,2024-02-28
8632,Jeevika Bose,customer8632@example.com,8826257795,Kochi,2023-05-13
8633,Abhiram Dhaliwal,customer8633@example.com,9528134325,Kolkata,2023-06-03
8634,Yoshita Prakash,customer8634@example.com,7894742930,Lucknow,2025-03-16
8635,Amara Sahota,customer8635@example.com,7863525350,Nashik,2026-02-24
8636,Farhan Palla,customer8636@example.com,8791467886,Kochi,2024-03-26
8637,Janya Ganesh,customer8637@example.com,6986838907,Nashik,2025-12-08
8638,Vrinda Narang,customer8638@example.com,6973572799,Indore,2025-04-08
8639,Dalbir Virk,customer8639@example.com,6724124264,Nashik,2025-07-15
8640,Faqid Garde,customer8640@example.com,7289284182,Bengaluru,2024-11-13
8641,Ganga Patel,customer8641@example.com,7995257572,Bengaluru,2024-07-26
8642,Krisha Sharma,customer8642@example.com,7341292805,Indore,2025-07-11
8643,Pranav Kale,customer8643@example.com,7947142396,Nagpur,2026-04-13
8644,Gunbir Kannan,customer8644@example.com,9380405024,Kolkata,2026-05-12
8645,Gavin Barman,customer8645@example.com,9556427102,Delhi,2023-03-23
8646,Rohan Walia,customer8646@example.com,7207748050,Bhopal,2025-08-22
8647,Aarna Rajan,customer8647@example.com,9302314553,Kolkata,2024-12-03
8648,Aashi Datta,customer8648@example.com,8859496311,Pune,2024-03-09
8649,Devika Dugar,customer8649@example.com,7969729049,Bhopal,2023-05-18
8650,Kala Sheth,customer8650@example.com,8838026429,Nagpur,2025-11-21
8651,Charles Chaudry,customer8651@example.com,7793897424,Lucknow,2026-04-06
8652,Dev Varma,customer8652@example.com,8422283694,Mumbai,2023-01-08
8653,Mohammed Sodhi,customer8653@example.com,7403183319,Kolkata,2023-03-22
8654,Chakrika Chana,customer8654@example.com,7525062586,Delhi,2026-05-25
8655,Chakrika Ratti,customer8655@example.com,9555650293,Hyderabad,2024-09-21
8656,Ronith Krish,customer8656@example.com,9682943906,Chennai,2025-03-25
8657,Gaurangi Parekh,customer8657@example.com,9263501818,Delhi,2023-06-27
8658,Rohan Bhagat,customer8658@example.com,8790150445,Bhopal,2024-06-03
8659,Ekani Kapoor,customer8659@example.com,8285896894,Bhopal,2025-11-24
8660,Ranveer Bhargava,customer8660@example.com,6390587760,Pune,2023-05-16
8661,Chaman Anne,customer8661@example.com,7766842033,Nashik,2026-04-10
8662,Ridhi Walia,customer8662@example.com,6551972427,Lucknow,2024-06-08
8663,Harish Batta,customer8663@example.com,7706936103,Ahmedabad,2023-07-26
8664,Jalsa Mitter,customer8664@example.com,7644234697,Hyderabad,2025-11-12
8665,Ekaja Shan,customer8665@example.com,9310658243,Nagpur,2026-03-24
8666,Rachana Khanna,customer8666@example.com,6194235034,Chennai,2026-05-08
8667,Eshana Mitter,customer8667@example.com,9726174106,Ahmedabad,2025-05-31
8668,Qarin Chaudhari,customer8668@example.com,8368280508,Kochi,2023-05-31
8669,Niharika Loke,customer8669@example.com,8971896203,Hyderabad,2023-06-21
8670,Michael Bhakta,customer8670@example.com,7870726143,Hyderabad,2025-07-01
8671,Damyanti Butala,customer8671@example.com,7710458463,Bengaluru,2025-09-16
8672,Arin Saini,customer8672@example.com,7836914325,Jaipur,2024-02-20
8673,Lavanya Rai,customer8673@example.com,9437569279,Pune,2026-03-08
8674,Anay Bhargava,customer8674@example.com,9203932476,Jaipur,2023-09-06
8675,Nathaniel Krishna,customer8675@example.com,6975630151,Jaipur,2026-05-27
8676,Jatin Ravel,customer8676@example.com,7532066757,Hyderabad,2023-10-20
8677,Omisha Thakur,customer8677@example.com,6451604948,Mumbai,2023-03-21
8678,Max Chacko,customer8678@example.com,9909417860,Bhopal,2024-09-10
8679,Ishani Ratti,customer8679@example.com,9318744952,Lucknow,2023-06-15
8680,Lakshmi Raj,customer8680@example.com,9210281865,Nashik,2026-04-12
8681,Azaan Wadhwa,customer8681@example.com,8130596246,Indore,2026-06-15
8682,Anika Taneja,customer8682@example.com,9753394764,Hyderabad,2024-09-11
8683,Aarush Apte,customer8683@example.com,7845311094,Indore,2026-02-23
8684,Victor Dewan,customer8684@example.com,9969798568,Kolkata,2023-08-08
8685,Waida Dayal,customer8685@example.com,8446352946,Bengaluru,2023-10-20
8686,Tamanna Bawa,customer8686@example.com,6544574388,Kolkata,2026-01-21
8687,Nakul Dhingra,customer8687@example.com,6191273868,Jaipur,2026-05-23
8688,Chakradhar Sheth,customer8688@example.com,6576707776,Indore,2023-06-07
8689,Harinakshi Tak,customer8689@example.com,7781722683,Kochi,2025-05-02
8690,Aachal Halder,customer8690@example.com,9583400334,Ahmedabad,2026-04-18
8691,Jason Dhillon,customer8691@example.com,7503903112,Kochi,2025-04-24
8692,Gaurang Merchant,customer8692@example.com,7322896931,Nashik,2023-08-01
8693,Quincy Basu,customer8693@example.com,9703647542,Kolkata,2023-05-08
8694,Yauvani Bajaj,customer8694@example.com,7831239138,Delhi,2025-12-19
8695,Zaitra Ratta,customer8695@example.com,6243411396,Lucknow,2026-02-26
8696,Lajita Bassi,customer8696@example.com,7476361463,Indore,2025-07-24
8697,Ayush Ghose,customer8697@example.com,9114216451,Pune,2026-06-24
8698,Adweta Arya,customer8698@example.com,6682333159,Nashik,2023-07-16
8699,Jagrati Mital,customer8699@example.com,8731781279,Chennai,2026-03-29
8700,Adya Seshadri,customer8700@example.com,7697676266,Chandigarh,2026-05-15
8701,Harita Barman,customer8701@example.com,8272485035,Chennai,2023-11-23
8702,Aarini Chacko,customer8702@example.com,7810863978,Bengaluru,2024-10-27
8703,Rajata Ramanathan,customer8703@example.com,7701209642,Indore,2025-05-07
8704,Samarth Banik,customer8704@example.com,7306480378,Jaipur,2025-12-02
8705,Lopa Narayan,customer8705@example.com,8274370140,Indore,2025-10-25
8706,Raagini Desai,customer8706@example.com,9230900084,Kochi,2024-02-04
8707,Yutika Swamy,customer8707@example.com,6500501469,Jaipur,2024-01-18
8708,Lakshmi Palan,customer8708@example.com,8843680523,Delhi,2023-03-11
8709,Wazir Borah,customer8709@example.com,8836652352,Jaipur,2023-10-24
8710,Lopa Ben,customer8710@example.com,9493630878,Bhopal,2023-06-27
8711,Kabir Devi,customer8711@example.com,8712264827,Kochi,2023-01-11
8712,Gaurang Chaudhari,customer8712@example.com,8929582714,Lucknow,2024-08-29
8713,Lavanya Andra,customer8713@example.com,7731673953,Hyderabad,2024-08-21
8714,Vasatika Malhotra,customer8714@example.com,6299002556,Chandigarh,2025-07-31
8715,Fariq Aurora,customer8715@example.com,8215390822,Kochi,2023-08-19
8716,Yashodhara Badal,customer8716@example.com,6723405932,Surat,2023-02-13
8717,Forum Dara,customer8717@example.com,7286946824,Pune,2026-02-08
8718,Ekantika Korpal,customer8718@example.com,7197867138,Chandigarh,2023-09-28
8719,Bimala Morar,customer8719@example.com,9379170260,Ahmedabad,2023-09-04
8720,Jairaj Lad,customer8720@example.com,7655119756,Nashik,2023-10-22
8721,Champak Pathak,customer8721@example.com,6951745078,Chandigarh,2024-09-08
8722,Darika Sastry,customer8722@example.com,8521450519,Mumbai,2024-02-02
8723,Wriddhish Parmer,customer8723@example.com,6645264519,Lucknow,2023-01-22
8724,Nilima Som,customer8724@example.com,8192575662,Mumbai,2025-04-11
8725,Daksh Narula,customer8725@example.com,6778654764,Ahmedabad,2025-11-10
8726,Jonathan Ramesh,customer8726@example.com,6994858866,Nashik,2023-06-29
8727,Abhiram Kumer,customer8727@example.com,8599790762,Nashik,2023-08-01
8728,Odika Narula,customer8728@example.com,7942001044,Mumbai,2025-05-19
8729,Manthan Ganesan,customer8729@example.com,7803832542,Kolkata,2024-10-10
8730,Quincy Dutt,customer8730@example.com,9998798084,Nagpur,2024-08-25
8731,Aarav Choudhry,customer8731@example.com,6825843792,Chennai,2025-07-04
8732,Mitesh Korpal,customer8732@example.com,9180950996,Bengaluru,2026-02-11
8733,Shaurya Barman,customer8733@example.com,9966937284,Pune,2025-01-28
8734,Yashvi Varkey,customer8734@example.com,9445069695,Lucknow,2026-02-24
8735,Prisha Wason,customer8735@example.com,6189238233,Lucknow,2025-04-14
8736,Pahal Sundaram,customer8736@example.com,7453449198,Jaipur,2024-04-07
8737,Warhi Thakkar,customer8737@example.com,9106090343,Bhopal,2025-12-14
8738,Mohini Mallick,customer8738@example.com,7615513620,Indore,2023-12-04
8739,Theodore Srinivasan,customer8739@example.com,6508436081,Ahmedabad,2025-10-30
8740,Avni Nanda,customer8740@example.com,7798257380,Chennai,2025-09-03
8741,Gaurika Din,customer8741@example.com,7204151789,Jaipur,2025-05-21
8742,Vihaan Parikh,customer8742@example.com,7514230637,Kochi,2024-01-01
8743,Finn Sridhar,customer8743@example.com,8648579279,Indore,2025-10-15
8744,Hemangini Narayan,customer8744@example.com,7213358438,Chennai,2023-09-13
8745,Yahvi Suresh,customer8745@example.com,8775301639,Surat,2025-08-19
8746,Tanvi Malhotra,customer8746@example.com,6668040103,Mumbai,2025-01-17
8747,Devansh Manne,customer8747@example.com,6836481837,Hyderabad,2023-08-21
8748,Naksh Sangha,customer8748@example.com,7485713587,Jaipur,2025-07-01
8749,Ekantika Dara,customer8749@example.com,9705156417,Bengaluru,2023-12-01
8750,Waida Samra,customer8750@example.com,9827929777,Surat,2025-10-16
8751,Gaurika Kapur,customer8751@example.com,8960039849,Chandigarh,2026-01-16
8752,Niharika Parekh,customer8752@example.com,7677925909,Surat,2023-05-09
8753,Ekbal Parmar,customer8753@example.com,7541897962,Kochi,2023-01-17
8754,Deepa Choudhury,customer8754@example.com,7463791045,Delhi,2025-04-17
8755,Ridhi Wagle,customer8755@example.com,6772163570,Delhi,2025-04-28
8756,Wazir Anand,customer8756@example.com,8677990690,Hyderabad,2025-08-03
8757,Samuel Panchal,customer8757@example.com,7966369206,Nagpur,2025-03-28
8758,Darsh Choudhary,customer8758@example.com,7271447515,Mumbai,2024-06-14
8759,Rehaan Barad,customer8759@example.com,6399593084,Mumbai,2025-10-14
8760,Falak Soman,customer8760@example.com,7266293749,Bhopal,2024-10-30
8761,Orinder Mand,customer8761@example.com,6183024241,Hyderabad,2025-06-02
8762,Jonathan Viswanathan,customer8762@example.com,9671652725,Hyderabad,2025-01-18
8763,Tanveer Mody,customer8763@example.com,7885887831,Bhopal,2023-06-29
8764,Varsha Raj,customer8764@example.com,6892276468,Nashik,2026-01-11
8765,Chanakya Venkatesh,customer8765@example.com,8607302497,Chandigarh,2023-12-14
8766,Rajata Bawa,customer8766@example.com,8926147562,Hyderabad,2025-01-13
8767,Yashawini Bandi,customer8767@example.com,6635733608,Nashik,2023-05-17
8768,Abhiram Jani,customer8768@example.com,8351214567,Nagpur,2023-10-09
8769,Charita Ahluwalia,customer8769@example.com,6806687543,Chandigarh,2024-06-14
8770,Gauri Kanda,customer8770@example.com,9301619021,Jaipur,2026-02-11
8771,Wyatt Prasad,customer8771@example.com,9257207191,Kolkata,2023-01-30
8772,Mugdha Sunder,customer8772@example.com,7868533934,Nashik,2025-09-25
8773,Hiral Narain,customer8773@example.com,9804746905,Kolkata,2025-11-19
8774,Anjali Saha,customer8774@example.com,9156464681,Hyderabad,2025-12-08
8775,Hemani Konda,customer8775@example.com,7769083076,Pune,2023-06-30
8776,Maya Baria,customer8776@example.com,6416359087,Delhi,2023-09-23
8777,Vedhika Loke,customer8777@example.com,7704533794,Pune,2025-05-28
8778,Lakshit Tandon,customer8778@example.com,7358096539,Bhopal,2024-03-11
8779,Chanakya Natarajan,customer8779@example.com,8118762728,Nashik,2023-04-11
8780,Megha Mistry,customer8780@example.com,8830293519,Pune,2023-12-25
8781,Hredhaan Dua,customer8781@example.com,9844632028,Delhi,2026-03-13
8782,Nilima Saxena,customer8782@example.com,6217088903,Bengaluru,2024-07-19
8783,Yachana Patla,customer8783@example.com,9704197940,Bhopal,2023-09-05
8784,Onkar Chada,customer8784@example.com,9448227083,Hyderabad,2023-11-10
8785,Ekani Kalla,customer8785@example.com,7526116437,Bengaluru,2025-09-06
8786,Anmol Tank,customer8786@example.com,6230463067,Chennai,2024-12-19
8787,Harini Nagarajan,customer8787@example.com,8851283327,Lucknow,2024-12-15
8788,Gaurav Dutt,customer8788@example.com,7328609450,Nagpur,2023-06-01
8789,Qabil Saha,customer8789@example.com,7428249342,Hyderabad,2026-02-02
8790,Teerth Prabhakar,customer8790@example.com,7487868803,Lucknow,2023-07-31
8791,Vanya Vala,customer8791@example.com,7956780650,Nagpur,2026-03-21
8792,Bhavya Rana,customer8792@example.com,9980123921,Kolkata,2025-11-05
8793,Sanaya Bains,customer8793@example.com,8715396305,Bhopal,2025-10-27
8794,Hemal Butala,customer8794@example.com,6396710944,Delhi,2025-05-28
8795,Yamini Bhattacharyya,customer8795@example.com,9691993402,Nagpur,2024-03-30
8796,Vasudha Prasad,customer8796@example.com,7156442384,Kochi,2025-12-31
8797,Ekapad Dua,customer8797@example.com,9740319571,Chennai,2023-03-30
8798,Chandani Char,customer8798@example.com,6423720303,Ahmedabad,2026-06-27
8799,Noah Nori,customer8799@example.com,7956096423,Kochi,2023-06-21
8800,Harish Sanghvi,customer8800@example.com,6965242457,Nashik,2023-11-15
8801,Pranav Venkatesh,customer8801@example.com,8863864997,Delhi,2023-09-06
8802,Zansi Nayar,customer8802@example.com,9332836087,Ahmedabad,2023-12-29
8803,Anita Sarraf,customer8803@example.com,9758819718,Kolkata,2026-03-02
8804,Radha Palla,customer8804@example.com,9705204259,Hyderabad,2023-02-02
8805,Eiravati Bansal,customer8805@example.com,9651257153,Indore,2023-11-01
8806,Anirudh Pathak,customer8806@example.com,6636736101,Chennai,2024-06-04
8807,Chavvi Lall,customer8807@example.com,8134039558,Delhi,2024-02-06
8808,Damini Kapadia,customer8808@example.com,9874040744,Bengaluru,2023-12-28
8809,Urishilla Tailor,customer8809@example.com,8827035664,Nagpur,2025-11-10
8810,Gayathri Roy,customer8810@example.com,9334486254,Surat,2025-04-12
8811,Lohit Agate,customer8811@example.com,9549904872,Nagpur,2023-11-10
8812,Chatura Sur,customer8812@example.com,9687112196,Nagpur,2025-10-26
8813,Wridesh Misra,customer8813@example.com,8889571866,Kochi,2024-07-11
8814,Hiral Kade,customer8814@example.com,6163908769,Kochi,2023-03-28
8815,Ubika Shukla,customer8815@example.com,9538430141,Mumbai,2026-03-18
8816,Charan Batta,customer8816@example.com,7561114213,Kolkata,2023-03-23
8817,Jatin Nath,customer8817@example.com,7112250425,Lucknow,2025-08-23
8818,Turvi Sha,customer8818@example.com,9597190824,Lucknow,2023-06-23
8819,Bhavna Lall,customer8819@example.com,7823357444,Pune,2023-03-14
8820,Ekbal Lala,customer8820@example.com,7770265083,Indore,2024-08-24
8821,Kiaan Ghose,customer8821@example.com,8600273998,Delhi,2023-11-29
8822,Jasmit Sidhu,customer8822@example.com,8548670727,Bhopal,2023-06-12
8823,Nandini Kumar,customer8823@example.com,8584950558,Surat,2025-11-12
8824,Udant Oommen,customer8824@example.com,7605859978,Nagpur,2024-02-18
8825,Vinaya More,customer8825@example.com,6639909797,Jaipur,2024-10-30
8826,Maya Walla,customer8826@example.com,7903591639,Nagpur,2026-03-26
8827,Kavya Sibal,customer8827@example.com,9862401927,Kolkata,2025-06-20
8828,Dipta Doshi,customer8828@example.com,9839163437,Surat,2023-09-09
8829,Maanav Yadav,customer8829@example.com,7935818797,Kochi,2026-06-19
8830,Kashish Palla,customer8830@example.com,6608504723,Surat,2024-01-29
8831,Hemangini Sunder,customer8831@example.com,8921739037,Lucknow,2025-06-30
8832,Vinaya Pathak,customer8832@example.com,9855221538,Chennai,2024-06-13
8833,Nilima Rau,customer8833@example.com,9671823352,Delhi,2026-03-16
8834,Nachiket Wali,customer8834@example.com,6429665033,Hyderabad,2023-02-26
8835,Jacob Hari,customer8835@example.com,7799221916,Surat,2023-12-27
8836,Oliver Khare,customer8836@example.com,8339113313,Ahmedabad,2023-08-11
8837,Chasmum Sawhney,customer8837@example.com,6838986461,Bengaluru,2026-06-03
8838,Charita Badami,customer8838@example.com,9664223530,Lucknow,2025-09-11
8839,Harsh Krishnamurthy,customer8839@example.com,9391620690,Kolkata,2024-05-26
8840,Sai Char,customer8840@example.com,9618854616,Pune,2024-03-27
8841,Waida Suresh,customer8841@example.com,8375951434,Kolkata,2026-02-16
8842,Bina Dash,customer8842@example.com,8449485960,Nashik,2025-12-01
8843,Ekaja Oak,customer8843@example.com,8372509792,Hyderabad,2023-09-05
8844,Zarna Kalita,customer8844@example.com,6442175385,Hyderabad,2023-03-25
8845,Bhanumati Pradhan,customer8845@example.com,8618403028,Chennai,2023-02-20
8846,Balhaar Das,customer8846@example.com,8842795728,Surat,2026-04-25
8847,Atharv Halder,customer8847@example.com,6519645750,Delhi,2024-02-23
8848,Harrison Bahl,customer8848@example.com,8514412115,Pune,2023-06-22
8849,Triveni Pall,customer8849@example.com,6380070472,Indore,2026-06-22
8850,Balveer Cheema,customer8850@example.com,8747703603,Mumbai,2023-07-15
8851,Balendra Rajagopal,customer8851@example.com,9431865659,Ahmedabad,2025-04-23
8852,Anamika Bandi,customer8852@example.com,7273889363,Jaipur,2024-12-28
8853,Rachana Gokhale,customer8853@example.com,6810256855,Pune,2025-02-26
8854,Dipta Chaudhari,customer8854@example.com,8442905245,Kolkata,2025-02-15
8855,Nachiket Choudhary,customer8855@example.com,8632981897,Indore,2023-07-29
8856,Warjas Samra,customer8856@example.com,9152757892,Kochi,2024-09-29
8857,Neelima Krish,customer8857@example.com,9823701866,Nagpur,2026-05-06
8858,Rudra Sangha,customer8858@example.com,9260067940,Lucknow,2023-11-23
8859,Wriddhish Pillai,customer8859@example.com,7930313537,Nagpur,2024-08-17
8860,Nikita Bath,customer8860@example.com,7230587632,Bhopal,2023-07-14
8861,Dalbir Sha,customer8861@example.com,8275756110,Pune,2024-06-20
8862,Kiaan Walla,customer8862@example.com,9528989617,Ahmedabad,2024-12-09
8863,Anamika Chada,customer8863@example.com,8233169125,Ahmedabad,2023-04-25
8864,Vihaan Pai,customer8864@example.com,6730337341,Hyderabad,2026-04-03
8865,Rishi Amble,customer8865@example.com,9854798667,Jaipur,2025-01-18
8866,Anita Gupta,customer8866@example.com,8712655964,Mumbai,2023-10-14
8867,Upadhriti Mukherjee,customer8867@example.com,7889254952,Delhi,2025-01-11
8868,Waida Mukherjee,customer8868@example.com,7628683438,Ahmedabad,2025-06-04
8869,Rachana Ravel,customer8869@example.com,6811843657,Nashik,2026-06-07
8870,Dipta Srinivasan,customer8870@example.com,9681004252,Nashik,2024-06-27
8871,Riya Bhatnagar,customer8871@example.com,8417551168,Bhopal,2023-03-13
8872,Zinal Bains,customer8872@example.com,8817844263,Jaipur,2026-01-17
8873,Advay Behl,customer8873@example.com,7401863723,Lucknow,2024-10-03
8874,Vedant Patla,customer8874@example.com,8295495909,Kochi,2026-03-23
8875,Janya Dube,customer8875@example.com,6165768482,Hyderabad,2024-09-20
8876,Aryan Varghese,customer8876@example.com,6101053518,Lucknow,2025-02-22
8877,Hema Golla,customer8877@example.com,8190614884,Bengaluru,2026-05-26
8878,Warjas Sinha,customer8878@example.com,7523031574,Pune,2025-07-02
8879,Ekansh Dhaliwal,customer8879@example.com,7714926757,Kochi,2026-05-25
8880,Pushti Chawla,customer8880@example.com,9664252644,Lucknow,2025-11-03
8881,Jonathan Dave,customer8881@example.com,9175991537,Surat,2023-10-12
8882,Ojas Borra,customer8882@example.com,8684191811,Pune,2025-06-30
8883,Ojas Naidu,customer8883@example.com,7145919866,Chennai,2023-05-25
8884,Krishna Butala,customer8884@example.com,6785582113,Surat,2026-04-05
8885,Vrinda Din,customer8885@example.com,7657676503,Lucknow,2024-05-02
8886,Damini Ramesh,customer8886@example.com,8449215516,Mumbai,2023-03-23
8887,Siya Lalla,customer8887@example.com,9867525731,Pune,2023-12-27
8888,Krishna Pradhan,customer8888@example.com,8946227190,Kochi,2024-03-04
8889,Pratyush Prasad,customer8889@example.com,9449773824,Bengaluru,2024-07-31
8890,Ati Mangat,customer8890@example.com,9477272577,Chennai,2023-05-31
8891,Imaran Verma,customer8891@example.com,8447342866,Indore,2025-01-19
8892,Hema Chada,customer8892@example.com,9708754480,Nashik,2023-02-04
8893,Lavanya Sengupta,customer8893@example.com,6495424114,Kolkata,2026-06-18
8894,Yasti Badami,customer8894@example.com,6577071933,Jaipur,2025-01-26
8895,Maanas Bhardwaj,customer8895@example.com,6145462965,Lucknow,2024-11-11
8896,Harish Kalita,customer8896@example.com,9832004274,Bhopal,2023-03-29
8897,Pushti Varghese,customer8897@example.com,8134705651,Indore,2024-04-25
8898,Harish Yadav,customer8898@example.com,6681460202,Hyderabad,2023-08-27
8899,Watika Buch,customer8899@example.com,8163405345,Jaipur,2023-07-06
8900,Lavanya Desai,customer8900@example.com,9550160495,Kochi,2026-05-29
8901,Ayaan Borde,customer8901@example.com,8974487195,Pune,2023-07-06
8902,Yagnesh Issac,customer8902@example.com,7113297731,Chandigarh,2025-07-24
8903,Ekiya Loke,customer8903@example.com,9571619526,Mumbai,2024-01-27
8904,Gunbir Choudhry,customer8904@example.com,9883394641,Mumbai,2024-12-29
8905,Saanvi Gara,customer8905@example.com,9486474161,Lucknow,2025-06-18
8906,Lopa Apte,customer8906@example.com,9292845230,Lucknow,2025-07-19
8907,Aarav Trivedi,customer8907@example.com,6750555384,Hyderabad,2023-06-17
8908,Megha Manne,customer8908@example.com,9309575407,Nashik,2024-08-08
8909,Vasudha Batra,customer8909@example.com,7107817325,Hyderabad,2025-06-05
8910,Oviya Subramanian,customer8910@example.com,8560229904,Chennai,2023-11-02
8911,Ikbal Khalsa,customer8911@example.com,9662562995,Delhi,2023-12-27
8912,Krishna Dhawan,customer8912@example.com,7646417363,Bhopal,2026-01-28
8913,Aarnav Subramanian,customer8913@example.com,9173363634,Chandigarh,2026-01-09
8914,Vasudha Bhatti,customer8914@example.com,7338965027,Bengaluru,2024-07-14
8915,Qasim Chandra,customer8915@example.com,7761306107,Delhi,2025-06-03
8916,Manan Barman,customer8916@example.com,6514459560,Hyderabad,2025-12-22
8917,Zaitra Rana,customer8917@example.com,6308974989,Bhopal,2023-11-06
8918,Chandani Chauhan,customer8918@example.com,7374343960,Pune,2024-10-22
8919,Tristan Basu,customer8919@example.com,7162108847,Chandigarh,2023-04-05
8920,Neel Ram,customer8920@example.com,8231100498,Nagpur,2024-10-05
8921,Falguni Rattan,customer8921@example.com,7651694183,Hyderabad,2024-04-03
8922,Pushti Sibal,customer8922@example.com,9533636270,Delhi,2026-05-21
8923,Ikbal Chacko,customer8923@example.com,6791476946,Chandigarh,2023-12-12
8924,Balhaar Naidu,customer8924@example.com,6135316235,Chennai,2023-04-01
8925,Anmol Ram,customer8925@example.com,8206323101,Delhi,2025-04-29
8926,Bachittar Sur,customer8926@example.com,6350254851,Hyderabad,2023-07-05
8927,Veer Misra,customer8927@example.com,6157694407,Chandigarh,2024-07-22
8928,Gayathri Contractor,customer8928@example.com,9266240065,Chandigarh,2026-04-22
8929,Chatresh Dasgupta,customer8929@example.com,8872257686,Ahmedabad,2026-03-27
8930,Kashvi Chaudhry,customer8930@example.com,7971709450,Jaipur,2026-03-26
8931,Mekhala Dhar,customer8931@example.com,6503374535,Mumbai,2025-11-10
8932,Ucchal Apte,customer8932@example.com,7551077199,Nagpur,2024-09-15
8933,Aradhana Gill,customer8933@example.com,9908487485,Nashik,2024-10-04
8934,Gaurangi Koshy,customer8934@example.com,6927545175,Ahmedabad,2023-02-02
8935,Yuvraj Rao,customer8935@example.com,8765556058,Kochi,2024-02-14
8936,Harita Garg,customer8936@example.com,8302137293,Nashik,2024-02-17
8937,Aarush Dey,customer8937@example.com,6717446215,Surat,2023-09-18
8938,Isaiah Sampath,customer8938@example.com,6538946181,Bengaluru,2023-12-01
8939,Yashvi Shah,customer8939@example.com,8669533356,Indore,2025-01-29
8940,Anya Varkey,customer8940@example.com,6106446400,Kolkata,2026-01-20
8941,Lohit Kata,customer8941@example.com,6817080978,Surat,2026-06-22
8942,Jhalak Kashyap,customer8942@example.com,8132430401,Hyderabad,2024-03-16
8943,Rehaan Butala,customer8943@example.com,7930681938,Nagpur,2026-06-27
8944,Nilima Pathak,customer8944@example.com,8326531628,Kochi,2025-07-15
8945,Wriddhish Narain,customer8945@example.com,8117022587,Nashik,2023-05-26
8946,Varsha Mukhopadhyay,customer8946@example.com,9206966442,Surat,2025-12-11
8947,Zehaan Purohit,customer8947@example.com,9130967138,Nagpur,2023-03-25
8948,Hemani Das,customer8948@example.com,8369791028,Chennai,2023-01-21
8949,Nicholas Bumb,customer8949@example.com,7133030536,Hyderabad,2026-01-15
8950,Champak Chakrabarti,customer8950@example.com,7236698992,Nagpur,2026-06-23
8951,Yash Gulati,customer8951@example.com,7739793962,Kolkata,2025-08-28
8952,Ganga Pillai,customer8952@example.com,7362644013,Chennai,2026-06-14
8953,Advik Kannan,customer8953@example.com,8358976252,Chandigarh,2023-08-08
8954,Sudiksha Chaudhry,customer8954@example.com,9128558292,Nagpur,2026-06-10
8955,Waida Bumb,customer8955@example.com,7120940298,Pune,2023-03-13
8956,Avi Handa,customer8956@example.com,9174985415,Nagpur,2023-10-26
8957,Hemani Roy,customer8957@example.com,8913878195,Mumbai,2023-10-02
8958,Dakshesh Mitter,customer8958@example.com,9570695727,Indore,2023-02-22
8959,Kai Kulkarni,customer8959@example.com,6742999192,Mumbai,2024-05-03
8960,Aayush Narayan,customer8960@example.com,7773497003,Chennai,2024-09-29
8961,Manya Kulkarni,customer8961@example.com,9679633489,Lucknow,2024-01-25
8962,Ekani Joshi,customer8962@example.com,6451664805,Surat,2025-04-27
8963,Sara Rajan,customer8963@example.com,6158684792,Lucknow,2025-12-23
8964,Jack Setty,customer8964@example.com,7508640005,Jaipur,2025-02-19
8965,Tanvi Shetty,customer8965@example.com,6644160589,Hyderabad,2025-05-11
8966,Darsh Andra,customer8966@example.com,7982047565,Kochi,2025-08-19
8967,Ati Kapur,customer8967@example.com,6764216949,Kochi,2023-11-16
8968,Ekta Sha,customer8968@example.com,6142944774,Nashik,2023-10-13
8969,Fariq Sodhi,customer8969@example.com,7212151699,Bengaluru,2025-07-30
8970,Chaitanya Kari,customer8970@example.com,9442181912,Kochi,2024-09-19
8971,Peter Lalla,customer8971@example.com,6438643226,Kochi,2024-09-18
8972,Siya Nath,customer8972@example.com,8885154732,Lucknow,2026-03-24
8973,Aishani Oak,customer8973@example.com,7614816815,Lucknow,2024-10-27
8974,Aadi Mittal,customer8974@example.com,7870442712,Bhopal,2023-12-07
8975,Caleb Mitter,customer8975@example.com,9946893595,Nashik,2025-03-29
8976,Teerth Dada,customer8976@example.com,9183670727,Hyderabad,2024-03-14
8977,Hemangini Ram,customer8977@example.com,9125059167,Chennai,2024-10-27
8978,Harita Mann,customer8978@example.com,9119477692,Ahmedabad,2024-09-06
8979,Veda Behl,customer8979@example.com,6635409488,Jaipur,2023-12-09
8980,Jagvi Mistry,customer8980@example.com,8427013056,Chandigarh,2023-10-28
8981,Odika Dalal,customer8981@example.com,7436864756,Surat,2025-12-30
8982,Hritik Behl,customer8982@example.com,8642063484,Chandigarh,2026-05-17
8983,Urvashi Ramanathan,customer8983@example.com,8964710984,Indore,2024-09-01
8984,Shivani Pathak,customer8984@example.com,8689967801,Chennai,2024-03-20
8985,Indali Sahota,customer8985@example.com,8964639006,Ahmedabad,2025-03-05
8986,Triya Doctor,customer8986@example.com,7546125381,Bhopal,2026-02-28
8987,Max Ganesan,customer8987@example.com,9904082149,Delhi,2023-10-13
8988,Shivansh Minhas,customer8988@example.com,6407695062,Ahmedabad,2024-07-08
8989,Amrita Bakshi,customer8989@example.com,7148570445,Delhi,2026-04-08
8990,Advaith Tripathi,customer8990@example.com,6177389160,Jaipur,2025-04-30
8991,Lajita Wadhwa,customer8991@example.com,7403970596,Indore,2025-01-31
8992,Omaja Apte,customer8992@example.com,6392383397,Surat,2023-10-21
8993,Ladli Gopal,customer8993@example.com,9472822443,Surat,2023-04-03
8994,Ekansh Kamdar,customer8994@example.com,7167971280,Chandigarh,2024-09-29
8995,Nimrat Soni,customer8995@example.com,7973919548,Chandigarh,2025-10-08
8996,Saanvi Sastry,customer8996@example.com,8219229513,Jaipur,2023-01-12
8997,Reva Prasad,customer8997@example.com,9320971891,Pune,2025-05-24
8998,Banjeet Jha,customer8998@example.com,8592788365,Kolkata,2024-07-08
8999,Maanas Puri,customer8999@example.com,9210518624,Indore,2025-05-14
9000,Watika Sidhu,customer9000@example.com,9939117603,Delhi,2024-05-28
9001,Sachi Boase,customer9001@example.com,8554592847,Hyderabad,2023-12-09
9002,Christopher Sarma,customer9002@example.com,9450962237,Ahmedabad,2023-01-24
9003,Ishita Dasgupta,customer9003@example.com,8634862710,Chennai,2025-02-13
9004,Oni Gera,customer9004@example.com,6795502239,Mumbai,2023-08-31
9005,Bachittar Ray,customer9005@example.com,7915110700,Mumbai,2023-04-13
9006,Bhavna Jaggi,customer9006@example.com,6624626853,Bengaluru,2024-07-29
9007,Vincent Hans,customer9007@example.com,8875055688,Nashik,2023-03-11
9008,Charles Dhar,customer9008@example.com,6513093942,Kolkata,2023-06-07
9009,Victor Krishnan,customer9009@example.com,6550519449,Lucknow,2024-04-30
9010,Ladli Bajaj,customer9010@example.com,6637991894,Chandigarh,2025-08-17
9011,Ayaan Purohit,customer9011@example.com,9501372184,Nagpur,2025-11-04
9012,Utkarsh Agate,customer9012@example.com,8211069473,Lucknow,2023-11-29
9013,Hemangini De,customer9013@example.com,8883392662,Lucknow,2024-07-23
9014,Harita Sarma,customer9014@example.com,7157450522,Surat,2026-03-14
9015,Ekantika Dey,customer9015@example.com,7366377603,Hyderabad,2025-12-25
9016,Gautam Deshpande,customer9016@example.com,7769646989,Delhi,2026-01-22
9017,Xavier Subramaniam,customer9017@example.com,8446005992,Ahmedabad,2023-09-24
9018,Bachittar Raja,customer9018@example.com,7363121928,Delhi,2024-05-10
9019,Zehaan Wali,customer9019@example.com,6942697871,Indore,2025-04-20
9020,Bhavna Wali,customer9020@example.com,6442648677,Nagpur,2023-10-29
9021,Harini Korpal,customer9021@example.com,8341784266,Chandigarh,2025-03-19
9022,Jackson Venkatesh,customer9022@example.com,9204674771,Indore,2025-09-25
9023,Aahana Ganesan,customer9023@example.com,6475294510,Hyderabad,2023-09-04
9024,Inaya Mukhopadhyay,customer9024@example.com,9879313964,Bhopal,2025-02-16
9025,Abeer Naik,customer9025@example.com,9803258072,Surat,2025-07-18
9026,Sachi Roy,customer9026@example.com,8765226491,Bengaluru,2025-03-01
9027,Kevin Patla,customer9027@example.com,7400172627,Surat,2023-06-24
9028,Ayushman Srinivasan,customer9028@example.com,6204832321,Lucknow,2025-04-27
9029,Sanya Ranganathan,customer9029@example.com,6201104741,Nashik,2025-08-21
9030,Pranit Basak,customer9030@example.com,6742011473,Jaipur,2024-12-05
9031,Kalpit Ganguly,customer9031@example.com,7286229843,Lucknow,2025-09-29
9032,Zaid Borde,customer9032@example.com,9710430974,Pune,2024-07-08
9033,Bakhshi Chander,customer9033@example.com,8954093907,Chennai,2024-09-12
9034,Nandini Sachdeva,customer9034@example.com,9544769268,Bengaluru,2023-08-15
9035,Karan Zacharia,customer9035@example.com,6975511764,Delhi,2023-01-20
9036,Veda Dutta,customer9036@example.com,8517159573,Lucknow,2025-07-29
9037,Samaksh Bose,customer9037@example.com,6718410793,Bengaluru,2023-10-31
9038,Nakul Mukherjee,customer9038@example.com,9280275084,Kolkata,2025-11-18
9039,Nilima Ghose,customer9039@example.com,7907510824,Lucknow,2025-06-27
9040,Urvi Ramanathan,customer9040@example.com,6835619316,Chandigarh,2025-08-05
9041,Charita Contractor,customer9041@example.com,9338834583,Indore,2025-02-04
9042,Abhiram Keer,customer9042@example.com,7391458538,Mumbai,2025-07-27
9043,Qadim Toor,customer9043@example.com,8561449847,Delhi,2026-06-16
9044,Urishilla Agrawal,customer9044@example.com,6697736897,Nashik,2026-01-07
9045,Ekiya Brar,customer9045@example.com,9321588399,Chandigarh,2025-06-02
9046,Praneel Vyas,customer9046@example.com,9352854061,Mumbai,2024-07-18
9047,Devika Nigam,customer9047@example.com,6633354675,Nashik,2024-09-24
9048,Mason Bail,customer9048@example.com,7667037351,Pune,2024-08-15
9049,Nathaniel Aggarwal,customer9049@example.com,6429468964,Chennai,2024-10-26
9050,Vrinda Patel,customer9050@example.com,9657457723,Lucknow,2024-05-31
9051,Jeevika Magar,customer9051@example.com,9242766106,Chennai,2026-04-10
9052,Mitali Majumdar,customer9052@example.com,9484766200,Bhopal,2023-02-24
9053,Laksh Bir,customer9053@example.com,7838236606,Delhi,2023-09-30
9054,Amruta Ravi,customer9054@example.com,6855428759,Ahmedabad,2024-07-28
9055,Karan Shukla,customer9055@example.com,8823873900,Mumbai,2025-10-14
9056,Andrew Chaudhari,customer9056@example.com,7404652640,Kolkata,2024-10-13
9057,Onveer Ravi,customer9057@example.com,9627304848,Delhi,2026-03-29
9058,Zayyan Majumdar,customer9058@example.com,6348219920,Bengaluru,2025-07-03
9059,Charan Karpe,customer9059@example.com,7805182155,Pune,2024-06-17
9060,Christopher Srivastava,customer9060@example.com,6762128571,Nashik,2025-07-29
9061,Brinda Gulati,customer9061@example.com,6595451681,Hyderabad,2023-01-29
9062,Agastya Pradhan,customer9062@example.com,7266268946,Pune,2023-05-20
9063,Lucky Khanna,customer9063@example.com,6121974603,Surat,2023-01-12
9064,Mitali Warrior,customer9064@example.com,9982082019,Ahmedabad,2023-09-16
9065,Pooja Bawa,customer9065@example.com,9208591327,Surat,2024-01-11
9066,Aashi Nayak,customer9066@example.com,8985412672,Mumbai,2025-01-05
9067,Mitesh Karnik,customer9067@example.com,6739972238,Delhi,2026-03-17
9068,Nandini Sunder,customer9068@example.com,6277490025,Hyderabad,2024-11-29
9069,Amrita Wali,customer9069@example.com,8324521361,Ahmedabad,2024-09-06
9070,Xiti Chaudhry,customer9070@example.com,7677593621,Chandigarh,2025-11-06
9071,Abhimanyu Chandran,customer9071@example.com,9489375295,Surat,2023-05-05
9072,Chaitanya Chhabra,customer9072@example.com,8744720097,Nashik,2024-11-05
9073,Watika Subramanian,customer9073@example.com,6524728517,Bengaluru,2024-10-28
9074,Ayaan Dayal,customer9074@example.com,7515371128,Hyderabad,2024-01-30
9075,Ethan De,customer9075@example.com,6617364943,Nagpur,2024-04-10
9076,Jagdish Dubey,customer9076@example.com,6534457207,Bengaluru,2023-03-15
9077,Jonathan Khanna,customer9077@example.com,6384795791,Ahmedabad,2025-11-03
9078,Manthan Sengupta,customer9078@example.com,7754606694,Kochi,2025-03-04
9079,Amruta Hora,customer9079@example.com,6139597832,Pune,2023-08-30
9080,Harini Tiwari,customer9080@example.com,9570374020,Ahmedabad,2025-12-28
9081,Harshil Oza,customer9081@example.com,9425896446,Bhopal,2023-02-25
9082,Ekantika Dash,customer9082@example.com,9825766096,Hyderabad,2023-01-05
9083,Pushti Kakar,customer9083@example.com,6118124181,Pune,2023-11-25
9084,Fiyaz Mandal,customer9084@example.com,8581518144,Nashik,2025-09-07
9085,Anirudh Shukla,customer9085@example.com,7278453203,Bhopal,2023-11-23
9086,Tripti Mittal,customer9086@example.com,9776809036,Nagpur,2026-03-23
9087,Dayita Goswami,customer9087@example.com,6752567681,Kochi,2024-05-09
9088,Unni Khanna,customer9088@example.com,6498578883,Nashik,2026-04-16
9089,Nathan Rajan,customer9089@example.com,8810517208,Chandigarh,2025-03-12
9090,Hiral Buch,customer9090@example.com,7805586322,Ahmedabad,2025-10-28
9091,Ekaraj Gokhale,customer9091@example.com,6109543093,Jaipur,2024-04-02
9092,Upma Sengupta,customer9092@example.com,8276075468,Hyderabad,2023-08-20
9093,Radha Shenoy,customer9093@example.com,9641124943,Lucknow,2024-05-21
9094,Onveer Kuruvilla,customer9094@example.com,6291998674,Hyderabad,2024-03-21
9095,Rayaan Mohan,customer9095@example.com,9577404918,Kochi,2024-07-20
9096,Hema Modi,customer9096@example.com,6879566741,Nagpur,2024-04-20
9097,Zilmil Tandon,customer9097@example.com,6630871266,Chandigarh,2023-10-22
9098,Krisha Pathak,customer9098@example.com,8794828187,Lucknow,2025-04-23
9099,Imaran Nazareth,customer9099@example.com,8886635665,Mumbai,2026-04-18
9100,Damyanti Kapoor,customer9100@example.com,9711169546,Bengaluru,2026-01-15
9101,Naksh Batta,customer9101@example.com,8154360404,Chandigarh,2025-12-23
9102,Anamika Walla,customer9102@example.com,6139498020,Delhi,2023-11-09
9103,Chaman Dass,customer9103@example.com,6398343823,Kochi,2024-11-20
9104,Urishilla Sahota,customer9104@example.com,8540856066,Surat,2024-02-03
9105,Azaan Bedi,customer9105@example.com,9309414454,Surat,2025-11-13
9106,Aditya Bhatti,customer9106@example.com,9383533039,Mumbai,2023-11-17
9107,Irya Subramanian,customer9107@example.com,7475703610,Pune,2024-02-18
9108,Vanya Sagar,customer9108@example.com,6722321031,Hyderabad,2023-02-22
9109,Bhavna Ganesh,customer9109@example.com,6499496209,Lucknow,2023-06-09
9110,Lavanya Devi,customer9110@example.com,8219187916,Bhopal,2024-08-02
9111,Jasmit Lal,customer9111@example.com,6943338683,Hyderabad,2023-10-13
9112,Bachittar Kant,customer9112@example.com,7528784265,Surat,2024-11-01
9113,Vihaan Bera,customer9113@example.com,8388368280,Nashik,2026-03-26
9114,Amrita Bhargava,customer9114@example.com,8512390180,Mumbai,2023-12-02
9115,Gaurangi Divan,customer9115@example.com,7996336901,Chennai,2023-11-10
9116,Wyatt Chopra,customer9116@example.com,7121390560,Surat,2024-04-17
9117,Triveni Gour,customer9117@example.com,9237920886,Lucknow,2025-11-22
9118,Meghana Mukhopadhyay,customer9118@example.com,7216471310,Jaipur,2025-09-24
9119,Aarna Swamy,customer9119@example.com,7918905893,Pune,2023-05-12
9120,Oviya Arya,customer9120@example.com,9690971158,Kolkata,2023-07-28
9121,Dominic Vig,customer9121@example.com,9663103028,Bhopal,2025-02-26
9122,Jeremiah Kapoor,customer9122@example.com,7496926776,Indore,2023-10-04
9123,Forum Wable,customer9123@example.com,7200668487,Chandigarh,2024-03-08
9124,Saumya Mohan,customer9124@example.com,9949224615,Surat,2023-11-13
9125,Nakul Yohannan,customer9125@example.com,6394455480,Chandigarh,2024-12-21
9126,Ekantika Sahni,customer9126@example.com,9679351240,Ahmedabad,2025-06-06
9127,Vasana Sood,customer9127@example.com,9125635352,Chennai,2024-07-29
9128,Ira Krish,customer9128@example.com,6138415515,Nagpur,2024-02-16
9129,Om Ganesan,customer9129@example.com,7204797073,Chennai,2024-06-16
9130,Nihal Mitra,customer9130@example.com,6804442894,Indore,2025-12-27
9131,Warinder Rau,customer9131@example.com,8685085638,Chennai,2026-04-07
9132,Advaith Basak,customer9132@example.com,8417519923,Chandigarh,2025-01-19
9133,Luke Babu,customer9133@example.com,7933694122,Indore,2023-09-12
9134,Christopher Sankaran,customer9134@example.com,8958644600,Ahmedabad,2025-09-16
9135,Sudiksha Ray,customer9135@example.com,7378248074,Delhi,2025-11-19
9136,Devika Mitra,customer9136@example.com,9400205487,Pune,2025-11-20
9137,Siya Thakur,customer9137@example.com,6476751294,Delhi,2026-03-25
9138,Zaid Nair,customer9138@example.com,9279106636,Nagpur,2026-04-14
9139,Abha Ben,customer9139@example.com,7567604818,Nashik,2025-04-12
9140,Patrick Kothari,customer9140@example.com,7753792038,Bhopal,2023-11-15
9141,Nandini Tailor,customer9141@example.com,8398747899,Kolkata,2025-11-06
9142,Darsh Sant,customer9142@example.com,8906765167,Mumbai,2024-05-31
9143,Januja Loyal,customer9143@example.com,9213359403,Bhopal,2025-11-13
9144,Ronith Mohan,customer9144@example.com,7997820887,Bhopal,2024-05-11
9145,Mugdha Bahl,customer9145@example.com,8912430305,Nagpur,2025-01-25
9146,Ekaja Kala,customer9146@example.com,9932276503,Chennai,2026-03-25
9147,Idika Ghosh,customer9147@example.com,7636276486,Indore,2025-03-17
9148,Tristan Natt,customer9148@example.com,6241124900,Bengaluru,2023-08-29
9149,Rudra Kothari,customer9149@example.com,8775211456,Nashik,2026-01-11
9150,Timothy Koshy,customer9150@example.com,6371438936,Bengaluru,2024-05-02
9151,Vasana Kaul,customer9151@example.com,6573475217,Bhopal,2025-08-12
9152,Harini Kothari,customer9152@example.com,9437427536,Kolkata,2025-10-23
9153,Chandresh Golla,customer9153@example.com,8878594370,Ahmedabad,2023-06-02
9154,Pallavi Mukherjee,customer9154@example.com,8439646665,Kolkata,2023-03-30
9155,Praneel Dua,customer9155@example.com,8623155794,Indore,2024-03-03
9156,Vamakshi Kulkarni,customer9156@example.com,9197448684,Hyderabad,2023-03-20
9157,Kavya Halder,customer9157@example.com,9896507205,Nagpur,2025-07-25
9158,Nakul Bhakta,customer9158@example.com,9350793358,Nagpur,2025-03-02
9159,Victor Palan,customer9159@example.com,9682924785,Pune,2025-09-29
9160,Ekiya Bora,customer9160@example.com,6742111864,Delhi,2023-12-11
9161,Chanakya Dass,customer9161@example.com,7746910464,Jaipur,2024-03-09
9162,Kevin Narain,customer9162@example.com,6226753369,Bengaluru,2024-05-30
9163,Ayush Sura,customer9163@example.com,8699160334,Pune,2025-10-11
9164,Jasmit Parikh,customer9164@example.com,8478197948,Jaipur,2023-12-31
9165,Wishi Bhagat,customer9165@example.com,7633900310,Indore,2023-12-30
9166,Charles Mahajan,customer9166@example.com,7693304223,Mumbai,2024-09-14
9167,Max Mistry,customer9167@example.com,6606445455,Chandigarh,2025-11-30
9168,Maya Mody,customer9168@example.com,6241401084,Pune,2023-12-31
9169,Farhan Dugar,customer9169@example.com,7953581390,Delhi,2023-06-01
9170,Kashish Chahal,customer9170@example.com,7729590454,Nagpur,2024-12-07
9171,Ekani Kaul,customer9171@example.com,6718841041,Lucknow,2023-05-30
9172,Vedika Varughese,customer9172@example.com,8923530093,Chennai,2026-03-05
9173,Gavin Krish,customer9173@example.com,7218051659,Chennai,2023-05-23
9174,Ansh Palla,customer9174@example.com,6220719177,Ahmedabad,2025-07-26
9175,Dayita Kumar,customer9175@example.com,7775769663,Lucknow,2023-10-26
9176,Upma Choudhary,customer9176@example.com,7690063673,Pune,2024-03-20
9177,Widisha Murthy,customer9177@example.com,6220838134,Bhopal,2023-06-26
9178,Watika Dara,customer9178@example.com,8544013218,Delhi,2024-10-27
9179,Rachana Kashyap,customer9179@example.com,7404715717,Delhi,2026-06-27
9180,Yutika Deep,customer9180@example.com,6524791849,Delhi,2025-04-25
9181,Nimrat Korpal,customer9181@example.com,9299957141,Jaipur,2025-11-18
9182,Qushi Dara,customer9182@example.com,7775105816,Pune,2026-01-14
9183,Krish Borde,customer9183@example.com,8277304450,Indore,2023-07-09
9184,Rachana Khanna,customer9184@example.com,7933775534,Mumbai,2025-04-30
9185,Karan Andra,customer9185@example.com,8446945441,Surat,2023-07-02
9186,Tara Sarin,customer9186@example.com,7956605277,Chandigarh,2025-11-12
9187,Dhriti Barman,customer9187@example.com,6956741539,Kolkata,2025-05-28
9188,Mitesh Bhakta,customer9188@example.com,8118626900,Nagpur,2024-06-01
9189,Lekha Tella,customer9189@example.com,7954952196,Mumbai,2024-06-25
9190,Osha Sehgal,customer9190@example.com,6879141930,Bhopal,2026-06-24
9191,Faras Mohan,customer9191@example.com,7188186596,Surat,2024-04-17
9192,Tanveer Sami,customer9192@example.com,9575577355,Kochi,2025-10-22
9193,Yashasvi Basak,customer9193@example.com,8522648053,Lucknow,2025-07-28
9194,Ikbal Basu,customer9194@example.com,8893723725,Lucknow,2025-09-12
9195,Bhavani Sahni,customer9195@example.com,6116742680,Kochi,2024-11-23
9196,Chandresh Kalita,customer9196@example.com,6488187386,Surat,2025-09-16
9197,Vedika Varghese,customer9197@example.com,7881715275,Kochi,2025-10-19
9198,Sarthak Barad,customer9198@example.com,8825482678,Bhopal,2025-02-09
9199,Mahika Contractor,customer9199@example.com,6358795213,Delhi,2023-06-10
9200,Xavier Virk,customer9200@example.com,9501794577,Jaipur,2025-09-14
9201,Nikita Trivedi,customer9201@example.com,7950831180,Ahmedabad,2023-08-22
9202,Indira Chakrabarti,customer9202@example.com,6531602076,Nashik,2024-12-11
9203,Osha Bath,customer9203@example.com,8457398905,Ahmedabad,2025-11-07
9204,Balendra Raj,customer9204@example.com,8669755417,Pune,2024-11-12
9205,Mugdha Yadav,customer9205@example.com,9212659561,Hyderabad,2023-05-31
9206,Lajita Srinivas,customer9206@example.com,7407741866,Indore,2024-12-20
9207,Bakhshi Arora,customer9207@example.com,9177412548,Mumbai,2024-02-10
9208,Nachiket Sura,customer9208@example.com,7361289702,Lucknow,2025-07-05
9209,Aarav Choudhury,customer9209@example.com,6621130350,Ahmedabad,2023-05-13
9210,Sara Dubey,customer9210@example.com,6536310866,Hyderabad,2025-04-04
9211,Tara Kade,customer9211@example.com,6577689177,Pune,2025-01-02
9212,Osha Mandal,customer9212@example.com,9321746561,Chennai,2023-03-10
9213,Unnati Varty,customer9213@example.com,6773844402,Bhopal,2023-11-21
9214,Ayush Walla,customer9214@example.com,8646546574,Delhi,2023-09-13
9215,Chandran Ratta,customer9215@example.com,6853744037,Bhopal,2024-08-06
9216,Zinal Prabhu,customer9216@example.com,9745463212,Kochi,2023-08-02
9217,Aadhya Pal,customer9217@example.com,8221551743,Delhi,2026-02-26
9218,Samarth Sabharwal,customer9218@example.com,8200367918,Delhi,2025-12-29
9219,Fariq Lad,customer9219@example.com,7130611432,Chennai,2024-08-09
9220,Vasana Lall,customer9220@example.com,9547125189,Nashik,2024-03-05
9221,Radhika Raghavan,customer9221@example.com,7919550410,Bhopal,2024-02-08
9222,Shivani Pradhan,customer9222@example.com,9492227161,Chennai,2024-12-06
9223,Geetika Swamy,customer9223@example.com,7236512791,Lucknow,2024-08-25
9224,Frado Sandal,customer9224@example.com,6871300636,Hyderabad,2026-01-17
9225,Irya Sankar,customer9225@example.com,8936477175,Nashik,2024-11-01
9226,Indali Pau,customer9226@example.com,6618010970,Hyderabad,2024-10-13
9227,Sarthak Mitter,customer9227@example.com,7401848390,Pune,2024-07-21
9228,Gaurav Thakur,customer9228@example.com,7591597340,Bengaluru,2026-04-03
9229,Reva Kadakia,customer9229@example.com,6211809381,Chennai,2023-03-21
9230,Amol Bali,customer9230@example.com,6832891759,Mumbai,2023-06-18
9231,Ikshita Wadhwa,customer9231@example.com,6870193285,Kochi,2024-01-14
9232,Priya Narula,customer9232@example.com,8181032821,Ahmedabad,2023-07-13
9233,Wriddhish Singh,customer9233@example.com,8910829076,Kolkata,2024-06-04
9234,Vasatika Khurana,customer9234@example.com,7160401153,Lucknow,2026-02-26
9235,Ryan Chaudhary,customer9235@example.com,7914677163,Hyderabad,2025-04-22
9236,Warhi Srivastava,customer9236@example.com,6199487270,Hyderabad,2026-01-16
9237,Naveen Sagar,customer9237@example.com,6397590572,Pune,2025-06-14
9238,Kamya Mandal,customer9238@example.com,6826759030,Surat,2024-09-04
9239,Mitesh Arora,customer9239@example.com,8105073031,Ahmedabad,2024-09-12
9240,Maanas Lala,customer9240@example.com,9263946464,Nashik,2023-11-26
9241,Lakshit Prasad,customer9241@example.com,7394099481,Ahmedabad,2025-11-28
9242,Geetika Nagi,customer9242@example.com,8979788481,Kolkata,2025-12-05
9243,Dalbir Oommen,customer9243@example.com,7755389420,Delhi,2023-10-05
9244,Azad Tripathi,customer9244@example.com,9451226093,Bhopal,2025-02-10
9245,Sathvik Tandon,customer9245@example.com,6788638152,Indore,2026-04-05
9246,Tara Khalsa,customer9246@example.com,7589702099,Ahmedabad,2025-01-15
9247,Krishna Mukherjee,customer9247@example.com,6412361046,Chandigarh,2026-03-23
9248,Gunbir Ramanathan,customer9248@example.com,6180007909,Nagpur,2024-12-03
9249,Agastya Jain,customer9249@example.com,9909963346,Surat,2024-11-24
9250,Yuvraj Vora,customer9250@example.com,8191365197,Kolkata,2024-08-16
9251,Daniel Bala,customer9251@example.com,9723206472,Bhopal,2024-07-19
9252,Fariq Manne,customer9252@example.com,8237112499,Nashik,2024-12-25
9253,Dhriti Dugar,customer9253@example.com,8904163217,Ahmedabad,2023-09-27
9254,Upkaar Badami,customer9254@example.com,9561297404,Lucknow,2026-04-21
9255,Arunima Cherian,customer9255@example.com,7356400208,Indore,2024-02-25
9256,Nitara Murthy,customer9256@example.com,6122949864,Lucknow,2025-06-04
9257,Odika Ram,customer9257@example.com,7983056523,Chennai,2024-08-07
9258,Yauvani Taneja,customer9258@example.com,7781630750,Hyderabad,2024-03-01
9259,Jagrati Chaudhry,customer9259@example.com,7193058228,Mumbai,2023-07-24
9260,Naksh Dhillon,customer9260@example.com,8633273481,Jaipur,2023-02-09
9261,Mohammed Sethi,customer9261@example.com,7616166273,Ahmedabad,2026-03-26
9262,Netra Bhalla,customer9262@example.com,9214879063,Bhopal,2026-01-10
9263,Noah Datta,customer9263@example.com,6612711000,Lucknow,2023-04-12
9264,Baljiwan Dayal,customer9264@example.com,7169223264,Delhi,2025-03-10
9265,Bhavini Barad,customer9265@example.com,7349377498,Mumbai,2023-02-24
9266,Lavanya Sidhu,customer9266@example.com,9779428543,Mumbai,2025-09-19
9267,Harsh Gour,customer9267@example.com,7113060969,Bengaluru,2025-07-13
9268,Farhan Pillay,customer9268@example.com,9710275467,Chennai,2026-06-12
9269,Adweta Chaudry,customer9269@example.com,9575019529,Bhopal,2025-04-14
9270,Yashica Arora,customer9270@example.com,9192054064,Nashik,2024-07-26
9271,Ekaraj Sachar,customer9271@example.com,7968164997,Chandigarh,2025-05-27
9272,Raagini Bassi,customer9272@example.com,8358371550,Kochi,2023-06-19
9273,Pranit Kalla,customer9273@example.com,7384378579,Nagpur,2025-12-01
9274,Vinaya Vyas,customer9274@example.com,8989175718,Jaipur,2023-02-18
9275,Anya Sunder,customer9275@example.com,9363378903,Bengaluru,2024-05-28
9276,Lakshmi Hari,customer9276@example.com,6995383769,Nashik,2026-05-18
9277,Fitan Narain,customer9277@example.com,7519925636,Hyderabad,2023-06-29
9278,Urvi Raman,customer9278@example.com,8248132198,Indore,2024-09-02
9279,Baghyawati Mitter,customer9279@example.com,8892976466,Bengaluru,2024-09-18
9280,Nachiket Aurora,customer9280@example.com,9904328046,Kolkata,2026-03-23
9281,Nathaniel Lad,customer9281@example.com,9195130905,Mumbai,2024-09-20
9282,Zayan Yadav,customer9282@example.com,7828064428,Chennai,2025-03-29
9283,Rayaan Bobal,customer9283@example.com,6784616222,Chennai,2026-02-23
9284,Triya Keer,customer9284@example.com,9981169452,Chandigarh,2024-01-02
9285,Faraj Mital,customer9285@example.com,8204358864,Indore,2026-04-27
9286,Benjamin Kara,customer9286@example.com,6233788901,Bhopal,2023-11-19
9287,Imaran Walia,customer9287@example.com,6421242358,Bengaluru,2024-07-09
9288,Michael Rai,customer9288@example.com,8601310935,Pune,2023-08-07
9289,Jairaj Lall,customer9289@example.com,7143696192,Chandigarh,2023-02-13
9290,Yuvraj Rege,customer9290@example.com,8616800196,Jaipur,2023-09-03
9291,Leela Chada,customer9291@example.com,8885900568,Nagpur,2023-06-07
9292,Aishani Sha,customer9292@example.com,8242079893,Surat,2025-04-04
9293,Yachana Dash,customer9293@example.com,8937554061,Jaipur,2024-04-23
9294,Jeremiah Murty,customer9294@example.com,6817200911,Lucknow,2024-01-22
9295,Luke Modi,customer9295@example.com,9442456124,Delhi,2025-06-05
9296,Nimrat Kakar,customer9296@example.com,8123226672,Pune,2025-08-09
9297,Dev Bath,customer9297@example.com,8932064899,Nagpur,2023-04-12
9298,Adweta Brar,customer9298@example.com,9785985285,Kochi,2026-05-16
9299,Girik Hora,customer9299@example.com,7284236530,Bhopal,2023-05-28
9300,Zaitra Chawla,customer9300@example.com,9190177693,Chennai,2023-06-04
9301,Hemang Muni,customer9301@example.com,8494107957,Nashik,2025-07-11
9302,Hema Chada,customer9302@example.com,6148124370,Bengaluru,2026-05-31
9303,Naksh Murty,customer9303@example.com,9398358613,Ahmedabad,2024-04-30
9304,Sai Agate,customer9304@example.com,7757340345,Nagpur,2025-06-23
9305,Devika Seshadri,customer9305@example.com,6247511082,Indore,2023-10-19
9306,Yadavi Patel,customer9306@example.com,8812940931,Nashik,2025-01-21
9307,Aarav Maharaj,customer9307@example.com,9723416204,Kochi,2026-02-21
9308,Libni Setty,customer9308@example.com,8867971685,Bengaluru,2023-05-04
9309,Chaman Thakur,customer9309@example.com,6623876210,Nagpur,2024-06-04
9310,Simon Biswas,customer9310@example.com,7288992839,Chandigarh,2025-04-12
9311,Rudra Cheema,customer9311@example.com,8425616216,Kochi,2024-03-02
9312,Irya Ramakrishnan,customer9312@example.com,7703700154,Kolkata,2026-01-23
9313,Divya Som,customer9313@example.com,8619322495,Chennai,2024-05-01
9314,Michael Shankar,customer9314@example.com,7301664042,Surat,2023-01-05
9315,Urmi Luthra,customer9315@example.com,7428178817,Nashik,2026-04-26
9316,Suhani Loyal,customer9316@example.com,6746935784,Indore,2024-06-16
9317,Tristan Kala,customer9317@example.com,6348164360,Nagpur,2025-05-04
9318,Alka Kuruvilla,customer9318@example.com,6809878201,Nagpur,2023-02-19
9319,Aarush Karpe,customer9319@example.com,9242521073,Nagpur,2023-02-05
9320,Hredhaan Karnik,customer9320@example.com,9128304533,Chennai,2026-04-07
9321,Bhavya Chakraborty,customer9321@example.com,6142754286,Nashik,2023-07-27
9322,Nidhi Mital,customer9322@example.com,9674036724,Chandigarh,2025-05-16
9323,Aayush Rajan,customer9323@example.com,6587935504,Bengaluru,2024-05-31
9324,Udarsh Ganesh,customer9324@example.com,7409124275,Indore,2023-03-31
9325,Shravya Panchal,customer9325@example.com,6859031439,Kolkata,2025-11-09
9326,Dhruv Bath,customer9326@example.com,9554757802,Pune,2023-01-07
9327,Vrinda Ranganathan,customer9327@example.com,7476135943,Mumbai,2023-10-23
9328,Gagan Bansal,customer9328@example.com,8973517908,Ahmedabad,2023-03-31
9329,Avi Walla,customer9329@example.com,6739539954,Jaipur,2024-05-02
9330,Gaurangi Merchant,customer9330@example.com,8570900854,Pune,2024-05-13
9331,Girindra Gandhi,customer9331@example.com,8845113947,Ahmedabad,2025-12-06
9332,Upkaar Randhawa,customer9332@example.com,6613463690,Ahmedabad,2024-06-22
9333,Lipika Mani,customer9333@example.com,7614797539,Bhopal,2024-06-13
9334,Darsh Mand,customer9334@example.com,7601341203,Mumbai,2023-06-05
9335,Bina Verma,customer9335@example.com,6295465660,Jaipur,2025-01-25
9336,Ucchal Mital,customer9336@example.com,9711493683,Kochi,2023-05-02
9337,Zilmil Magar,customer9337@example.com,6369471526,Kochi,2024-11-01
9338,Zansi Boase,customer9338@example.com,9148150998,Indore,2023-05-21
9339,Advik Koshy,customer9339@example.com,7858407461,Delhi,2023-05-23
9340,Hredhaan Bakshi,customer9340@example.com,6627874960,Mumbai,2024-02-26
9341,Tamanna Sidhu,customer9341@example.com,9513174552,Pune,2026-02-04
9342,Ekbal Saxena,customer9342@example.com,6117815462,Chennai,2024-06-14
9343,Tristan Srivastava,customer9343@example.com,7502450793,Delhi,2023-01-04
9344,Dayita Hora,customer9344@example.com,8193637487,Kochi,2025-06-24
9345,Balhaar Sawhney,customer9345@example.com,9538983379,Mumbai,2023-12-12
9346,Indrajit Borah,customer9346@example.com,6342405839,Nagpur,2024-07-17
9347,Hredhaan Sampath,customer9347@example.com,8680119160,Bengaluru,2025-10-31
9348,Balhaar Mall,customer9348@example.com,6167167561,Bhopal,2023-11-29
9349,Onkar Chander,customer9349@example.com,8764995448,Chennai,2025-12-23
9350,Bhavini Memon,customer9350@example.com,6399794067,Mumbai,2026-06-01
9351,Ishanvi Natt,customer9351@example.com,7359169977,Nagpur,2024-06-25
9352,Sara Mammen,customer9352@example.com,7347461262,Mumbai,2025-02-05
9353,Vincent Kaul,customer9353@example.com,7604677778,Mumbai,2024-12-07
9354,Niharika Oommen,customer9354@example.com,6571935161,Pune,2026-01-17
9355,Neel Karnik,customer9355@example.com,6548972813,Bhopal,2025-06-13
9356,Varsha Bala,customer9356@example.com,9539457857,Bengaluru,2023-01-02
9357,Vivaan Parsa,customer9357@example.com,7925990375,Lucknow,2023-09-03
9358,Aarav Bhakta,customer9358@example.com,9162143142,Mumbai,2024-03-11
9359,Pranit Rajagopalan,customer9359@example.com,9403548317,Chennai,2024-01-18
9360,Ijaya Kala,customer9360@example.com,8470343365,Nagpur,2024-04-14
9361,Isaac Sridhar,customer9361@example.com,6616156658,Nagpur,2023-01-26
9362,Warinder Chawla,customer9362@example.com,9635675653,Delhi,2025-04-14
9363,Tarak Mitter,customer9363@example.com,7859217765,Nagpur,2025-10-05
9364,Mohammed Mahajan,customer9364@example.com,8815536068,Ahmedabad,2025-12-08
9365,Max Hayre,customer9365@example.com,7493910570,Bengaluru,2026-06-30
9366,Krisha Narayan,customer9366@example.com,6146889301,Hyderabad,2025-01-03
9367,Mitesh Srinivas,customer9367@example.com,8595500322,Nagpur,2025-08-31
9368,Sudiksha Chanda,customer9368@example.com,9700051059,Hyderabad,2025-07-05
9369,Farhan Khurana,customer9369@example.com,8447850727,Nagpur,2023-11-10
9370,Sai Dash,customer9370@example.com,6943708860,Jaipur,2024-08-19
9371,Madhavi Sarraf,customer9371@example.com,8255779236,Mumbai,2026-05-15
9372,Qushi Ahuja,customer9372@example.com,8751314139,Nagpur,2024-02-24
9373,Januja Chaudhuri,customer9373@example.com,7382964086,Hyderabad,2024-04-26
9374,Veer Nagarajan,customer9374@example.com,6944206577,Jaipur,2026-05-23
9375,Jeremiah Dani,customer9375@example.com,7544031567,Kolkata,2024-06-20
9376,Lipika Deshpande,customer9376@example.com,9493222401,Pune,2024-03-17
9377,Aryan Ramaswamy,customer9377@example.com,7811084045,Chennai,2023-04-23
9378,Kamala Lall,customer9378@example.com,8411621034,Indore,2025-06-29
9379,Chasmum Rattan,customer9379@example.com,7221437029,Ahmedabad,2026-01-25
9380,Sara Aurora,customer9380@example.com,9695235773,Indore,2023-07-08
9381,Chaman Narang,customer9381@example.com,8722822504,Kolkata,2025-06-16
9382,Vedika Ahluwalia,customer9382@example.com,6447227808,Jaipur,2024-01-16
9383,Wazir Krishna,customer9383@example.com,7454947196,Chandigarh,2023-05-13
9384,Vaishnavi Chaudhary,customer9384@example.com,8215552462,Surat,2025-10-31
9385,Mitali Dora,customer9385@example.com,6508154407,Chandigarh,2026-05-30
9386,Ekanta Date,customer9386@example.com,7118619158,Bhopal,2024-02-06
9387,Forum Bajwa,customer9387@example.com,9591663927,Chennai,2025-11-25
9388,Lopa Bera,customer9388@example.com,7557417713,Indore,2026-04-05
9389,Chanakya Buch,customer9389@example.com,6207479805,Bengaluru,2026-05-19
9390,Christopher Chacko,customer9390@example.com,6708662333,Nashik,2024-05-01
9391,Panini Borah,customer9391@example.com,7545933943,Nashik,2025-03-01
9392,Ekavir Sharaf,customer9392@example.com,7675253728,Chandigarh,2023-08-19
9393,Aarna Krishnan,customer9393@example.com,9659817807,Mumbai,2024-04-19
9394,Liam Chahal,customer9394@example.com,7478661976,Jaipur,2026-05-18
9395,Aarav Batta,customer9395@example.com,9138430386,Bhopal,2023-08-14
9396,Reyansh Wali,customer9396@example.com,6581402344,Bengaluru,2023-02-23
9397,Keya Behl,customer9397@example.com,7164592408,Nagpur,2025-04-24
9398,Vanya Datta,customer9398@example.com,9938347375,Delhi,2024-08-01
9399,Tejas Borah,customer9399@example.com,7351226991,Lucknow,2025-04-20
9400,Aishani Lala,customer9400@example.com,6430336526,Hyderabad,2026-03-06
9401,Wakeeta Shukla,customer9401@example.com,8761566733,Bengaluru,2024-03-16
9402,Nitara Patil,customer9402@example.com,8198512528,Bengaluru,2024-05-01
9403,Oni Boase,customer9403@example.com,9923994386,Jaipur,2025-09-12
9404,Jonathan Bora,customer9404@example.com,7973220518,Ahmedabad,2024-02-29
9405,Logan Bail,customer9405@example.com,9239276253,Chennai,2025-04-23
9406,Tanay Bumb,customer9406@example.com,7642196886,Bhopal,2023-03-07
9407,Bhavna Dara,customer9407@example.com,9261317098,Hyderabad,2025-06-20
9408,Leena Bhatnagar,customer9408@example.com,7454456584,Nashik,2024-11-05
9409,Ayush Dugal,customer9409@example.com,9218980834,Nagpur,2025-07-15
9410,Odika Lala,customer9410@example.com,7929625581,Bengaluru,2023-01-17
9411,Rajata Khare,customer9411@example.com,7234203212,Surat,2024-10-30
9412,Yashawini Gulati,customer9412@example.com,8119995567,Kolkata,2023-02-19
9413,Dominic Sachdev,customer9413@example.com,7470975107,Chennai,2026-06-23
9414,Radha Mahal,customer9414@example.com,7722866770,Jaipur,2026-05-19
9415,Yagnesh Din,customer9415@example.com,7325580670,Surat,2023-07-03
9416,Ekansh Kari,customer9416@example.com,9810093743,Ahmedabad,2025-10-04
9417,Hemal Dey,customer9417@example.com,6806028407,Jaipur,2023-11-10
9418,Neelima Sha,customer9418@example.com,8579125427,Delhi,2023-09-04
9419,Parth Rai,customer9419@example.com,6197036427,Pune,2025-10-12
9420,Triya Lad,customer9420@example.com,6302458825,Indore,2023-10-31
9421,Noah Grewal,customer9421@example.com,6276858458,Jaipur,2023-05-05
9422,Qasim Sachdeva,customer9422@example.com,7486681071,Bengaluru,2024-02-11
9423,Aarna Mitra,customer9423@example.com,8407160246,Ahmedabad,2026-05-21
9424,Yuvraj Sanghvi,customer9424@example.com,9698550247,Surat,2024-05-19
9425,Yashica Chowdhury,customer9425@example.com,7760959281,Hyderabad,2025-02-13
9426,Falan More,customer9426@example.com,8543574282,Nagpur,2025-08-15
9427,Timothy Batra,customer9427@example.com,7771179724,Bengaluru,2026-02-09
9428,Aarini Bajwa,customer9428@example.com,8492766281,Kochi,2026-04-05
9429,Ekani Tata,customer9429@example.com,8707894057,Nagpur,2024-12-17
9430,Frederick Nath,customer9430@example.com,8674183011,Chandigarh,2023-10-12
9431,Ijaya Bhalla,customer9431@example.com,9503124648,Bengaluru,2024-01-23
9432,Ojas Subramaniam,customer9432@example.com,9439630520,Nagpur,2025-10-26
9433,Charles Garg,customer9433@example.com,7943839326,Indore,2023-12-22
9434,Guneet Doshi,customer9434@example.com,9821286956,Mumbai,2023-09-25
9435,Amaira Ramakrishnan,customer9435@example.com,7115317703,Chandigarh,2025-05-27
9436,Upadhriti Ganguly,customer9436@example.com,9126502000,Mumbai,2023-01-13
9437,Nitara Gokhale,customer9437@example.com,7429692770,Chandigarh,2025-04-18
9438,Megha Bajaj,customer9438@example.com,9136588975,Indore,2025-01-01
9439,Madhav Gupta,customer9439@example.com,7146565403,Kochi,2023-03-06
9440,Yashoda Mishra,customer9440@example.com,6461675500,Chennai,2023-08-25
9441,Abeer Gill,customer9441@example.com,6458203254,Bengaluru,2023-09-03
9442,Hemangini Suri,customer9442@example.com,6751999459,Bengaluru,2023-09-23
9443,Utkarsh Shah,customer9443@example.com,8175739523,Jaipur,2023-08-28
9444,Jagrati Suresh,customer9444@example.com,8385250211,Ahmedabad,2024-01-13
9445,Hiral Bir,customer9445@example.com,9836695972,Nashik,2024-10-10
9446,Aachal Seth,customer9446@example.com,7763069977,Ahmedabad,2025-03-19
9447,Frederick Borah,customer9447@example.com,9582302171,Mumbai,2024-01-07
9448,Varenya Kalita,customer9448@example.com,9485563699,Hyderabad,2026-04-11
9449,Tamanna Arora,customer9449@example.com,9199783879,Nagpur,2023-04-04
9450,Pavani Divan,customer9450@example.com,8721366516,Kochi,2024-09-03
9451,Maya Sheth,customer9451@example.com,7489444645,Surat,2025-08-05
9452,Hemang Chauhan,customer9452@example.com,8694936453,Kolkata,2023-10-29
9453,Janya Manne,customer9453@example.com,8232202585,Lucknow,2024-06-08
9454,Samesh Johal,customer9454@example.com,8439033149,Mumbai,2024-01-03
9455,Akshay Basak,customer9455@example.com,9278263144,Kolkata,2023-11-15
9456,Mitali Krish,customer9456@example.com,8827109714,Lucknow,2026-06-16
9457,Yashoda Dhingra,customer9457@example.com,6983005387,Jaipur,2026-05-28
9458,Zayyan Dewan,customer9458@example.com,7282322041,Kolkata,2024-08-08
9459,Udant Garg,customer9459@example.com,8464787573,Mumbai,2024-07-27
9460,Balveer Sodhi,customer9460@example.com,9429828534,Surat,2023-03-06
9461,Fiyaz Garg,customer9461@example.com,9375700943,Delhi,2025-12-25
9462,Victor Sane,customer9462@example.com,6599597923,Indore,2023-02-23
9463,Bina Palla,customer9463@example.com,8368953011,Indore,2025-08-16
9464,Qarin Agate,customer9464@example.com,6544736011,Delhi,2024-11-24
9465,Kiaan Ahuja,customer9465@example.com,7390325503,Kolkata,2024-02-08
9466,Saumya Bajaj,customer9466@example.com,8688557071,Lucknow,2023-11-18
9467,Lakshit Singhal,customer9467@example.com,9324719027,Kolkata,2025-05-05
9468,Ekaraj Sarkar,customer9468@example.com,7405788584,Hyderabad,2024-01-15
9469,Vrishti Sani,customer9469@example.com,8860727164,Hyderabad,2024-03-25
9470,Meghana Narain,customer9470@example.com,9417760665,Nagpur,2023-05-11
9471,Naksh Narang,customer9471@example.com,7333658234,Pune,2023-11-26
9472,Garima Chand,customer9472@example.com,9237919103,Indore,2023-02-22
9473,Andrew Patla,customer9473@example.com,9602763257,Lucknow,2024-02-17
9474,Bachittar Varghese,customer9474@example.com,6855741186,Bengaluru,2024-01-03
9475,Chavvi Yogi,customer9475@example.com,6800657408,Bengaluru,2024-04-25
9476,Kabir Dave,customer9476@example.com,9685773573,Delhi,2026-06-17
9477,Oscar Johal,customer9477@example.com,7365896116,Bhopal,2023-11-01
9478,Agastya Kadakia,customer9478@example.com,6193736999,Indore,2023-01-30
9479,Advaith Seth,customer9479@example.com,8402705371,Chandigarh,2023-07-06
9480,Kai Khosla,customer9480@example.com,8627127470,Bengaluru,2025-06-10
9481,Balvan Dube,customer9481@example.com,7697305078,Chandigarh,2025-12-02
9482,Aarnav Gupta,customer9482@example.com,6421492529,Jaipur,2024-11-15
9483,Lucky Maharaj,customer9483@example.com,7758768410,Hyderabad,2023-06-29
9484,Tanmayi Narayanan,customer9484@example.com,9461945365,Pune,2024-01-11
9485,Ishwar Saran,customer9485@example.com,9443492732,Kochi,2023-09-06
9486,Ayushman Choudhury,customer9486@example.com,8850068211,Surat,2023-07-31
9487,Meghana Kant,customer9487@example.com,6957300148,Ahmedabad,2025-03-21
9488,Pahal Sandhu,customer9488@example.com,8689598369,Bengaluru,2026-04-25
9489,Urishilla Mody,customer9489@example.com,6683060456,Bhopal,2026-03-03
9490,Yuvraj Jhaveri,customer9490@example.com,8847817846,Chennai,2025-04-03
9491,Aachal Prakash,customer9491@example.com,8656075837,Bhopal,2023-09-26
9492,Zayyan Bhatt,customer9492@example.com,7786934090,Chennai,2026-02-21
9493,Lopa Chaudhary,customer9493@example.com,9462656011,Nagpur,2024-05-14
9494,Mahika Lalla,customer9494@example.com,8686857925,Bhopal,2025-09-13
9495,Aayush Balasubramanian,customer9495@example.com,9532340718,Ahmedabad,2024-12-23
9496,Bina Narula,customer9496@example.com,7970104780,Bengaluru,2023-07-09
9497,Harish Narayan,customer9497@example.com,9985383323,Mumbai,2024-07-19
9498,Vrishti Ray,customer9498@example.com,6861718852,Mumbai,2024-11-03
9499,Luke Sachar,customer9499@example.com,6437097295,Surat,2024-01-08
9500,Zaitra Aggarwal,customer9500@example.com,7635899900,Ahmedabad,2025-01-01
9501,Chakrika Char,customer9501@example.com,8913816432,Bengaluru,2025-10-05
9502,Jagrati Ahuja,customer9502@example.com,7862219887,Chandigarh,2023-09-09
9503,Andrew Reddy,customer9503@example.com,8163810540,Bhopal,2025-05-15
9504,Hardik Hayer,customer9504@example.com,8616830923,Mumbai,2026-01-28
9505,Forum Gaba,customer9505@example.com,8940274319,Jaipur,2026-03-18
9506,Kashish Dutta,customer9506@example.com,7928397756,Lucknow,2023-03-09
9507,Nicholas Deol,customer9507@example.com,7246549435,Pune,2023-01-20
9508,Ekta Thakur,customer9508@example.com,8854174192,Kolkata,2024-10-16
9509,Tamanna Saxena,customer9509@example.com,6753240507,Chandigarh,2023-06-01
9510,Wahab Palla,customer9510@example.com,9883393968,Kochi,2024-04-08
9511,Dakshesh Mohan,customer9511@example.com,7457516289,Pune,2025-05-30
9512,Nidhi Ghosh,customer9512@example.com,6157193467,Bhopal,2023-11-13
9513,Rushil Patla,customer9513@example.com,6445392353,Nashik,2024-01-03
9514,Hredhaan Chahal,customer9514@example.com,7431266075,Indore,2025-07-24
9515,Forum Dutt,customer9515@example.com,7811180877,Indore,2023-05-22
9516,Ekaja Toor,customer9516@example.com,9762664552,Indore,2024-04-17
9517,Pratyush Sheth,customer9517@example.com,9273849327,Ahmedabad,2024-03-20
9518,Peter Ratti,customer9518@example.com,6600732488,Bhopal,2023-09-20
9519,Timothy Butala,customer9519@example.com,9899904715,Chennai,2025-12-27
9520,Anya Wali,customer9520@example.com,8674516667,Pune,2023-02-16
9521,Wazir Bahri,customer9521@example.com,8196239898,Pune,2024-02-07
9522,Jagrati Walla,customer9522@example.com,8983165869,Mumbai,2023-04-03
9523,Urishilla Dalal,customer9523@example.com,8459868140,Nashik,2023-11-06
9524,Ekansh More,customer9524@example.com,9384015955,Nashik,2023-01-07
9525,Pranav Kannan,customer9525@example.com,6887442558,Nashik,2026-03-22
9526,Falguni Merchant,customer9526@example.com,7888164417,Bengaluru,2024-10-28
9527,Pratyush Bath,customer9527@example.com,8572810830,Jaipur,2024-09-24
9528,Ira Ray,customer9528@example.com,7140256025,Chandigarh,2026-04-19
9529,Ekani Saxena,customer9529@example.com,7897330943,Pune,2024-04-25
9530,Gaurang Chhabra,customer9530@example.com,6526588040,Bhopal,2025-08-02
9531,Saumya Kapoor,customer9531@example.com,9621254570,Bhopal,2024-07-31
9532,Dalaja Narula,customer9532@example.com,8536370698,Lucknow,2025-04-30
9533,Nisha Dhar,customer9533@example.com,7348171176,Pune,2024-10-27
9534,Zashil Nair,customer9534@example.com,9764480790,Bengaluru,2026-05-22
9535,Gagan Ramachandran,customer9535@example.com,7719037290,Pune,2023-03-20
9536,Ishanvi Wali,customer9536@example.com,8444984807,Kolkata,2023-11-01
9537,Balvan Chopra,customer9537@example.com,6165693878,Delhi,2024-07-07
9538,Oliver Golla,customer9538@example.com,6782883644,Jaipur,2024-08-29
9539,Samesh Jaggi,customer9539@example.com,6297936571,Hyderabad,2026-05-16
9540,Keya Bhat,customer9540@example.com,7277556106,Nagpur,2025-02-12
9541,Yoshita Hayre,customer9541@example.com,8226851949,Bhopal,2025-03-02
9542,Tara Sant,customer9542@example.com,8805917058,Kochi,2025-11-08
9543,Kalpit Tripathi,customer9543@example.com,6619640187,Nagpur,2025-01-12
9544,Abhimanyu Tandon,customer9544@example.com,6594676322,Ahmedabad,2025-07-31
9545,Madhavi Cherian,customer9545@example.com,6317806651,Ahmedabad,2023-04-10
9546,Yatin Srinivas,customer9546@example.com,6519329221,Nashik,2025-05-31
9547,Unnati Cheema,customer9547@example.com,7346581194,Kochi,2023-04-22
9548,Meera Bava,customer9548@example.com,6938111204,Kolkata,2023-08-10
9549,Siddharth Verma,customer9549@example.com,8832007799,Lucknow,2023-04-28
9550,Zilmil Pandit,customer9550@example.com,9618137852,Surat,2023-11-15
9551,Yochana Pau,customer9551@example.com,9240478878,Jaipur,2026-01-06
9552,Yauvani Cheema,customer9552@example.com,6566237932,Mumbai,2025-10-24
9553,Wahab Sibal,customer9553@example.com,6149181018,Mumbai,2023-01-06
9554,Xavier Behl,customer9554@example.com,8375648962,Kochi,2024-06-17
9555,Aayush Singhal,customer9555@example.com,9443110585,Pune,2026-03-14
9556,Watika Mane,customer9556@example.com,9199583141,Bhopal,2023-08-02
9557,Aradhana Munshi,customer9557@example.com,6490593018,Surat,2024-01-08
9558,Zayyan Mukherjee,customer9558@example.com,9334742048,Surat,2025-09-09
9559,Imaran Bassi,customer9559@example.com,7503668124,Chennai,2024-09-01
9560,Neha Garde,customer9560@example.com,7781542956,Nashik,2025-11-21
9561,Krishna Rajan,customer9561@example.com,9228477798,Indore,2025-11-10
9562,Bhavani Kata,customer9562@example.com,8716590327,Kolkata,2023-10-03
9563,Siya Pant,customer9563@example.com,6536420884,Nashik,2026-02-27
9564,Mahika Balasubramanian,customer9564@example.com,9369854924,Surat,2025-03-10
9565,Zaid Om,customer9565@example.com,6644846778,Indore,2023-04-13
9566,Zaitra Narayan,customer9566@example.com,8498213426,Delhi,2023-12-26
9567,Turvi Sanghvi,customer9567@example.com,7855767341,Ahmedabad,2025-06-02
9568,Yashawini Murthy,customer9568@example.com,9251952552,Chennai,2023-07-13
9569,Yashica Kapoor,customer9569@example.com,8956242414,Bhopal,2026-02-19
9570,Forum Saha,customer9570@example.com,6858387759,Indore,2024-07-19
9571,Kritika Sood,customer9571@example.com,9811348731,Chennai,2025-01-05
9572,Tejas Mohan,customer9572@example.com,6439829526,Bhopal,2023-06-04
9573,Vrinda Kade,customer9573@example.com,6252803778,Lucknow,2026-05-10
9574,Saanvi Chaudhari,customer9574@example.com,7715416264,Chandigarh,2024-07-30
9575,Udyati Rama,customer9575@example.com,7434793766,Mumbai,2026-04-16
9576,Reyansh Mutti,customer9576@example.com,6243745373,Nashik,2025-03-22
9577,Aarnav Swamy,customer9577@example.com,9227923579,Bengaluru,2024-10-06
9578,Lipika Dugar,customer9578@example.com,9202170864,Ahmedabad,2023-04-19
9579,Rayaan Hora,customer9579@example.com,7812009721,Bhopal,2024-08-13
9580,Barkha Arya,customer9580@example.com,8642037926,Hyderabad,2024-07-31
9581,Ranbir Rege,customer9581@example.com,8522965343,Pune,2023-04-15
9582,Kalpit Nath,customer9582@example.com,9933429139,Bhopal,2023-02-15
9583,Rachit Kapur,customer9583@example.com,6290080488,Surat,2024-10-05
9584,Lakshit Ramaswamy,customer9584@example.com,6490176052,Nagpur,2025-05-25
9585,Rohan Dutt,customer9585@example.com,6159217739,Kolkata,2024-08-21
9586,Wazir Murthy,customer9586@example.com,8692593578,Ahmedabad,2023-05-15
9587,Jagat Mane,customer9587@example.com,7273936122,Kolkata,2023-05-04
9588,Nachiket Lala,customer9588@example.com,6304727740,Surat,2024-07-24
9589,Raghav Dey,customer9589@example.com,9728480175,Kolkata,2025-03-08
9590,Yatan Loyal,customer9590@example.com,8193988325,Hyderabad,2024-01-15
9591,Vidhi Borde,customer9591@example.com,6328078952,Kolkata,2025-02-02
9592,Panini Narayan,customer9592@example.com,6880405969,Kochi,2023-06-22
9593,Xavier Parikh,customer9593@example.com,8239713808,Indore,2024-09-10
9594,Jhalak Padmanabhan,customer9594@example.com,6522526615,Kolkata,2024-07-09
9595,Benjamin Dixit,customer9595@example.com,9350405482,Nagpur,2023-08-03
9596,Banjeet Roy,customer9596@example.com,6461510209,Pune,2025-10-04
9597,Upma Krishnamurthy,customer9597@example.com,8301377703,Lucknow,2025-04-16
9598,Robert Sahota,customer9598@example.com,7192143604,Jaipur,2024-01-25
9599,Alka Patel,customer9599@example.com,8546166987,Ahmedabad,2025-07-01
9600,Upma Ramanathan,customer9600@example.com,7755503533,Nashik,2023-06-22
9601,Nathaniel Chokshi,customer9601@example.com,8589444414,Mumbai,2025-08-16
9602,Girik Divan,customer9602@example.com,6207155987,Kochi,2025-06-11
9603,Akshay Sahota,customer9603@example.com,9794864437,Chandigarh,2025-08-09
9604,Ayushman Sarma,customer9604@example.com,9493934565,Chandigarh,2024-09-05
9605,Harshil Dube,customer9605@example.com,8466480330,Mumbai,2025-03-25
9606,Mason Khalsa,customer9606@example.com,7640886788,Ahmedabad,2024-11-03
9607,Janya Raju,customer9607@example.com,6730425479,Bhopal,2026-04-11
9608,Bhanumati Saini,customer9608@example.com,8949321213,Kochi,2023-08-31
9609,Yuvraj Agrawal,customer9609@example.com,7286543159,Bengaluru,2026-01-10
9610,Kamala Pingle,customer9610@example.com,7272128635,Kochi,2023-09-18
9611,Harini Natarajan,customer9611@example.com,6206960892,Chandigarh,2023-04-06
9612,Jonathan Reddy,customer9612@example.com,7524957052,Kolkata,2025-04-08
9613,Gaurangi Sangha,customer9613@example.com,8768026437,Bengaluru,2024-09-11
9614,Xalak Tara,customer9614@example.com,9140677090,Bhopal,2024-07-03
9615,Devika Kalita,customer9615@example.com,8160135796,Ahmedabad,2024-12-09
9616,Laksh Sura,customer9616@example.com,8387316317,Chandigarh,2023-08-10
9617,Rehaan Bhatia,customer9617@example.com,7398717205,Chandigarh,2023-01-31
9618,Nirja Banik,customer9618@example.com,6612145547,Ahmedabad,2025-01-23
9619,Zinal Gokhale,customer9619@example.com,6134673689,Surat,2025-08-22
9620,Mugdha Purohit,customer9620@example.com,9642097773,Indore,2024-06-17
9621,Panini Badal,customer9621@example.com,8182885897,Jaipur,2026-01-20
9622,Qarin Doctor,customer9622@example.com,7129636340,Nagpur,2024-05-13
9623,Sachi Prasad,customer9623@example.com,8323652285,Ahmedabad,2026-06-05
9624,Arin Rattan,customer9624@example.com,6231268698,Bengaluru,2024-06-01
9625,Tanvi Barad,customer9625@example.com,7854805496,Hyderabad,2026-02-23
9626,Turvi Bajwa,customer9626@example.com,9449405781,Kolkata,2024-01-22
9627,Harini Chokshi,customer9627@example.com,6906772162,Delhi,2025-06-26
9628,Balvan Bhalla,customer9628@example.com,7699276544,Kochi,2026-04-02
9629,Sathvik Krishnan,customer9629@example.com,9219926626,Delhi,2026-02-17
9630,Bachittar Shankar,customer9630@example.com,8398128710,Kochi,2024-04-06
9631,Vamakshi Gade,customer9631@example.com,9586753566,Nashik,2024-04-18
9632,Lavanya Gopal,customer9632@example.com,6434958552,Hyderabad,2025-11-13
9633,Rishi Khanna,customer9633@example.com,7858575977,Nagpur,2025-12-22
9634,Elijah Dugar,customer9634@example.com,9411756408,Surat,2025-08-18
9635,Manan Chowdhury,customer9635@example.com,8331937817,Chandigarh,2025-06-26
9636,Geetika Kapur,customer9636@example.com,6717100281,Indore,2024-08-14
9637,Varsha Chada,customer9637@example.com,6862312252,Nagpur,2024-03-15
9638,Oscar Sahni,customer9638@example.com,9278258659,Indore,2025-01-01
9639,Christopher Dass,customer9639@example.com,7628403031,Kolkata,2024-01-13
9640,Yasti Kaul,customer9640@example.com,8894459664,Hyderabad,2023-01-23
9641,Sai Mammen,customer9641@example.com,7237226226,Delhi,2024-04-20
9642,Sudiksha Bhagat,customer9642@example.com,7858452345,Pune,2023-10-12
9643,Bhavika Naik,customer9643@example.com,7136195676,Bhopal,2026-02-09
9644,Sai Ganesan,customer9644@example.com,9341376970,Pune,2024-05-25
9645,David Ratta,customer9645@example.com,6269869099,Kochi,2025-03-09
9646,Matthew Dutt,customer9646@example.com,7887464116,Pune,2025-08-09
9647,Fariq Ganesh,customer9647@example.com,7882031661,Kochi,2025-08-29
9648,Chatresh Manne,customer9648@example.com,9360003480,Surat,2023-02-23
9649,Ojasvi Saini,customer9649@example.com,6332484053,Ahmedabad,2025-12-16
9650,Yahvi Naik,customer9650@example.com,6950544948,Indore,2025-11-17
9651,Anika Swaminathan,customer9651@example.com,8527598832,Indore,2024-06-11
9652,Agastya Saha,customer9652@example.com,6368565590,Jaipur,2026-05-26
9653,Pooja Lanka,customer9653@example.com,8146078755,Bengaluru,2023-01-31
9654,Nachiket Kurian,customer9654@example.com,8597943269,Nagpur,2024-05-09
9655,Peter Pathak,customer9655@example.com,7605784650,Bhopal,2025-01-03
9656,Teerth Sethi,customer9656@example.com,6840926922,Pune,2026-05-02
9657,Zashil Singh,customer9657@example.com,8534841331,Chennai,2026-01-18
9658,Advika Atwal,customer9658@example.com,9236931396,Jaipur,2026-02-13
9659,Aarush Mahajan,customer9659@example.com,9784588175,Indore,2024-04-15
9660,Eesha Srinivas,customer9660@example.com,8517098134,Jaipur,2026-05-14
9661,Tara Bera,customer9661@example.com,8855099545,Bengaluru,2025-07-27
9662,Gabriel Dhar,customer9662@example.com,6773675482,Kochi,2024-08-04
9663,Michael Mohan,customer9663@example.com,9224164227,Chennai,2024-06-01
9664,Mohini Vig,customer9664@example.com,6913081135,Chandigarh,2025-11-07
9665,Laban Vala,customer9665@example.com,7473397822,Indore,2025-07-16
9666,Nandini Bobal,customer9666@example.com,9853488851,Lucknow,2026-05-07
9667,Aarini Dar,customer9667@example.com,8530211218,Nashik,2025-10-30
9668,Avi Agarwal,customer9668@example.com,9561175616,Chennai,2025-07-27
9669,Rohan Tailor,customer9669@example.com,6141604923,Ahmedabad,2025-07-07
9670,Zaitra Samra,customer9670@example.com,9633599861,Pune,2023-11-15
9671,Gaurika Ram,customer9671@example.com,8185365033,Pune,2023-09-12
9672,Yutika Anne,customer9672@example.com,7909996757,Pune,2025-11-10
9673,Falan Ratti,customer9673@example.com,6515738647,Lucknow,2025-02-05
9674,Dalaja Sodhi,customer9674@example.com,6728921889,Lucknow,2024-01-21
9675,Devansh Dhawan,customer9675@example.com,8538207542,Jaipur,2024-03-21
9676,Rayaan Dasgupta,customer9676@example.com,7791856818,Indore,2025-10-23
9677,Adweta Deol,customer9677@example.com,9800355220,Kochi,2026-05-27
9678,Wazir Prakash,customer9678@example.com,9976141986,Ahmedabad,2023-08-20
9679,Fiyaz Rastogi,customer9679@example.com,7567403307,Jaipur,2025-05-21
9680,Frado Chada,customer9680@example.com,9929884665,Kochi,2026-05-18
9681,Anmol Vig,customer9681@example.com,7824529114,Nashik,2024-08-18
9682,Aarnav Dani,customer9682@example.com,7182042830,Lucknow,2026-06-08
9683,Aarav Varkey,customer9683@example.com,9560676185,Kochi,2023-01-12
9684,Vedika Chauhan,customer9684@example.com,6470260952,Bhopal,2025-11-14
9685,Onkar Baral,customer9685@example.com,9483802814,Nashik,2025-12-19
9686,Unni Chauhan,customer9686@example.com,8255083953,Nagpur,2025-07-09
9687,Urishilla Mangal,customer9687@example.com,8820617781,Mumbai,2025-03-08
9688,Bhavani Kara,customer9688@example.com,7681725529,Kolkata,2024-05-30
9689,Panini Pradhan,customer9689@example.com,7738942480,Ahmedabad,2025-12-24
9690,Ladli Sethi,customer9690@example.com,6497989888,Ahmedabad,2026-03-28
9691,Chaaya Sachar,customer9691@example.com,8568147757,Bengaluru,2023-03-20
9692,Chatresh Narang,customer9692@example.com,9678223763,Delhi,2024-09-11
9693,Gavin Banerjee,customer9693@example.com,9614795009,Ahmedabad,2025-09-04
9694,Charan Singh,customer9694@example.com,8720292428,Kolkata,2024-04-30
9695,Hitesh Taneja,customer9695@example.com,9213230291,Surat,2026-06-09
9696,Ayaan Goda,customer9696@example.com,6882163023,Kochi,2024-12-23
9697,Kashish Bava,customer9697@example.com,8457754251,Bhopal,2024-11-26
9698,Ijaya Mani,customer9698@example.com,9889701208,Delhi,2026-01-17
9699,Nihal Karpe,customer9699@example.com,7426376518,Lucknow,2025-09-14
9700,Bachittar Bumb,customer9700@example.com,7911472402,Nashik,2024-11-30
9701,Orinder Singhal,customer9701@example.com,6356336513,Kochi,2023-05-10
9702,Urvashi Luthra,customer9702@example.com,6994144137,Chandigarh,2024-03-12
9703,Gauri Karpe,customer9703@example.com,9300010135,Kochi,2026-05-26
9704,Ekanta Seth,customer9704@example.com,9861977187,Nagpur,2026-01-13
9705,Aachal Ganesh,customer9705@example.com,7299188587,Jaipur,2023-04-09
9706,Matthew Rajagopal,customer9706@example.com,7926587884,Nagpur,2023-06-01
9707,Noah Bhalla,customer9707@example.com,8261137445,Bengaluru,2023-01-27
9708,Fiyaz Ravel,customer9708@example.com,9212914608,Chennai,2026-02-03
9709,Isaiah Palla,customer9709@example.com,9989052541,Kolkata,2023-03-25
9710,Ridhi Manne,customer9710@example.com,6283475280,Lucknow,2024-04-02
9711,Jeevika Chander,customer9711@example.com,7113423486,Surat,2023-07-25
9712,William Shanker,customer9712@example.com,9197826603,Delhi,2025-05-22
9713,Sachi Sampath,customer9713@example.com,9437273863,Bhopal,2025-06-12
9714,Sara Raghavan,customer9714@example.com,9296032632,Jaipur,2024-03-25
9715,Krisha Agrawal,customer9715@example.com,9630171875,Mumbai,2023-10-29
9716,Hemal Taneja,customer9716@example.com,7249799141,Nagpur,2025-05-30
9717,Tanvi Mitra,customer9717@example.com,8295415646,Jaipur,2025-07-10
9718,Janani Verma,customer9718@example.com,7500602284,Chennai,2024-01-22
9719,Mahika Varty,customer9719@example.com,6533067928,Kolkata,2024-05-07
9720,Anvi Mahajan,customer9720@example.com,7908826965,Mumbai,2025-08-03
9721,Yutika Bhardwaj,customer9721@example.com,6435065248,Jaipur,2023-10-23
9722,Geetika Thakur,customer9722@example.com,9149706531,Nashik,2024-12-13
9723,Onveer Mander,customer9723@example.com,8635767437,Chandigarh,2023-04-03
9724,Ishani Sawhney,customer9724@example.com,6901788246,Jaipur,2026-04-18
9725,Alka Narayanan,customer9725@example.com,8155007085,Mumbai,2024-12-24
9726,Rajeshri Kadakia,customer9726@example.com,8573180509,Lucknow,2023-06-07
9727,Aarna Prakash,customer9727@example.com,6565340430,Surat,2024-12-26
9728,Edhitha Dhillon,customer9728@example.com,9237622579,Kolkata,2023-06-02
9729,Ikbal Chatterjee,customer9729@example.com,8374463315,Mumbai,2025-05-04
9730,Gautam Bhandari,customer9730@example.com,7997945311,Chennai,2024-01-02
9731,Ekavir Warrior,customer9731@example.com,8890547729,Chandigarh,2024-10-02
9732,Nirja Samra,customer9732@example.com,7560914779,Indore,2024-08-11
9733,Tristan Gandhi,customer9733@example.com,9433973340,Lucknow,2024-04-02
9734,Xavier Parikh,customer9734@example.com,7291969146,Nashik,2026-02-18
9735,Jacob Tella,customer9735@example.com,6133832389,Mumbai,2024-01-22
9736,Charles Setty,customer9736@example.com,7103842252,Bengaluru,2024-01-06
9737,Anvi Wali,customer9737@example.com,6221316519,Indore,2025-08-11
9738,Balveer Dugal,customer9738@example.com,6511685030,Kolkata,2026-06-21
9739,Omya Lanka,customer9739@example.com,9188327682,Chennai,2023-05-22
9740,Hiral Tandon,customer9740@example.com,8868040467,Pune,2023-05-29
9741,Abhiram Natt,customer9741@example.com,8568956963,Nashik,2024-12-15
9742,Chaman Gade,customer9742@example.com,6612821563,Indore,2023-12-24
9743,Harsh Dhaliwal,customer9743@example.com,6463529643,Bengaluru,2025-06-03
9744,Baghyawati Singhal,customer9744@example.com,6167514457,Indore,2024-03-25
9745,Ati Sekhon,customer9745@example.com,9772716507,Chandigarh,2024-06-24
9746,Libni Ahluwalia,customer9746@example.com,9964974813,Hyderabad,2024-10-09
9747,Owen Kota,customer9747@example.com,7188294665,Nashik,2024-11-17
9748,Hemang Subramaniam,customer9748@example.com,9989818137,Chennai,2024-05-18
9749,Urvi Gole,customer9749@example.com,7931763485,Jaipur,2023-04-10
9750,Adweta Sani,customer9750@example.com,8457409418,Chandigarh,2025-06-24
9751,Tara Goswami,customer9751@example.com,8242575755,Kolkata,2025-09-24
9752,Gayathri Wason,customer9752@example.com,6959220264,Surat,2023-11-16
9753,Anika Padmanabhan,customer9753@example.com,8697367284,Chandigarh,2026-05-08
9754,Pratyush Sampath,customer9754@example.com,9185413652,Hyderabad,2023-09-16
9755,Priya Thakur,customer9755@example.com,7143889972,Surat,2026-02-18
9756,Triya Singhal,customer9756@example.com,6686539953,Nashik,2023-04-20
9757,Chaaya Mallick,customer9757@example.com,6659324798,Pune,2023-09-25
9758,Yochana Kuruvilla,customer9758@example.com,8807964810,Lucknow,2026-03-06
9759,Chaitaly Biswas,customer9759@example.com,9896047771,Surat,2025-10-17
9760,Arunima Agrawal,customer9760@example.com,9310187589,Hyderabad,2023-11-16
9761,Laban Kala,customer9761@example.com,6264105915,Mumbai,2025-03-15
9762,Aarush Narasimhan,customer9762@example.com,7495620061,Nashik,2023-03-31
9763,Qabil Setty,customer9763@example.com,9862703480,Ahmedabad,2025-08-20
9764,Devansh Joshi,customer9764@example.com,8787830829,Nagpur,2025-11-17
9765,Krisha Krish,customer9765@example.com,6578453555,Delhi,2025-02-24
9766,Indrajit Dua,customer9766@example.com,7252506413,Nashik,2024-09-13
9767,Bhavini Menon,customer9767@example.com,7112601679,Chennai,2026-03-13
9768,Xavier Sami,customer9768@example.com,6406833754,Chandigarh,2023-07-30
9769,Niharika Dani,customer9769@example.com,9409975860,Pune,2026-05-06
9770,Jagvi Rout,customer9770@example.com,9378727455,Nashik,2025-07-07
9771,Laban Deo,customer9771@example.com,6778272145,Ahmedabad,2025-02-25
9772,David Shroff,customer9772@example.com,7276523374,Indore,2025-12-28
9773,Omya Nayak,customer9773@example.com,8711384191,Bengaluru,2024-08-30
9774,Zarna Balan,customer9774@example.com,9731493075,Ahmedabad,2024-06-07
9775,Vincent Chaudry,customer9775@example.com,8894701142,Surat,2025-05-21
9776,Bakhshi Deep,customer9776@example.com,7172107732,Kolkata,2026-01-27
9777,Shivani Mistry,customer9777@example.com,8671888449,Pune,2026-05-07
9778,Yuvraj Bera,customer9778@example.com,9845891191,Bhopal,2025-03-24
9779,Ria Goda,customer9779@example.com,9890275668,Ahmedabad,2024-08-24
9780,Ekansh Yadav,customer9780@example.com,7274764108,Bengaluru,2024-01-30
9781,Neel Mane,customer9781@example.com,7851904169,Indore,2025-12-08
9782,Tanmayi Pandey,customer9782@example.com,6240403206,Surat,2025-10-14
9783,Raghav Bhatnagar,customer9783@example.com,6161571983,Chandigarh,2023-10-31
9784,Kalpit Bose,customer9784@example.com,8972999730,Lucknow,2025-03-26
9785,Akshay Swamy,customer9785@example.com,8702266918,Pune,2023-12-29
9786,Vinaya Zacharia,customer9786@example.com,7797566153,Lucknow,2025-03-19
9787,Megha Saha,customer9787@example.com,9404124513,Mumbai,2026-06-19
9788,Eiravati Misra,customer9788@example.com,7112033923,Bengaluru,2024-04-12
9789,Yashvi Narula,customer9789@example.com,7921812565,Chennai,2025-01-28
9790,Krisha Kata,customer9790@example.com,8503353644,Hyderabad,2024-05-30
9791,Rachita Nanda,customer9791@example.com,8480356468,Nashik,2024-12-23
9792,Fariq Virk,customer9792@example.com,7161446773,Pune,2024-06-22
9793,Noah Vig,customer9793@example.com,9108527870,Pune,2025-08-25
9794,Hamsini Dewan,customer9794@example.com,9504205772,Bhopal,2025-09-09
9795,Onveer Virk,customer9795@example.com,7246761980,Kochi,2026-06-24
9796,Rachita Barman,customer9796@example.com,9548570330,Mumbai,2023-03-19
9797,Anjali Ramakrishnan,customer9797@example.com,7509381175,Delhi,2024-02-21
9798,Parth Yadav,customer9798@example.com,6441854467,Hyderabad,2026-03-12
9799,Bhavini Sen,customer9799@example.com,7824445207,Kolkata,2024-08-18
9800,Falguni Dube,customer9800@example.com,7483362693,Nashik,2025-07-31
9801,Xavier Buch,customer9801@example.com,8826253001,Nagpur,2025-07-11
9802,Oliver Zachariah,customer9802@example.com,7995153120,Hyderabad,2023-04-20
9803,Gavin Ganesh,customer9803@example.com,9826063165,Ahmedabad,2024-07-25
9804,Nathaniel Badal,customer9804@example.com,9199038951,Chandigarh,2023-11-01
9805,Rachana Raj,customer9805@example.com,9286590726,Surat,2025-07-20
9806,Chaaya Date,customer9806@example.com,7422849864,Lucknow,2025-11-25
9807,Vasana Ramachandran,customer9807@example.com,8154738266,Delhi,2025-11-19
9808,Prisha Nigam,customer9808@example.com,6515910514,Hyderabad,2025-03-07
9809,Urishilla Dhawan,customer9809@example.com,8358819440,Kochi,2024-03-28
9810,Kritika Balakrishnan,customer9810@example.com,7268783397,Jaipur,2025-11-26
9811,Mason Ahuja,customer9811@example.com,7813065268,Surat,2023-09-08
9812,Saumya Kara,customer9812@example.com,6235643257,Mumbai,2024-12-15
9813,Raksha Buch,customer9813@example.com,6366848394,Indore,2025-02-19
9814,Niharika Gopal,customer9814@example.com,9730553362,Pune,2023-03-28
9815,Tristan Lata,customer9815@example.com,8570374900,Kochi,2023-02-16
9816,Jyoti Srinivasan,customer9816@example.com,7291705818,Hyderabad,2024-02-29
9817,Hema Sandal,customer9817@example.com,8389668863,Delhi,2023-04-21
9818,Reyansh Dayal,customer9818@example.com,8521143137,Kolkata,2025-11-28
9819,Xalak Bansal,customer9819@example.com,6133389635,Indore,2025-11-23
9820,Aachal Narayanan,customer9820@example.com,8180091860,Chandigarh,2023-07-18
9821,Harinakshi Wali,customer9821@example.com,6432279612,Kochi,2024-11-04
9822,Upma Kamdar,customer9822@example.com,6866639627,Ahmedabad,2025-07-04
9823,Jeremiah Shere,customer9823@example.com,6988494537,Chandigarh,2023-08-26
9824,Jonathan Garde,customer9824@example.com,6227157974,Lucknow,2026-03-04
9825,Sara Bajaj,customer9825@example.com,8679348734,Surat,2024-02-07
9826,Nihal Kumar,customer9826@example.com,7949303987,Kolkata,2024-02-29
9827,Michael Narula,customer9827@example.com,7513959608,Kolkata,2023-06-29
9828,Geetika Mannan,customer9828@example.com,8503216851,Nashik,2024-10-05
9829,Udant Sengupta,customer9829@example.com,7635502780,Hyderabad,2023-10-10
9830,Balvan Memon,customer9830@example.com,6338161403,Bhopal,2025-01-25
9831,Hemang Sagar,customer9831@example.com,9691417776,Chennai,2024-08-23
9832,Ekapad Parsa,customer9832@example.com,9493238104,Chennai,2025-11-07
9833,Bhavika Ratta,customer9833@example.com,6523773287,Indore,2026-03-19
9834,Viraj Wable,customer9834@example.com,6392647132,Bhopal,2025-10-20
9835,Hemal Rai,customer9835@example.com,7153863186,Delhi,2025-11-15
9836,Chameli Mallick,customer9836@example.com,8573074814,Lucknow,2023-01-10
9837,Raagini Tata,customer9837@example.com,6535398149,Nashik,2024-11-28
9838,Sarthak Grover,customer9838@example.com,7861465479,Lucknow,2023-02-20
9839,Ekavir Gaba,customer9839@example.com,9445188545,Bengaluru,2024-05-28
9840,Ganga Pandey,customer9840@example.com,7309794346,Bengaluru,2023-11-08
9841,Raksha Balakrishnan,customer9841@example.com,6958882311,Ahmedabad,2024-04-20
9842,Pallavi Edwin,customer9842@example.com,6362640563,Hyderabad,2023-01-21
9843,Adweta Munshi,customer9843@example.com,7592953805,Chandigarh,2025-10-17
9844,Nathaniel Sama,customer9844@example.com,9961022549,Bengaluru,2024-09-22
9845,Azad Sura,customer9845@example.com,7267381548,Nashik,2024-03-15
9846,Arjun Naidu,customer9846@example.com,9749293542,Jaipur,2026-03-13
9847,Daniel Chada,customer9847@example.com,9673842692,Surat,2023-09-29
9848,Champak Kar,customer9848@example.com,8260998417,Bhopal,2025-06-09
9849,Yasti Balakrishnan,customer9849@example.com,9782101149,Pune,2024-10-21
9850,Wyatt Thaman,customer9850@example.com,9354362543,Ahmedabad,2024-12-15
9851,Gavin Prashad,customer9851@example.com,7942401649,Kochi,2025-06-11
9852,Udarsh Kota,customer9852@example.com,8700195422,Indore,2025-10-05
9853,Panini Bera,customer9853@example.com,9300969453,Kolkata,2025-12-20
9854,Faqid Barad,customer9854@example.com,7674236810,Kochi,2025-07-20
9855,Jackson Pau,customer9855@example.com,6581157253,Bhopal,2025-05-09
9856,Samuel Shankar,customer9856@example.com,7408145189,Chandigarh,2026-05-12
9857,Rudra Nanda,customer9857@example.com,7159039456,Jaipur,2025-10-14
9858,Tara Bail,customer9858@example.com,8297020269,Ahmedabad,2024-03-13
9859,Shivani Swaminathan,customer9859@example.com,8841557627,Ahmedabad,2026-06-01
9860,Yasti Sharma,customer9860@example.com,8146928806,Jaipur,2023-01-24
9861,Eiravati Raj,customer9861@example.com,8679328170,Hyderabad,2024-01-05
9862,Raagini Pillai,customer9862@example.com,8753428631,Jaipur,2023-08-10
9863,Chakrika Pandit,customer9863@example.com,8480588858,Ahmedabad,2025-08-15
9864,Harini Oza,customer9864@example.com,7716669593,Bhopal,2024-04-30
9865,Jhalak Bal,customer9865@example.com,6733234382,Nashik,2023-02-23
9866,Ekiya Khatri,customer9866@example.com,6804441166,Nagpur,2024-01-28
9867,Krish Butala,customer9867@example.com,7848723285,Chandigarh,2023-03-22
9868,Ishwar Mital,customer9868@example.com,8841289578,Kochi,2025-01-13
9869,Bhavini Borde,customer9869@example.com,6968857653,Chennai,2023-05-19
9870,Hemani Dyal,customer9870@example.com,6462991347,Pune,2024-06-25
9871,Karan Peri,customer9871@example.com,8752233333,Hyderabad,2024-04-30
9872,David Setty,customer9872@example.com,6749456446,Jaipur,2024-03-13
9873,Falan Ramesh,customer9873@example.com,7367211208,Bhopal,2023-04-04
9874,Gopal Bhavsar,customer9874@example.com,8800830355,Kochi,2023-08-17
9875,George Mistry,customer9875@example.com,9862284599,Kochi,2024-07-22
9876,Vyanjana Merchant,customer9876@example.com,6785651221,Jaipur,2024-02-13
9877,Ekaja Dixit,customer9877@example.com,9927906587,Hyderabad,2023-03-18
9878,Samarth Baria,customer9878@example.com,6823981700,Kolkata,2026-03-27
9879,Urvashi Rajan,customer9879@example.com,6374838334,Delhi,2023-01-12
9880,Ubika Jain,customer9880@example.com,6345169257,Lucknow,2024-03-24
9881,Yochana Dhaliwal,customer9881@example.com,8892998113,Pune,2024-03-02
9882,Dakshesh Gulati,customer9882@example.com,9505336738,Nashik,2024-03-22
9883,Wyatt Gera,customer9883@example.com,7729971561,Chandigarh,2024-09-25
9884,Om Mane,customer9884@example.com,9308165599,Nashik,2025-11-09
9885,Aditya Ghose,customer9885@example.com,7146985229,Ahmedabad,2023-08-08
9886,Rajata Kaur,customer9886@example.com,7873206240,Pune,2024-01-22
9887,Anthony Krishna,customer9887@example.com,9844102598,Chennai,2023-08-23
9888,Patrick Chakrabarti,customer9888@example.com,9807281687,Indore,2026-03-03
9889,Janaki Gala,customer9889@example.com,8206266568,Hyderabad,2024-03-12
9890,Vanya Nadig,customer9890@example.com,8188453484,Bhopal,2025-12-03
9891,Avi Mandal,customer9891@example.com,8918076865,Hyderabad,2023-09-26
9892,Zayyan Chakrabarti,customer9892@example.com,6634732390,Chennai,2023-03-19
9893,Warjas Dube,customer9893@example.com,9859100350,Chennai,2024-11-01
9894,Chasmum Ray,customer9894@example.com,8898554447,Bengaluru,2026-01-22
9895,Gabriel Chahal,customer9895@example.com,6421473345,Kolkata,2026-04-02
9896,Samar Mittal,customer9896@example.com,7596712517,Ahmedabad,2024-07-20
9897,Adweta Thakkar,customer9897@example.com,7865607483,Mumbai,2024-10-05
9898,Urvashi Biswas,customer9898@example.com,8702928721,Lucknow,2026-01-04
9899,Tanish Sankaran,customer9899@example.com,8633900087,Jaipur,2023-01-17
9900,Triya Sane,customer9900@example.com,9462661256,Hyderabad,2024-01-18
9901,Gagan Grewal,customer9901@example.com,9412197879,Delhi,2023-11-06
9902,William Mannan,customer9902@example.com,6783856543,Jaipur,2023-01-01
9903,Jack Dada,customer9903@example.com,9117108618,Surat,2023-07-31
9904,Atharv Gandhi,customer9904@example.com,8303722428,Nashik,2023-10-31
9905,Samar Thakkar,customer9905@example.com,8822200600,Ahmedabad,2026-03-23
9906,Udarsh Baral,customer9906@example.com,6117181814,Nagpur,2025-03-18
9907,Bimala Mody,customer9907@example.com,9487261296,Nagpur,2023-04-18
9908,Nicholas Vora,customer9908@example.com,8934785186,Kolkata,2023-05-11
9909,Ekaraj Raghavan,customer9909@example.com,8958288596,Ahmedabad,2025-01-22
9910,Chasmum Patel,customer9910@example.com,6764683116,Lucknow,2023-10-05
9911,Raghav Dada,customer9911@example.com,8881162731,Nashik,2026-04-28
9912,Balendra Varghese,customer9912@example.com,6668211697,Indore,2023-06-17
9913,Ekaraj Kalla,customer9913@example.com,8437177030,Indore,2026-03-31
9914,Ekani Ramanathan,customer9914@example.com,7222395015,Mumbai,2026-03-04
9915,Girindra Sathe,customer9915@example.com,6715302358,Nagpur,2024-08-23
9916,Vivaan Sankar,customer9916@example.com,8826404494,Mumbai,2023-12-15
9917,Vrinda Bhagat,customer9917@example.com,7803010023,Bengaluru,2025-07-12
9918,Ekapad Sule,customer9918@example.com,6267341588,Lucknow,2025-09-18
9919,Advay Kalla,customer9919@example.com,7846626312,Kolkata,2026-04-15
9920,Ishwar Toor,customer9920@example.com,7668184637,Ahmedabad,2025-02-26
9921,Bina Banik,customer9921@example.com,8788059284,Delhi,2026-05-20
9922,Ayushman Choudhury,customer9922@example.com,7173370453,Jaipur,2025-12-12
9923,Samesh Dutt,customer9923@example.com,8677570859,Chennai,2024-11-13
9924,Yuvraj Magar,customer9924@example.com,9755735416,Bengaluru,2024-08-25
9925,Jhalak Sani,customer9925@example.com,8478959141,Kochi,2023-04-02
9926,Waida Bose,customer9926@example.com,8715540999,Ahmedabad,2024-11-30
9927,Zilmil Soman,customer9927@example.com,9699327697,Mumbai,2023-04-15
9928,Hemani Bhardwaj,customer9928@example.com,9426845713,Nashik,2023-04-25
9929,Sudiksha Palan,customer9929@example.com,9684320708,Pune,2026-06-07
9930,Ishita Sharaf,customer9930@example.com,6747854908,Lucknow,2025-06-13
9931,Upkaar Borra,customer9931@example.com,6905626188,Lucknow,2026-05-22
9932,Sathvik Dalal,customer9932@example.com,6560045178,Bengaluru,2023-08-28
9933,Atharv Hayre,customer9933@example.com,6548295509,Jaipur,2023-06-15
9934,Yahvi Bose,customer9934@example.com,7932110319,Bengaluru,2024-08-15
9935,Christopher Mutti,customer9935@example.com,6748036798,Hyderabad,2025-07-13
9936,Azaan Guha,customer9936@example.com,9628175734,Ahmedabad,2023-04-07
9937,Samesh Bhasin,customer9937@example.com,6452164436,Kochi,2024-12-08
9938,Mohini Shenoy,customer9938@example.com,7833266581,Lucknow,2025-07-15
9939,Agastya Pai,customer9939@example.com,8489389023,Surat,2024-04-25
9940,Neha Ranganathan,customer9940@example.com,7292545173,Ahmedabad,2024-07-20
9941,Yatan Devan,customer9941@example.com,9259067731,Jaipur,2025-02-03
9942,Tejas Shenoy,customer9942@example.com,7232338899,Kochi,2025-05-15
9943,Ayush Tailor,customer9943@example.com,7436755273,Ahmedabad,2025-01-11
9944,Eesha Virk,customer9944@example.com,9718098730,Bhopal,2025-05-23
9945,Avi Tandon,customer9945@example.com,8821383340,Delhi,2025-05-29
9946,Anusha Bava,customer9946@example.com,7530003878,Nashik,2024-08-29
9947,Rudra Krish,customer9947@example.com,9933204437,Chennai,2024-12-19
9948,Tarak Misra,customer9948@example.com,6443561958,Bengaluru,2025-04-25
9949,Azaan Ravi,customer9949@example.com,8502544612,Bhopal,2023-06-02
9950,Vritti Memon,customer9950@example.com,6191482301,Mumbai,2023-11-01
9951,Reyansh Garg,customer9951@example.com,8559916973,Lucknow,2024-05-26
9952,Upadhriti Nayak,customer9952@example.com,8771736548,Pune,2024-11-10
9953,Waida Grewal,customer9953@example.com,8827387349,Pune,2024-05-27
9954,Ekta Dhaliwal,customer9954@example.com,9877254065,Bhopal,2023-05-25
9955,Geetika Mahal,customer9955@example.com,9988669917,Lucknow,2023-12-26
9956,Diya Chowdhury,customer9956@example.com,8792499596,Ahmedabad,2024-12-27
9957,Ishwar Salvi,customer9957@example.com,7740733926,Hyderabad,2025-08-17
9958,Tanish Mukhopadhyay,customer9958@example.com,7206256288,Chennai,2024-10-15
9959,Wahab Sangha,customer9959@example.com,7656579088,Ahmedabad,2024-08-09
9960,Samuel Suresh,customer9960@example.com,7559945904,Bhopal,2025-12-29
9961,Meghana Hans,customer9961@example.com,8834533318,Hyderabad,2023-08-22
9962,Wridesh Wali,customer9962@example.com,8535563978,Nagpur,2024-06-19
9963,Bachittar Kuruvilla,customer9963@example.com,7913411182,Nashik,2025-12-26
9964,Nisha Kumer,customer9964@example.com,9889691644,Nashik,2024-02-10
9965,Januja Venkataraman,customer9965@example.com,8416910300,Ahmedabad,2025-03-07
9966,Odika Sama,customer9966@example.com,9801221575,Delhi,2023-03-21
9967,Zansi Sankar,customer9967@example.com,7105888932,Hyderabad,2023-08-22
9968,Amaira Chaudhari,customer9968@example.com,7878206221,Lucknow,2024-10-18
9969,Vihaan Swaminathan,customer9969@example.com,6988065553,Mumbai,2026-03-17
9970,Kalpit Barad,customer9970@example.com,8874467740,Lucknow,2023-03-04
9971,Vedant Cherian,customer9971@example.com,6500861437,Bhopal,2024-07-22
9972,Gaurangi Pai,customer9972@example.com,6279881286,Chandigarh,2025-10-03
9973,Riya Srivastava,customer9973@example.com,8414086714,Kochi,2023-07-18
9974,Baljiwan Dara,customer9974@example.com,9572110958,Lucknow,2023-01-06
9975,Ishita Varghese,customer9975@example.com,9488988634,Ahmedabad,2025-03-31
9976,Aayush Varghese,customer9976@example.com,7145820409,Mumbai,2023-01-04
9977,Indrajit Luthra,customer9977@example.com,6216268996,Mumbai,2023-01-31
9978,Fariq Pingle,customer9978@example.com,6182963742,Hyderabad,2024-12-09
9979,Pranav Chowdhury,customer9979@example.com,8394799602,Kolkata,2025-01-17
9980,Tanish Raghavan,customer9980@example.com,9131774078,Surat,2024-05-15
9981,Elijah Sachdeva,customer9981@example.com,8998904229,Surat,2024-12-23
9982,Jagat Chaudry,customer9982@example.com,6839008460,Chennai,2023-06-10
9983,Libni Balasubramanian,customer9983@example.com,6464357676,Bengaluru,2024-06-15
9984,Keya Borra,customer9984@example.com,8382892286,Kochi,2024-04-01
9985,Zaitra Ganesan,customer9985@example.com,8895763584,Bhopal,2023-02-21
9986,Anthony Natarajan,customer9986@example.com,7400895910,Mumbai,2024-09-05
9987,Harinakshi Madan,customer9987@example.com,8846861989,Chennai,2026-05-10
9988,Indali Kuruvilla,customer9988@example.com,6340449880,Pune,2024-06-03
9989,Mitali Tella,customer9989@example.com,8638238751,Jaipur,2025-11-16
9990,Ladli Toor,customer9990@example.com,8148016239,Kochi,2024-08-07
9991,Vincent Tata,customer9991@example.com,8390764718,Nashik,2025-06-16
9992,Gaurav Loke,customer9992@example.com,8852095029,Kochi,2024-12-25
9993,Rushil Mannan,customer9993@example.com,7687433436,Kolkata,2025-10-20
9994,Divya Mand,customer9994@example.com,9773661253,Lucknow,2024-01-30
9995,Irya Roy,customer9995@example.com,8241665465,Nashik,2023-11-18
9996,Ayush Andra,customer9996@example.com,6456500297,Bengaluru,2023-09-23
9997,Abhimanyu Chadha,customer9997@example.com,8467773719,Surat,2023-11-25
9998,Odika Devan,customer9998@example.com,7171096183,Delhi,2023-07-15
9999,Watika Doctor,customer9999@example.com,8593236855,Surat,2024-09-04
10000,Krisha Sinha,customer10000@example.com,7216224626,Nashik,2023-11-17
